date,NASDAQ,S&P 500,ETF,Clean Energy,Renewable Energy,Clean Tech Stocks
2014-01-01,8.0,8.0,0.0,21.0,22.0,25.0,5.0
2014-01-02,16.0,11.0,0.0,35.0,34.0,44.0,8.0
2014-01-03,16.0,9.0,0.0,33.0,37.0,42.0,7.0
2014-01-04,7.0,5.0,0.0,23.0,20.0,33.0,7.0
2014-01-05,6.0,4.0,0.0,24.0,22.0,39.0,6.0
2014-01-06,15.0,9.0,0.0,35.0,46.0,61.0,8.0
2014-01-07,17.0,9.0,0.0,35.0,47.0,68.0,9.0
2014-01-08,18.0,9.0,0.0,35.0,49.0,73.0,7.0
2014-01-09,18.0,9.0,0.0,39.0,46.0,70.0,8.0
2014-01-10,18.0,9.0,0.0,35.0,46.0,61.0,8.0
2014-01-11,7.0,5.0,0.0,25.0,20.0,35.0,5.0
2014-01-12,6.0,4.0,0.0,27.0,29.0,42.0,4.0
2014-01-13,17.0,10.0,0.0,33.0,46.0,67.0,7.0
2014-01-14,20.0,11.0,0.0,36.0,53.0,66.0,7.0
2014-01-15,18.0,10.0,0.0,38.0,51.0,68.0,7.0
2014-01-16,20.0,10.0,0.0,35.0,46.0,69.0,7.0
2014-01-17,19.0,9.0,0.0,33.0,49.0,67.0,6.0
2014-01-18,8.0,5.0,0.0,23.0,18.0,37.0,4.0
2014-01-19,6.0,4.0,0.0,21.0,18.0,42.0,4.0
2014-01-20,14.0,7.0,0.0,29.0,41.0,66.0,7.0
2014-01-21,19.0,8.0,0.0,34.0,45.0,70.0,7.0
2014-01-22,20.0,10.0,0.0,35.0,48.0,66.0,8.0
2014-01-23,21.0,10.0,0.0,35.0,47.0,72.0,8.0
2014-01-24,20.0,12.0,0.0,38.0,41.0,64.0,8.0
2014-01-25,8.0,6.0,0.0,20.0,23.0,37.0,5.0
2014-01-26,6.0,5.0,0.0,23.0,27.0,43.0,5.0
2014-01-27,21.0,11.0,0.0,35.0,46.0,69.0,9.0
2014-01-28,20.0,12.0,0.0,35.0,43.0,69.0,8.0
2014-01-29,20.0,11.0,0.0,35.0,40.0,73.0,8.0
2014-01-30,21.0,11.0,0.0,33.0,49.0,76.0,7.0
2014-01-31,20.0,11.0,0.0,31.0,45.0,58.0,7.0
2014-02-01,8.0,6.0,0.0,20.0,29.0,37.0,5.0
2014-02-02,6.0,5.0,0.0,19.0,23.0,48.0,4.0
2014-02-03,18.0,13.0,0.0,33.0,42.0,70.0,7.0
2014-02-04,22.0,14.0,0.0,37.0,53.0,71.0,7.0
2014-02-05,20.0,11.0,0.0,32.0,44.0,75.0,6.0
2014-02-06,18.0,11.0,0.0,31.0,49.0,77.0,7.0
2014-02-07,19.0,11.0,0.0,33.0,39.0,62.0,7.0
2014-02-08,8.0,5.0,0.0,20.0,24.0,37.0,5.0
2014-02-09,6.0,5.0,0.0,21.0,23.0,48.0,5.0
2014-02-10,18.0,9.0,0.0,31.0,42.0,74.0,8.0
2014-02-11,19.0,11.0,0.0,31.0,49.0,83.0,8.0
2014-02-12,20.0,10.0,0.0,30.0,55.0,70.0,7.0
2014-02-13,19.0,9.0,0.0,31.0,37.0,69.0,6.0
2014-02-14,18.0,9.0,0.0,29.0,46.0,55.0,6.0
2014-02-15,7.0,5.0,0.0,20.0,19.0,36.0,4.0
2014-02-16,10.0,4.0,0.0,19.0,19.0,47.0,4.0
2014-02-17,14.0,7.0,0.0,25.0,47.0,69.0,7.0
2014-02-18,19.0,9.0,0.0,33.0,51.0,77.0,7.0
2014-02-19,21.0,10.0,0.0,32.0,54.0,69.0,7.0
2014-02-20,19.0,10.0,0.0,30.0,47.0,74.0,6.0
2014-02-21,18.0,9.0,0.0,30.0,41.0,58.0,6.0
2014-02-22,8.0,5.0,0.0,18.0,23.0,35.0,4.0
2014-02-23,6.0,5.0,0.0,19.0,29.0,48.0,4.0
2014-02-24,18.0,11.0,0.0,32.0,45.0,79.0,7.0
2014-02-25,19.0,11.0,0.0,39.0,55.0,71.0,7.0
2014-02-26,21.0,11.0,0.0,33.0,53.0,79.0,7.0
2014-02-27,21.0,10.0,0.0,32.0,52.0,77.0,7.0
2014-02-28,19.0,11.0,0.0,31.0,48.0,59.0,7.0
2014-03-01,8.0,6.0,0.0,20.0,20.0,33.0,6.0
2014-03-02,6.0,5.0,0.0,19.0,34.0,46.0,5.0
2014-03-03,19.0,12.0,0.0,40.0,41.0,70.0,9.0
2014-03-04,20.0,13.0,0.0,37.0,53.0,78.0,9.0
2014-03-05,21.0,12.0,0.0,36.0,53.0,77.0,7.0
2014-03-06,20.0,11.0,0.0,33.0,59.0,75.0,6.0
2014-03-07,20.0,11.0,0.0,32.0,45.0,63.0,6.0
2014-03-08,7.0,5.0,0.0,17.0,28.0,41.0,4.0
2014-03-09,6.0,5.0,0.0,20.0,23.0,52.0,4.0
2014-03-10,18.0,10.0,0.0,32.0,55.0,78.0,6.0
2014-03-11,21.0,9.0,0.0,34.0,50.0,77.0,6.0
2014-03-12,18.0,9.0,0.0,32.0,56.0,78.0,7.0
2014-03-13,19.0,10.0,0.0,31.0,50.0,76.0,6.0
2014-03-14,18.0,11.0,0.0,31.0,50.0,60.0,6.0
2014-03-15,7.0,4.0,0.0,20.0,22.0,38.0,4.0
2014-03-16,6.0,5.0,0.0,19.0,28.0,46.0,4.0
2014-03-17,18.0,10.0,0.0,29.0,47.0,76.0,6.0
2014-03-18,17.0,10.0,0.0,34.0,43.0,69.0,6.0
2014-03-19,18.0,10.0,0.0,38.0,50.0,72.0,6.0
2014-03-20,17.0,9.0,0.0,35.0,50.0,75.0,5.0
2014-03-21,17.0,10.0,0.0,33.0,43.0,66.0,6.0
2014-03-22,7.0,5.0,0.0,19.0,23.0,42.0,4.0
2014-03-23,6.0,4.0,0.0,20.0,26.0,48.0,4.0
2014-03-24,19.0,9.0,0.0,31.0,53.0,74.0,6.0
2014-03-25,18.0,9.0,0.0,31.0,49.0,79.0,7.0
2014-03-26,20.0,10.0,0.0,31.0,55.0,69.0,6.0
2014-03-27,20.0,10.0,0.0,29.0,50.0,85.0,5.0
2014-03-28,19.0,8.0,0.0,29.0,41.0,64.0,5.0
2014-03-29,6.0,4.0,0.0,18.0,19.0,39.0,3.0
2014-03-30,6.0,5.0,0.0,19.0,24.0,48.0,3.0
2014-03-31,18.0,10.0,0.0,30.0,47.0,76.0,6.0
2014-04-01,20.0,10.0,0.0,30.0,48.0,73.0,5.0
2014-04-02,20.0,12.0,0.0,35.0,56.0,79.0,6.0
2014-04-03,20.0,10.0,0.0,30.0,53.0,77.0,6.0
2014-04-04,23.0,10.0,0.0,33.0,53.0,63.0,5.0
2014-04-05,10.0,5.0,0.0,18.0,24.0,41.0,3.0
2014-04-06,8.0,4.0,0.0,19.0,29.0,48.0,3.0
2014-04-07,21.0,11.0,0.0,32.0,49.0,79.0,5.0
2014-04-08,20.0,11.0,0.0,30.0,43.0,71.0,5.0
2014-04-09,18.0,11.0,0.0,31.0,57.0,73.0,5.0
2014-04-10,24.0,11.0,0.0,32.0,48.0,70.0,5.0
2014-04-11,25.0,12.0,0.0,32.0,47.0,61.0,5.0
2014-04-12,9.0,6.0,0.0,18.0,17.0,37.0,3.0
2014-04-13,7.0,4.0,0.0,17.0,23.0,49.0,3.0
2014-04-14,19.0,11.0,0.0,26.0,49.0,65.0,5.0
2014-04-15,22.0,11.0,0.0,30.0,55.0,67.0,5.0
2014-04-16,20.0,11.0,0.0,29.0,49.0,71.0,6.0
2014-04-17,22.0,11.0,0.0,27.0,45.0,65.0,5.0
2014-04-18,13.0,7.0,0.0,19.0,29.0,45.0,4.0
2014-04-19,6.0,4.0,0.0,16.0,23.0,35.0,3.0
2014-04-20,6.0,4.0,0.0,16.0,26.0,40.0,3.0
2014-04-21,16.0,10.0,0.0,25.0,48.0,70.0,5.0
2014-04-22,18.0,10.0,0.0,29.0,55.0,79.0,5.0
2014-04-23,20.0,9.0,0.0,30.0,45.0,78.0,5.0
2014-04-24,20.0,10.0,0.0,27.0,50.0,73.0,5.0
2014-04-25,16.0,9.0,0.0,27.0,43.0,67.0,5.0
2014-04-26,7.0,4.0,0.0,17.0,27.0,41.0,3.0
2014-04-27,6.0,4.0,0.0,16.0,30.0,54.0,3.0
2014-04-28,18.0,9.0,0.0,28.0,50.0,75.0,5.0
2014-04-29,19.0,9.0,0.0,27.0,51.0,82.0,5.0
2014-04-30,17.0,9.0,0.0,26.0,55.0,82.0,5.0
2014-05-01,17.0,9.0,0.0,25.0,53.0,75.0,6.0
2014-05-02,17.0,8.0,0.0,27.0,49.0,63.0,5.0
2014-05-03,6.0,4.0,0.0,17.0,20.0,37.0,3.0
2014-05-04,5.0,4.0,0.0,16.0,24.0,42.0,3.0
2014-05-05,16.0,9.0,0.0,26.0,57.0,69.0,6.0
2014-05-06,17.0,9.0,0.0,28.0,51.0,79.0,5.0
2014-05-07,20.0,9.0,0.0,29.0,52.0,74.0,4.0
2014-05-08,20.0,9.0,0.0,26.0,47.0,78.0,5.0
2014-05-09,16.0,7.0,0.0,27.0,52.0,64.0,5.0
2014-05-10,7.0,4.0,0.0,15.0,24.0,33.0,3.0
2014-05-11,6.0,3.0,0.0,17.0,18.0,42.0,2.0
2014-05-12,16.0,9.0,0.0,29.0,59.0,91.0,4.0
2014-05-13,17.0,11.0,0.0,29.0,56.0,80.0,5.0
2014-05-14,16.0,8.0,0.0,29.0,47.0,80.0,4.0
2014-05-15,16.0,9.0,0.0,31.0,52.0,71.0,4.0
2014-05-16,15.0,7.0,0.0,27.0,45.0,63.0,4.0
2014-05-17,6.0,4.0,0.0,17.0,25.0,38.0,3.0
2014-05-18,5.0,4.0,0.0,18.0,23.0,42.0,3.0
2014-05-19,16.0,7.0,0.0,28.0,49.0,74.0,5.0
2014-05-20,16.0,9.0,0.0,29.0,51.0,78.0,4.0
2014-05-21,16.0,7.0,0.0,27.0,48.0,75.0,4.0
2014-05-22,18.0,8.0,0.0,28.0,49.0,74.0,4.0
2014-05-23,15.0,8.0,0.0,26.0,43.0,64.0,5.0
2014-05-24,6.0,4.0,0.0,15.0,19.0,40.0,3.0
2014-05-25,5.0,3.0,0.0,16.0,26.0,36.0,2.0
2014-05-26,10.0,4.0,0.0,21.0,37.0,52.0,3.0
2014-05-27,16.0,10.0,0.0,28.0,50.0,73.0,4.0
2014-05-28,16.0,10.0,0.0,27.0,40.0,77.0,4.0
2014-05-29,16.0,10.0,0.0,27.0,46.0,70.0,4.0
2014-05-30,14.0,9.0,0.0,28.0,54.0,58.0,4.0
2014-05-31,7.0,5.0,0.0,17.0,20.0,37.0,3.0
2014-06-01,5.0,4.0,0.0,17.0,26.0,46.0,2.0
2014-06-02,14.0,9.0,0.0,26.0,55.0,75.0,4.0
2014-06-03,16.0,9.0,0.0,28.0,60.0,78.0,4.0
2014-06-04,16.0,8.0,0.0,27.0,48.0,70.0,4.0
2014-06-05,16.0,9.0,0.0,29.0,54.0,67.0,4.0
2014-06-06,14.0,9.0,0.0,29.0,50.0,57.0,4.0
2014-06-07,6.0,5.0,0.0,17.0,27.0,33.0,3.0
2014-06-08,5.0,4.0,0.0,18.0,22.0,39.0,3.0
2014-06-09,16.0,9.0,0.0,29.0,35.0,67.0,4.0
2014-06-10,16.0,9.0,0.0,30.0,57.0,65.0,5.0
2014-06-11,15.0,9.0,0.0,29.0,51.0,67.0,4.0
2014-06-12,17.0,9.0,0.0,28.0,54.0,65.0,6.0
2014-06-13,15.0,8.0,0.0,26.0,35.0,54.0,8.0
2014-06-14,6.0,3.0,0.0,17.0,21.0,33.0,5.0
2014-06-15,4.0,4.0,0.0,17.0,17.0,41.0,4.0
2014-06-16,13.0,7.0,0.0,25.0,50.0,59.0,7.0
2014-06-17,14.0,7.0,0.0,28.0,47.0,63.0,6.0
2014-06-18,15.0,9.0,0.0,28.0,53.0,61.0,7.0
2014-06-19,17.0,11.0,0.0,29.0,43.0,58.0,7.0
2014-06-20,14.0,10.0,0.0,28.0,38.0,53.0,6.0
2014-06-21,6.0,5.0,0.0,18.0,23.0,35.0,4.0
2014-06-22,5.0,3.0,0.0,17.0,24.0,36.0,4.0
2014-06-23,13.0,8.0,0.0,30.0,50.0,62.0,6.0
2014-06-24,15.0,9.0,0.0,28.0,45.0,58.0,6.0
2014-06-25,15.0,9.0,0.0,27.0,51.0,57.0,6.0
2014-06-26,16.0,8.0,0.0,26.0,40.0,55.0,5.0
2014-06-27,16.0,7.0,0.0,26.0,39.0,52.0,5.0
2014-06-28,5.0,4.0,0.0,16.0,18.0,29.0,4.0
2014-06-29,5.0,4.0,0.0,18.0,23.0,33.0,3.0
2014-06-30,15.0,8.0,0.0,28.0,46.0,62.0,5.0
2014-07-01,16.0,8.0,0.0,27.0,40.0,55.0,4.0
2014-07-02,16.0,9.0,0.0,29.0,41.0,49.0,5.0
2014-07-03,17.0,10.0,0.0,28.0,43.0,53.0,5.0
2014-07-04,8.0,5.0,0.0,21.0,32.0,44.0,3.0
2014-07-05,4.0,3.0,0.0,17.0,18.0,31.0,3.0
2014-07-06,5.0,4.0,0.0,18.0,22.0,37.0,3.0
2014-07-07,13.0,8.0,0.0,32.0,51.0,58.0,4.0
2014-07-08,17.0,9.0,0.0,32.0,39.0,53.0,5.0
2014-07-09,13.0,9.0,0.0,33.0,50.0,49.0,4.0
2014-07-10,16.0,9.0,0.0,34.0,49.0,54.0,5.0
2014-07-11,13.0,8.0,0.0,28.0,48.0,49.0,5.0
2014-07-12,5.0,4.0,0.0,17.0,23.0,31.0,3.0
2014-07-13,4.0,3.0,0.0,17.0,16.0,34.0,3.0
2014-07-14,13.0,10.0,0.0,27.0,44.0,56.0,6.0
2014-07-15,17.0,9.0,0.0,29.0,43.0,60.0,5.0
2014-07-16,16.0,9.0,0.0,29.0,46.0,57.0,6.0
2014-07-17,17.0,8.0,0.0,28.0,45.0,53.0,5.0
2014-07-18,17.0,9.0,0.0,27.0,42.0,44.0,5.0
2014-07-19,6.0,4.0,0.0,15.0,20.0,34.0,4.0
2014-07-20,5.0,3.0,0.0,16.0,23.0,29.0,4.0
2014-07-21,15.0,9.0,0.0,25.0,52.0,55.0,5.0
2014-07-22,17.0,9.0,0.0,28.0,49.0,54.0,4.0
2014-07-23,17.0,10.0,0.0,29.0,41.0,58.0,4.0
2014-07-24,18.0,9.0,0.0,28.0,48.0,57.0,4.0
2014-07-25,15.0,9.0,0.0,27.0,32.0,46.0,4.0
2014-07-26,7.0,4.0,0.0,17.0,16.0,30.0,3.0
2014-07-27,5.0,5.0,0.0,16.0,27.0,30.0,3.0
2014-07-28,14.0,10.0,0.0,27.0,34.0,48.0,5.0
2014-07-29,16.0,9.0,0.0,29.0,41.0,60.0,5.0
2014-07-30,17.0,9.0,0.0,28.0,39.0,60.0,5.0
2014-07-31,20.0,12.0,0.0,30.0,38.0,49.0,6.0
2014-08-01,17.0,14.0,0.0,29.0,42.0,42.0,5.0
2014-08-02,6.0,6.0,0.0,17.0,20.0,27.0,4.0
2014-08-03,5.0,4.0,0.0,17.0,29.0,34.0,3.0
2014-08-04,13.0,10.0,0.0,27.0,45.0,52.0,5.0
2014-08-05,17.0,10.0,0.0,28.0,47.0,54.0,6.0
2014-08-06,16.0,12.0,0.0,29.0,49.0,58.0,6.0
2014-08-07,17.0,10.0,0.0,27.0,44.0,57.0,6.0
2014-08-08,14.0,10.0,0.0,28.0,40.0,42.0,6.0
2014-08-09,6.0,5.0,0.0,17.0,22.0,30.0,4.0
2014-08-10,5.0,4.0,0.0,17.0,16.0,35.0,3.0
2014-08-11,15.0,9.0,0.0,27.0,38.0,55.0,6.0
2014-08-12,15.0,9.0,0.0,27.0,44.0,60.0,6.0
2014-08-13,15.0,9.0,0.0,27.0,39.0,51.0,7.0
2014-08-14,15.0,9.0,0.0,27.0,43.0,53.0,7.0
2014-08-15,14.0,9.0,0.0,27.0,33.0,44.0,6.0
2014-08-16,6.0,4.0,0.0,17.0,10.0,29.0,4.0
2014-08-17,4.0,4.0,0.0,17.0,23.0,37.0,4.0
2014-08-18,15.0,10.0,0.0,26.0,39.0,56.0,7.0
2014-08-19,17.0,10.0,0.0,27.0,42.0,61.0,7.0
2014-08-20,17.0,10.0,0.0,29.0,43.0,61.0,7.0
2014-08-21,15.0,11.0,0.0,29.0,52.0,58.0,7.0
2014-08-22,15.0,11.0,0.0,28.0,39.0,48.0,7.0
2014-08-23,6.0,5.0,0.0,17.0,21.0,32.0,4.0
2014-08-24,5.0,4.0,0.0,17.0,23.0,36.0,4.0
2014-08-25,15.0,13.0,0.0,27.0,38.0,56.0,7.0
2014-08-26,16.0,14.0,0.0,29.0,47.0,59.0,6.0
2014-08-27,16.0,12.0,0.0,29.0,41.0,65.0,6.0
2014-08-28,14.0,11.0,0.0,27.0,41.0,59.0,6.0
2014-08-29,13.0,10.0,0.0,27.0,38.0,55.0,5.0
2014-08-30,6.0,5.0,0.0,16.0,25.0,37.0,3.0
2014-08-31,5.0,4.0,0.0,18.0,22.0,38.0,3.0
2014-09-01,10.0,5.0,0.0,20.0,30.0,51.0,5.0
2014-09-02,15.0,11.0,0.0,29.0,46.0,63.0,7.0
2014-09-03,17.0,10.0,0.0,30.0,36.0,63.0,7.0
2014-09-04,16.0,11.0,0.0,29.0,43.0,63.0,7.0
2014-09-05,16.0,11.0,0.0,28.0,44.0,57.0,5.0
2014-09-06,6.0,5.0,0.0,17.0,24.0,34.0,4.0
2014-09-07,6.0,4.0,0.0,18.0,22.0,39.0,3.0
2014-09-08,15.0,9.0,0.0,29.0,49.0,68.0,8.0
2014-09-09,19.0,10.0,0.0,28.0,55.0,67.0,7.0
2014-09-10,17.0,10.0,0.0,29.0,39.0,65.0,7.0
2014-09-11,17.0,10.0,0.0,28.0,44.0,67.0,8.0
2014-09-12,16.0,9.0,0.0,31.0,44.0,51.0,7.0
2014-09-13,6.0,4.0,0.0,18.0,20.0,34.0,5.0
2014-09-14,5.0,4.0,0.0,16.0,26.0,45.0,4.0
2014-09-15,18.0,10.0,0.0,28.0,44.0,63.0,8.0
2014-09-16,19.0,10.0,0.0,30.0,48.0,69.0,8.0
2014-09-17,18.0,9.0,0.0,28.0,52.0,69.0,8.0
2014-09-18,17.0,11.0,0.0,31.0,52.0,68.0,8.0
2014-09-19,20.0,9.0,0.0,31.0,52.0,57.0,8.0
2014-09-20,8.0,5.0,0.0,19.0,28.0,36.0,4.0
2014-09-21,6.0,4.0,0.0,19.0,26.0,44.0,4.0
2014-09-22,17.0,10.0,0.0,31.0,57.0,68.0,8.0
2014-09-23,16.0,10.0,0.0,30.0,52.0,73.0,8.0
2014-09-24,17.0,10.0,0.0,33.0,52.0,81.0,8.0
2014-09-25,18.0,11.0,0.0,33.0,49.0,68.0,8.0
2014-09-26,17.0,11.0,0.0,31.0,46.0,59.0,7.0
2014-09-27,6.0,5.0,0.0,16.0,18.0,37.0,4.0
2014-09-28,5.0,4.0,0.0,17.0,26.0,44.0,4.0
2014-09-29,16.0,10.0,0.0,30.0,45.0,67.0,7.0
2014-09-30,17.0,10.0,0.0,31.0,55.0,72.0,9.0
2014-10-01,18.0,12.0,0.0,33.0,44.0,67.0,10.0
2014-10-02,18.0,13.0,0.0,33.0,52.0,62.0,11.0
2014-10-03,17.0,11.0,0.0,31.0,43.0,54.0,11.0
2014-10-04,6.0,5.0,0.0,18.0,22.0,34.0,7.0
2014-10-05,5.0,4.0,0.0,18.0,20.0,36.0,6.0
2014-10-06,16.0,10.0,0.0,30.0,46.0,63.0,10.0
2014-10-07,18.0,12.0,0.0,32.0,54.0,74.0,11.0
2014-10-08,18.0,13.0,0.0,32.0,52.0,68.0,12.0
2014-10-09,20.0,13.0,0.0,32.0,47.0,67.0,14.0
2014-10-10,21.0,15.0,0.0,33.0,42.0,62.0,17.0
2014-10-11,9.0,7.0,0.0,19.0,30.0,41.0,10.0
2014-10-12,7.0,6.0,0.0,17.0,24.0,42.0,8.0
2014-10-13,21.0,15.0,0.0,34.0,51.0,67.0,18.0
2014-10-14,21.0,19.0,0.0,36.0,57.0,78.0,23.0
2014-10-15,24.0,23.0,0.0,43.0,49.0,72.0,30.0
2014-10-16,23.0,21.0,0.0,43.0,54.0,69.0,26.0
2014-10-17,19.0,17.0,0.0,33.0,43.0,59.0,21.0
2014-10-18,8.0,7.0,0.0,18.0,27.0,36.0,12.0
2014-10-19,7.0,5.0,0.0,17.0,29.0,46.0,11.0
2014-10-20,19.0,14.0,0.0,30.0,53.0,73.0,21.0
2014-10-21,20.0,15.0,0.0,35.0,40.0,76.0,19.0
2014-10-22,21.0,14.0,0.0,31.0,45.0,74.0,17.0
2014-10-23,20.0,14.0,0.0,31.0,48.0,63.0,17.0
2014-10-24,18.0,13.0,0.0,28.0,40.0,57.0,15.0
2014-10-25,7.0,6.0,0.0,17.0,24.0,34.0,10.0
2014-10-26,6.0,4.0,0.0,17.0,28.0,44.0,9.0
2014-10-27,18.0,13.0,0.0,31.0,48.0,70.0,20.0
2014-10-28,19.0,13.0,0.0,32.0,50.0,72.0,21.0
2014-10-29,20.0,13.0,0.0,30.0,54.0,72.0,18.0
2014-10-30,20.0,12.0,0.0,32.0,48.0,68.0,16.0
2014-10-31,19.0,16.0,0.0,38.0,38.0,57.0,17.0
2014-11-01,7.0,7.0,0.0,21.0,24.0,34.0,12.0
2014-11-02,6.0,6.0,0.0,20.0,23.0,52.0,10.0
2014-11-03,19.0,13.0,0.0,34.0,45.0,76.0,19.0
2014-11-04,19.0,13.0,0.0,35.0,47.0,77.0,29.0
2014-11-05,21.0,14.0,0.0,37.0,52.0,76.0,25.0
2014-11-06,21.0,13.0,0.0,39.0,48.0,74.0,23.0
2014-11-07,19.0,12.0,0.0,35.0,43.0,63.0,17.0
2014-11-08,8.0,6.0,0.0,21.0,21.0,44.0,11.0
2014-11-09,5.0,4.0,0.0,20.0,24.0,50.0,10.0
2014-11-10,17.0,12.0,0.0,34.0,52.0,77.0,17.0
2014-11-11,19.0,13.0,0.0,36.0,42.0,75.0,17.0
2014-11-12,20.0,13.0,0.0,35.0,47.0,84.0,16.0
2014-11-13,19.0,12.0,0.0,36.0,63.0,77.0,23.0
2014-11-14,18.0,11.0,0.0,36.0,39.0,69.0,23.0
2014-11-15,7.0,6.0,0.0,19.0,21.0,42.0,14.0
2014-11-16,6.0,5.0,0.0,21.0,23.0,48.0,11.0
2014-11-17,18.0,11.0,0.0,34.0,52.0,85.0,21.0
2014-11-18,18.0,13.0,0.0,35.0,46.0,84.0,21.0
2014-11-19,19.0,12.0,0.0,35.0,51.0,81.0,19.0
2014-11-20,17.0,12.0,0.0,31.0,61.0,80.0,17.0
2014-11-21,17.0,13.0,0.0,33.0,45.0,68.0,15.0
2014-11-22,6.0,6.0,0.0,19.0,22.0,40.0,10.0
2014-11-23,5.0,5.0,0.0,20.0,23.0,48.0,9.0
2014-11-24,17.0,11.0,0.0,33.0,53.0,74.0,17.0
2014-11-25,17.0,12.0,0.0,33.0,43.0,72.0,16.0
2014-11-26,16.0,10.0,0.0,33.0,33.0,71.0,16.0
2014-11-27,11.0,6.0,0.0,28.0,28.0,58.0,27.0
2014-11-28,14.0,7.0,0.0,34.0,26.0,52.0,44.0
2014-11-29,7.0,5.0,0.0,23.0,25.0,33.0,29.0
2014-11-30,6.0,4.0,0.0,25.0,28.0,49.0,24.0
2014-12-01,16.0,11.0,0.0,38.0,44.0,75.0,45.0
2014-12-02,17.0,12.0,0.0,39.0,64.0,78.0,43.0
2014-12-03,18.0,11.0,0.0,38.0,56.0,76.0,37.0
2014-12-04,16.0,11.0,0.0,41.0,44.0,75.0,35.0
2014-12-05,16.0,11.0,0.0,38.0,44.0,66.0,32.0
2014-12-06,7.0,6.0,0.0,25.0,27.0,43.0,20.0
2014-12-07,6.0,5.0,0.0,21.0,19.0,46.0,17.0
2014-12-08,16.0,11.0,0.0,41.0,42.0,69.0,39.0
2014-12-09,17.0,12.0,0.0,39.0,53.0,78.0,42.0
2014-12-10,17.0,12.0,0.0,43.0,51.0,80.0,49.0
2014-12-11,17.0,13.0,0.0,43.0,48.0,68.0,51.0
2014-12-12,17.0,12.0,0.0,42.0,38.0,65.0,58.0
2014-12-13,7.0,7.0,0.0,23.0,17.0,30.0,36.0
2014-12-14,5.0,5.0,0.0,23.0,22.0,40.0,30.0
2014-12-15,17.0,13.0,0.0,43.0,42.0,67.0,63.0
2014-12-16,18.0,14.0,0.0,52.0,50.0,67.0,70.0
2014-12-17,18.0,14.0,0.0,48.0,42.0,63.0,59.0
2014-12-18,19.0,16.0,0.0,45.0,41.0,60.0,54.0
2014-12-19,19.0,14.0,0.0,41.0,34.0,42.0,47.0
2014-12-20,7.0,6.0,0.0,24.0,15.0,23.0,29.0
2014-12-21,5.0,5.0,0.0,24.0,17.0,24.0,26.0
2014-12-22,17.0,11.0,0.0,42.0,25.0,35.0,45.0
2014-12-23,19.0,14.0,0.0,45.0,32.0,35.0,42.0
2014-12-24,15.0,11.0,0.0,36.0,26.0,28.0,32.0
2014-12-25,7.0,6.0,0.0,26.0,11.0,25.0,21.0
2014-12-26,13.0,10.0,0.0,31.0,21.0,26.0,27.0
2014-12-27,8.0,7.0,0.0,24.0,14.0,21.0,25.0
2014-12-28,6.0,5.0,0.0,25.0,19.0,25.0,19.0
2014-12-29,14.0,12.0,0.0,42.0,30.0,39.0,38.0
2014-12-30,16.0,12.0,0.0,42.0,28.0,40.0,39.0
2014-12-31,14.0,13.0,0.0,39.0,24.0,36.0,39.0
2015-01-01,8.0,9.0,0.0,26.0,16.0,27.0,26.0
2015-01-02,13.0,13.0,0.0,40.0,26.0,33.0,34.0
2015-01-03,6.0,7.0,0.0,27.0,21.0,28.0,26.0
2015-01-04,6.0,7.0,0.0,26.0,25.0,29.0,21.0
2015-01-05,17.0,15.0,0.0,49.0,40.0,60.0,61.0
2015-01-06,20.0,16.0,0.0,58.0,51.0,66.0,86.0
2015-01-07,18.0,15.0,0.0,49.0,44.0,64.0,72.0
2015-01-08,19.0,15.0,0.0,49.0,53.0,69.0,53.0
2015-01-09,18.0,14.0,0.0,43.0,34.0,62.0,44.0
2015-01-10,8.0,6.0,0.0,27.0,23.0,33.0,30.0
2015-01-11,6.0,6.0,0.0,27.0,29.0,43.0,27.0
2015-01-12,17.0,13.0,0.0,45.0,47.0,72.0,52.0
2015-01-13,17.0,13.0,0.0,49.0,47.0,70.0,65.0
2015-01-14,19.0,14.0,0.0,51.0,47.0,67.0,72.0
2015-01-15,17.0,14.0,0.0,48.0,47.0,67.0,63.0
2015-01-16,17.0,14.0,0.0,46.0,35.0,57.0,57.0
2015-01-17,7.0,7.0,0.0,29.0,22.0,37.0,39.0
2015-01-18,6.0,5.0,0.0,27.0,21.0,38.0,30.0
2015-01-19,14.0,8.0,0.0,39.0,33.0,63.0,50.0
2015-01-20,16.0,13.0,0.0,47.0,44.0,72.0,55.0
2015-01-21,17.0,12.0,0.0,46.0,54.0,75.0,45.0
2015-01-22,18.0,13.0,0.0,52.0,47.0,75.0,46.0
2015-01-23,19.0,13.0,0.0,50.0,42.0,61.0,57.0
2015-01-24,8.0,6.0,0.0,29.0,17.0,37.0,32.0
2015-01-25,5.0,6.0,0.0,29.0,29.0,40.0,26.0
2015-01-26,17.0,11.0,0.0,47.0,39.0,67.0,44.0
2015-01-27,21.0,12.0,0.0,49.0,42.0,74.0,42.0
2015-01-28,20.0,14.0,0.0,47.0,51.0,66.0,46.0
2015-01-29,20.0,14.0,0.0,47.0,45.0,70.0,49.0
2015-01-30,19.0,13.0,0.0,41.0,46.0,62.0,46.0
2015-01-31,8.0,7.0,0.0,26.0,22.0,35.0,33.0
2015-02-01,6.0,6.0,0.0,26.0,22.0,41.0,27.0
2015-02-02,16.0,12.0,0.0,43.0,44.0,67.0,46.0
2015-02-03,20.0,15.0,0.0,53.0,49.0,77.0,62.0
2015-02-04,20.0,14.0,0.0,47.0,47.0,76.0,67.0
2015-02-05,21.0,14.0,0.0,50.0,47.0,77.0,59.0
2015-02-06,19.0,13.0,0.0,47.0,45.0,66.0,50.0
2015-02-07,8.0,6.0,0.0,26.0,18.0,36.0,31.0
2015-02-08,6.0,5.0,0.0,27.0,25.0,43.0,25.0
2015-02-09,16.0,12.0,0.0,44.0,49.0,75.0,46.0
2015-02-10,18.0,12.0,0.0,42.0,53.0,73.0,47.0
2015-02-11,20.0,12.0,0.0,41.0,39.0,78.0,45.0
2015-02-12,20.0,13.0,0.0,42.0,45.0,68.0,41.0
2015-02-13,19.0,13.0,0.0,44.0,46.0,56.0,46.0
2015-02-14,8.0,6.0,0.0,26.0,27.0,35.0,24.0
2015-02-15,6.0,7.0,0.0,26.0,29.0,44.0,22.0
2015-02-16,14.0,8.0,0.0,36.0,42.0,63.0,39.0
2015-02-17,17.0,12.0,0.0,43.0,50.0,71.0,48.0
2015-02-18,19.0,13.0,0.0,47.0,47.0,75.0,41.0
2015-02-19,20.0,12.0,0.0,43.0,49.0,73.0,39.0
2015-02-20,18.0,12.0,0.0,42.0,49.0,62.0,35.0
2015-02-21,9.0,7.0,0.0,25.0,28.0,42.0,21.0
2015-02-22,6.0,5.0,0.0,26.0,30.0,49.0,18.0
2015-02-23,17.0,12.0,0.0,45.0,50.0,75.0,35.0
2015-02-24,20.0,12.0,0.0,46.0,45.0,73.0,38.0
2015-02-25,21.0,13.0,0.0,46.0,53.0,79.0,36.0
2015-02-26,21.0,12.0,0.0,43.0,42.0,74.0,34.0
2015-02-27,18.0,11.0,0.0,41.0,43.0,66.0,34.0
2015-02-28,8.0,6.0,0.0,26.0,29.0,42.0,23.0
2015-03-01,6.0,5.0,0.0,26.0,27.0,50.0,19.0
2015-03-02,26.0,13.0,0.0,42.0,53.0,76.0,33.0
2015-03-03,27.0,13.0,0.0,42.0,44.0,79.0,33.0
2015-03-04,21.0,12.0,0.0,43.0,47.0,76.0,32.0
2015-03-05,19.0,12.0,0.0,44.0,46.0,70.0,30.0
2015-03-06,20.0,14.0,0.0,46.0,39.0,63.0,28.0
2015-03-07,8.0,6.0,0.0,24.0,17.0,41.0,17.0
2015-03-08,7.0,5.0,0.0,24.0,25.0,48.0,15.0
2015-03-09,20.0,12.0,0.0,41.0,42.0,75.0,29.0
2015-03-10,19.0,13.0,0.0,42.0,50.0,82.0,30.0
2015-03-11,20.0,14.0,0.0,45.0,49.0,78.0,28.0
2015-03-12,19.0,14.0,0.0,43.0,44.0,69.0,27.0
2015-03-13,17.0,13.0,0.0,42.0,41.0,64.0,32.0
2015-03-14,7.0,6.0,0.0,25.0,23.0,36.0,21.0
2015-03-15,6.0,5.0,0.0,27.0,23.0,43.0,17.0
2015-03-16,16.0,13.0,0.0,47.0,43.0,73.0,40.0
2015-03-17,16.0,13.0,0.0,47.0,47.0,76.0,39.0
2015-03-18,19.0,13.0,0.0,45.0,51.0,79.0,43.0
2015-03-19,18.0,12.0,0.0,45.0,51.0,74.0,35.0
2015-03-20,19.0,12.0,0.0,43.0,41.0,58.0,33.0
2015-03-21,7.0,6.0,0.0,24.0,23.0,43.0,18.0
2015-03-22,6.0,5.0,0.0,27.0,26.0,47.0,16.0
2015-03-23,18.0,12.0,0.0,46.0,46.0,79.0,31.0
2015-03-24,18.0,12.0,0.0,45.0,51.0,84.0,30.0
2015-03-25,18.0,10.0,0.0,43.0,54.0,85.0,25.0
2015-03-26,21.0,14.0,0.0,42.0,47.0,82.0,37.0
2015-03-27,17.0,11.0,0.0,36.0,46.0,63.0,32.0
2015-03-28,7.0,5.0,0.0,21.0,23.0,40.0,18.0
2015-03-29,6.0,5.0,0.0,22.0,28.0,47.0,15.0
2015-03-30,16.0,11.0,0.0,39.0,51.0,68.0,30.0
2015-03-31,18.0,12.0,0.0,40.0,47.0,77.0,30.0
2015-04-01,18.0,13.0,0.0,41.0,45.0,70.0,30.0
2015-04-02,18.0,11.0,0.0,38.0,45.0,61.0,31.0
2015-04-03,11.0,7.0,0.0,28.0,28.0,49.0,24.0
2015-04-04,6.0,5.0,0.0,23.0,24.0,35.0,15.0
2015-04-05,6.0,4.0,0.0,21.0,22.0,33.0,12.0
2015-04-06,15.0,12.0,0.0,36.0,43.0,56.0,31.0
2015-04-07,18.0,12.0,0.0,39.0,46.0,67.0,32.0
2015-04-08,17.0,11.0,0.0,41.0,50.0,77.0,32.0
2015-04-09,17.0,12.0,0.0,45.0,50.0,69.0,29.0
2015-04-10,17.0,11.0,0.0,44.0,43.0,63.0,24.0
2015-04-11,7.0,6.0,0.0,26.0,21.0,35.0,13.0
2015-04-12,5.0,5.0,0.0,24.0,27.0,43.0,13.0
2015-04-13,16.0,11.0,0.0,41.0,51.0,77.0,26.0
2015-04-14,18.0,11.0,0.0,40.0,53.0,98.0,27.0
2015-04-15,18.0,12.0,0.0,43.0,43.0,86.0,31.0
2015-04-16,20.0,11.0,0.0,43.0,49.0,79.0,32.0
2015-04-17,17.0,12.0,0.0,41.0,51.0,70.0,28.0
2015-04-18,6.0,5.0,0.0,20.0,28.0,44.0,15.0
2015-04-19,6.0,5.0,0.0,22.0,29.0,54.0,13.0
2015-04-20,18.0,11.0,0.0,39.0,57.0,81.0,28.0
2015-04-21,18.0,12.0,0.0,43.0,53.0,90.0,28.0
2015-04-22,19.0,13.0,0.0,44.0,59.0,88.0,26.0
2015-04-23,22.0,12.0,0.0,41.0,53.0,77.0,27.0
2015-04-24,26.0,13.0,0.0,39.0,46.0,66.0,24.0
2015-04-25,9.0,6.0,0.0,24.0,24.0,40.0,14.0
2015-04-26,7.0,4.0,0.0,24.0,24.0,51.0,11.0
2015-04-27,20.0,10.0,0.0,39.0,42.0,74.0,25.0
2015-04-28,20.0,11.0,0.0,37.0,49.0,85.0,25.0
2015-04-29,20.0,11.0,0.0,36.0,47.0,87.0,26.0
2015-04-30,20.0,12.0,0.0,37.0,56.0,79.0,26.0
2015-05-01,20.0,12.0,0.0,32.0,58.0,70.0,27.0
2015-05-02,6.0,5.0,0.0,19.0,18.0,35.0,13.0
2015-05-03,6.0,4.0,0.0,19.0,22.0,46.0,12.0
2015-05-04,17.0,11.0,0.0,34.0,46.0,73.0,24.0
2015-05-05,19.0,12.0,0.0,38.0,53.0,88.0,27.0
2015-05-06,19.0,11.0,0.0,37.0,41.0,88.0,31.0
2015-05-07,19.0,12.0,0.0,36.0,50.0,78.0,29.0
2015-05-08,17.0,11.0,0.0,33.0,40.0,73.0,25.0
2015-05-09,6.0,5.0,0.0,20.0,26.0,34.0,13.0
2015-05-10,5.0,4.0,0.0,19.0,16.0,47.0,11.0
2015-05-11,18.0,10.0,0.0,33.0,60.0,77.0,22.0
2015-05-12,18.0,10.0,0.0,35.0,45.0,87.0,25.0
2015-05-13,15.0,10.0,0.0,36.0,49.0,81.0,24.0
2015-05-14,17.0,12.0,0.0,34.0,46.0,78.0,21.0
2015-05-15,16.0,12.0,0.0,31.0,40.0,66.0,21.0
2015-05-16,7.0,5.0,0.0,18.0,26.0,38.0,11.0
2015-05-17,5.0,4.0,0.0,18.0,20.0,42.0,10.0
2015-05-18,15.0,10.0,0.0,32.0,42.0,76.0,20.0
2015-05-19,17.0,10.0,0.0,35.0,45.0,76.0,24.0
2015-05-20,18.0,10.0,0.0,36.0,53.0,88.0,23.0
2015-05-21,18.0,9.0,0.0,35.0,48.0,76.0,21.0
2015-05-22,16.0,9.0,0.0,33.0,44.0,67.0,20.0
2015-05-23,6.0,5.0,0.0,19.0,21.0,36.0,10.0
2015-05-24,4.0,3.0,0.0,19.0,15.0,49.0,9.0
2015-05-25,9.0,4.0,0.0,25.0,30.0,56.0,13.0
2015-05-26,15.0,9.0,0.0,34.0,42.0,72.0,21.0
2015-05-27,17.0,11.0,0.0,34.0,50.0,68.0,20.0
2015-05-28,18.0,10.0,0.0,36.0,44.0,63.0,20.0
2015-05-29,16.0,9.0,0.0,32.0,32.0,58.0,19.0
2015-05-30,6.0,5.0,0.0,19.0,25.0,34.0,11.0
2015-05-31,6.0,4.0,0.0,20.0,20.0,46.0,11.0
2015-06-01,16.0,10.0,0.0,32.0,46.0,63.0,21.0
2015-06-02,16.0,10.0,0.0,33.0,49.0,71.0,20.0
2015-06-03,16.0,10.0,0.0,35.0,44.0,66.0,20.0
2015-06-04,16.0,10.0,0.0,35.0,52.0,71.0,21.0
2015-06-05,16.0,10.0,0.0,34.0,42.0,58.0,20.0
2015-06-06,6.0,5.0,0.0,18.0,15.0,36.0,10.0
2015-06-07,6.0,4.0,0.0,19.0,28.0,36.0,9.0
2015-06-08,15.0,10.0,0.0,32.0,42.0,66.0,18.0
2015-06-09,15.0,11.0,0.0,35.0,44.0,66.0,19.0
2015-06-10,16.0,11.0,0.0,35.0,39.0,67.0,19.0
2015-06-11,15.0,10.0,0.0,33.0,40.0,63.0,18.0
2015-06-12,14.0,9.0,0.0,31.0,42.0,60.0,18.0
2015-06-13,6.0,4.0,0.0,17.0,19.0,38.0,10.0
2015-06-14,5.0,4.0,0.0,19.0,21.0,41.0,8.0
2015-06-15,13.0,9.0,0.0,32.0,44.0,66.0,18.0
2015-06-16,16.0,10.0,0.0,32.0,48.0,68.0,17.0
2015-06-17,14.0,9.0,0.0,33.0,40.0,63.0,16.0
2015-06-18,17.0,10.0,0.0,34.0,36.0,62.0,17.0
2015-06-19,16.0,9.0,0.0,35.0,38.0,51.0,16.0
2015-06-20,6.0,4.0,0.0,19.0,27.0,34.0,9.0
2015-06-21,5.0,4.0,0.0,19.0,19.0,37.0,8.0
2015-06-22,15.0,9.0,0.0,36.0,50.0,58.0,17.0
2015-06-23,16.0,10.0,0.0,37.0,51.0,64.0,17.0
2015-06-24,16.0,9.0,0.0,36.0,46.0,61.0,16.0
2015-06-25,15.0,10.0,0.0,34.0,44.0,57.0,14.0
2015-06-26,15.0,9.0,0.0,35.0,39.0,45.0,14.0
2015-06-27,6.0,4.0,0.0,19.0,23.0,34.0,9.0
2015-06-28,5.0,4.0,0.0,22.0,16.0,37.0,9.0
2015-06-29,19.0,15.0,0.0,48.0,40.0,57.0,18.0
2015-06-30,19.0,14.0,0.0,42.0,55.0,55.0,18.0
2015-07-01,16.0,13.0,0.0,41.0,40.0,49.0,19.0
2015-07-02,15.0,10.0,0.0,34.0,39.0,47.0,16.0
2015-07-03,11.0,6.0,0.0,30.0,30.0,40.0,14.0
2015-07-04,5.0,4.0,0.0,23.0,19.0,32.0,9.0
2015-07-05,5.0,5.0,0.0,23.0,21.0,33.0,9.0
2015-07-06,17.0,13.0,0.0,45.0,45.0,51.0,26.0
2015-07-07,17.0,13.0,0.0,47.0,39.0,54.0,32.0
2015-07-08,26.0,16.0,0.0,54.0,48.0,59.0,30.0
2015-07-09,17.0,14.0,0.0,45.0,48.0,50.0,25.0
2015-07-10,16.0,13.0,0.0,39.0,41.0,45.0,21.0
2015-07-11,6.0,5.0,0.0,19.0,23.0,31.0,12.0
2015-07-12,5.0,4.0,0.0,22.0,33.0,33.0,10.0
2015-07-13,15.0,12.0,0.0,37.0,57.0,56.0,23.0
2015-07-14,16.0,12.0,0.0,39.0,55.0,57.0,33.0
2015-07-15,16.0,13.0,0.0,38.0,46.0,55.0,26.0
2015-07-16,18.0,13.0,0.0,39.0,39.0,52.0,23.0
2015-07-17,20.0,12.0,0.0,39.0,43.0,45.0,22.0
2015-07-18,8.0,5.0,0.0,21.0,21.0,31.0,13.0
2015-07-19,6.0,5.0,0.0,21.0,22.0,35.0,12.0
2015-07-20,19.0,11.0,0.0,40.0,46.0,54.0,25.0
2015-07-21,21.0,12.0,0.0,41.0,43.0,58.0,25.0
2015-07-22,21.0,12.0,0.0,36.0,39.0,56.0,25.0
2015-07-23,19.0,11.0,0.0,36.0,42.0,55.0,26.0
2015-07-24,18.0,10.0,0.0,36.0,38.0,45.0,25.0
2015-07-25,7.0,6.0,0.0,20.0,19.0,32.0,15.0
2015-07-26,6.0,5.0,0.0,19.0,20.0,37.0,11.0
2015-07-27,18.0,12.0,0.0,38.0,38.0,58.0,30.0
2015-07-28,18.0,12.0,0.0,38.0,43.0,56.0,30.0
2015-07-29,19.0,11.0,0.0,35.0,47.0,56.0,27.0
2015-07-30,19.0,11.0,0.0,32.0,40.0,56.0,25.0
2015-07-31,16.0,10.0,0.0,31.0,41.0,47.0,27.0
2015-08-01,6.0,5.0,0.0,19.0,26.0,35.0,15.0
2015-08-02,5.0,3.0,0.0,17.0,24.0,38.0,13.0
2015-08-03,16.0,11.0,0.0,34.0,68.0,64.0,31.0
2015-08-04,18.0,11.0,0.0,36.0,68.0,60.0,31.0
2015-08-05,21.0,12.0,0.0,34.0,58.0,57.0,29.0
2015-08-06,21.0,11.0,0.0,32.0,48.0,52.0,32.0
2015-08-07,17.0,11.0,0.0,32.0,42.0,43.0,28.0
2015-08-08,6.0,5.0,0.0,17.0,26.0,32.0,17.0
2015-08-09,5.0,5.0,0.0,19.0,22.0,37.0,14.0
2015-08-10,16.0,10.0,0.0,32.0,42.0,48.0,32.0
2015-08-11,19.0,12.0,0.0,34.0,48.0,55.0,34.0
2015-08-12,20.0,14.0,0.0,38.0,52.0,58.0,36.0
2015-08-13,16.0,12.0,0.0,34.0,44.0,55.0,35.0
2015-08-14,15.0,10.0,0.0,32.0,37.0,45.0,33.0
2015-08-15,6.0,4.0,0.0,18.0,20.0,31.0,19.0
2015-08-16,5.0,4.0,0.0,19.0,24.0,39.0,15.0
2015-08-17,15.0,10.0,0.0,30.0,47.0,57.0,33.0
2015-08-18,16.0,10.0,0.0,35.0,43.0,61.0,32.0
2015-08-19,16.0,12.0,0.0,36.0,47.0,61.0,38.0
2015-08-20,19.0,15.0,0.0,40.0,48.0,61.0,40.0
2015-08-21,25.0,27.0,0.0,48.0,44.0,51.0,47.0
2015-08-22,11.0,12.0,0.0,23.0,24.0,32.0,28.0
2015-08-23,8.0,8.0,0.0,23.0,24.0,42.0,21.0
2015-08-24,54.0,52.0,0.0,69.0,55.0,57.0,63.0
2015-08-25,41.0,45.0,0.0,59.0,54.0,62.0,51.0
2015-08-26,32.0,38.0,0.0,50.0,48.0,59.0,43.0
2015-08-27,27.0,29.0,0.0,52.0,39.0,57.0,41.0
2015-08-28,23.0,22.0,0.0,41.0,45.0,47.0,43.0
2015-08-29,8.0,8.0,0.0,21.0,18.0,29.0,25.0
2015-08-30,7.0,6.0,0.0,21.0,28.0,37.0,20.0
2015-08-31,19.0,19.0,0.0,37.0,40.0,56.0,46.0
2015-09-01,24.0,23.0,0.0,44.0,45.0,60.0,53.0
2015-09-02,22.0,21.0,0.0,40.0,47.0,61.0,48.0
2015-09-03,19.0,19.0,0.0,34.0,50.0,60.0,38.0
2015-09-04,18.0,17.0,0.0,33.0,39.0,53.0,34.0
2015-09-05,8.0,7.0,0.0,19.0,22.0,31.0,18.0
2015-09-06,5.0,5.0,0.0,18.0,25.0,37.0,15.0
2015-09-07,10.0,7.0,0.0,24.0,36.0,58.0,22.0
2015-09-08,19.0,15.0,0.0,31.0,44.0,67.0,34.0
2015-09-09,19.0,19.0,0.0,35.0,44.0,66.0,31.0
2015-09-10,19.0,15.0,0.0,33.0,52.0,64.0,28.0
2015-09-11,17.0,14.0,0.0,30.0,39.0,56.0,30.0
2015-09-12,7.0,6.0,0.0,17.0,20.0,33.0,16.0
2015-09-13,5.0,5.0,0.0,17.0,22.0,37.0,15.0
2015-09-14,17.0,14.0,0.0,29.0,41.0,70.0,32.0
2015-09-15,16.0,14.0,0.0,30.0,50.0,69.0,30.0
2015-09-16,17.0,13.0,0.0,32.0,51.0,65.0,31.0
2015-09-17,19.0,15.0,0.0,32.0,49.0,66.0,28.0
2015-09-18,17.0,14.0,0.0,30.0,39.0,56.0,26.0
2015-09-19,6.0,6.0,0.0,16.0,20.0,34.0,14.0
2015-09-20,5.0,4.0,0.0,17.0,25.0,43.0,11.0
2015-09-21,17.0,13.0,0.0,30.0,47.0,70.0,26.0
2015-09-22,19.0,14.0,0.0,32.0,47.0,65.0,27.0
2015-09-23,17.0,14.0,0.0,30.0,50.0,68.0,27.0
2015-09-24,17.0,15.0,0.0,30.0,51.0,65.0,26.0
2015-09-25,17.0,14.0,0.0,30.0,37.0,56.0,23.0
2015-09-26,7.0,5.0,0.0,16.0,18.0,31.0,12.0
2015-09-27,6.0,5.0,0.0,16.0,29.0,38.0,11.0
2015-09-28,19.0,17.0,0.0,31.0,46.0,65.0,27.0
2015-09-29,21.0,20.0,0.0,35.0,49.0,65.0,25.0
2015-09-30,20.0,17.0,0.0,31.0,45.0,68.0,25.0
2015-10-01,18.0,16.0,0.0,29.0,43.0,64.0,24.0
2015-10-02,16.0,15.0,0.0,28.0,45.0,63.0,23.0
2015-10-03,6.0,6.0,0.0,16.0,24.0,37.0,14.0
2015-10-04,5.0,5.0,0.0,15.0,21.0,44.0,12.0
2015-10-05,16.0,14.0,0.0,29.0,50.0,70.0,28.0
2015-10-06,19.0,15.0,0.0,32.0,46.0,74.0,30.0
2015-10-07,19.0,14.0,0.0,34.0,59.0,79.0,32.0
2015-10-08,18.0,15.0,0.0,30.0,51.0,70.0,29.0
2015-10-09,18.0,14.0,0.0,29.0,41.0,61.0,29.0
2015-10-10,6.0,6.0,0.0,17.0,26.0,38.0,16.0
2015-10-11,5.0,4.0,0.0,17.0,26.0,44.0,13.0
2015-10-12,16.0,12.0,0.0,28.0,44.0,72.0,28.0
2015-10-13,18.0,15.0,0.0,29.0,45.0,79.0,29.0
2015-10-14,17.0,14.0,0.0,28.0,49.0,68.0,25.0
2015-10-15,17.0,14.0,0.0,28.0,48.0,70.0,24.0
2015-10-16,17.0,14.0,0.0,28.0,47.0,66.0,22.0
2015-10-17,6.0,6.0,0.0,16.0,25.0,34.0,12.0
2015-10-18,5.0,5.0,0.0,17.0,36.0,49.0,12.0
2015-10-19,16.0,13.0,0.0,28.0,49.0,82.0,24.0
2015-10-20,15.0,13.0,0.0,30.0,53.0,79.0,23.0
2015-10-21,18.0,12.0,0.0,29.0,46.0,75.0,22.0
2015-10-22,19.0,14.0,0.0,30.0,50.0,68.0,22.0
2015-10-23,21.0,14.0,0.0,32.0,42.0,64.0,20.0
2015-10-24,8.0,7.0,0.0,18.0,21.0,34.0,10.0
2015-10-25,6.0,5.0,0.0,19.0,30.0,43.0,10.0
2015-10-26,18.0,13.0,0.0,31.0,52.0,70.0,24.0
2015-10-27,19.0,13.0,0.0,30.0,50.0,83.0,27.0
2015-10-28,20.0,14.0,0.0,32.0,50.0,69.0,26.0
2015-10-29,19.0,13.0,0.0,30.0,51.0,71.0,22.0
2015-10-30,16.0,13.0,0.0,28.0,38.0,59.0,20.0
2015-10-31,7.0,5.0,0.0,17.0,22.0,38.0,12.0
2015-11-01,5.0,5.0,0.0,16.0,25.0,47.0,10.0
2015-11-02,19.0,13.0,0.0,31.0,49.0,83.0,22.0
2015-11-03,20.0,15.0,0.0,31.0,45.0,85.0,24.0
2015-11-04,20.0,14.0,0.0,31.0,42.0,72.0,23.0
2015-11-05,20.0,12.0,0.0,32.0,53.0,83.0,20.0
2015-11-06,18.0,14.0,0.0,30.0,47.0,66.0,19.0
2015-11-07,7.0,6.0,0.0,20.0,29.0,38.0,11.0
2015-11-08,5.0,5.0,0.0,19.0,20.0,46.0,9.0
2015-11-09,18.0,12.0,0.0,33.0,46.0,73.0,21.0
2015-11-10,19.0,14.0,0.0,32.0,52.0,83.0,21.0
2015-11-11,18.0,12.0,0.0,30.0,45.0,65.0,19.0
2015-11-12,17.0,13.0,0.0,33.0,50.0,76.0,23.0
2015-11-13,16.0,13.0,0.0,30.0,38.0,63.0,25.0
2015-11-14,6.0,6.0,0.0,17.0,19.0,40.0,15.0
2015-11-15,5.0,4.0,0.0,17.0,21.0,46.0,13.0
2015-11-16,16.0,12.0,0.0,30.0,40.0,81.0,28.0
2015-11-17,18.0,13.0,0.0,30.0,48.0,83.0,26.0
2015-11-18,18.0,14.0,0.0,30.0,49.0,83.0,25.0
2015-11-19,20.0,14.0,0.0,31.0,42.0,93.0,24.0
2015-11-20,18.0,12.0,0.0,30.0,40.0,62.0,24.0
2015-11-21,7.0,6.0,0.0,17.0,25.0,36.0,14.0
2015-11-22,5.0,5.0,0.0,17.0,21.0,48.0,13.0
2015-11-23,17.0,12.0,0.0,29.0,53.0,71.0,28.0
2015-11-24,17.0,10.0,0.0,28.0,45.0,72.0,27.0
2015-11-25,15.0,9.0,0.0,28.0,41.0,63.0,23.0
2015-11-26,11.0,6.0,0.0,25.0,34.0,57.0,15.0
2015-11-27,13.0,7.0,0.0,24.0,26.0,44.0,16.0
2015-11-28,6.0,5.0,0.0,17.0,28.0,37.0,11.0
2015-11-29,5.0,5.0,0.0,18.0,30.0,47.0,11.0
2015-11-30,15.0,11.0,0.0,28.0,82.0,88.0,22.0
2015-12-01,18.0,13.0,0.0,30.0,63.0,95.0,22.0
2015-12-02,16.0,13.0,0.0,30.0,66.0,93.0,25.0
2015-12-03,17.0,13.0,0.0,31.0,58.0,89.0,26.0
2015-12-04,17.0,14.0,0.0,30.0,51.0,71.0,30.0
2015-12-05,8.0,6.0,0.0,18.0,26.0,39.0,17.0
2015-12-06,5.0,4.0,0.0,17.0,32.0,52.0,12.0
2015-12-07,16.0,12.0,0.0,32.0,56.0,88.0,37.0
2015-12-08,17.0,13.0,0.0,33.0,63.0,88.0,42.0
2015-12-09,17.0,13.0,0.0,31.0,59.0,84.0,39.0
2015-12-10,19.0,13.0,0.0,30.0,68.0,78.0,33.0
2015-12-11,18.0,15.0,0.0,35.0,49.0,69.0,42.0
2015-12-12,7.0,7.0,0.0,21.0,21.0,38.0,26.0
2015-12-13,5.0,5.0,0.0,21.0,32.0,54.0,19.0
2015-12-14,17.0,14.0,0.0,36.0,50.0,81.0,43.0
2015-12-15,18.0,14.0,0.0,36.0,62.0,74.0,38.0
2015-12-16,19.0,15.0,0.0,36.0,45.0,75.0,36.0
2015-12-17,18.0,15.0,0.0,34.0,45.0,70.0,39.0
2015-12-18,16.0,14.0,0.0,37.0,49.0,54.0,38.0
2015-12-19,7.0,6.0,0.0,18.0,26.0,30.0,22.0
2015-12-20,5.0,5.0,0.0,18.0,21.0,41.0,17.0
2015-12-21,15.0,13.0,0.0,32.0,39.0,52.0,33.0
2015-12-22,16.0,13.0,0.0,32.0,35.0,46.0,37.0
2015-12-23,16.0,12.0,0.0,32.0,30.0,41.0,33.0
2015-12-24,13.0,11.0,0.0,26.0,22.0,31.0,26.0
2015-12-25,6.0,5.0,0.0,19.0,19.0,23.0,16.0
2015-12-26,5.0,4.0,0.0,16.0,16.0,22.0,15.0
2015-12-27,5.0,5.0,0.0,18.0,21.0,31.0,14.0
2015-12-28,14.0,12.0,0.0,33.0,26.0,38.0,31.0
2015-12-29,15.0,13.0,0.0,36.0,37.0,42.0,34.0
2015-12-30,16.0,13.0,0.0,34.0,27.0,37.0,32.0
2015-12-31,14.0,15.0,0.0,28.0,21.0,31.0,28.0
2016-01-01,7.0,9.0,0.0,20.0,17.0,30.0,17.0
2016-01-02,5.0,6.0,0.0,19.0,21.0,36.0,16.0
2016-01-03,5.0,5.0,0.0,23.0,31.0,38.0,16.0
2016-01-04,19.0,21.0,0.0,37.0,41.0,58.0,40.0
2016-01-05,19.0,18.0,0.0,34.0,45.0,66.0,32.0
2016-01-06,18.0,17.0,0.0,35.0,50.0,67.0,39.0
2016-01-07,23.0,26.0,0.0,47.0,49.0,69.0,54.0
2016-01-08,20.0,24.0,0.0,40.0,44.0,63.0,42.0
2016-01-09,8.0,9.0,0.0,23.0,22.0,41.0,22.0
2016-01-10,5.0,7.0,0.0,23.0,20.0,44.0,16.0
2016-01-11,20.0,21.0,0.0,37.0,40.0,64.0,47.0
2016-01-12,20.0,19.0,0.0,40.0,50.0,72.0,67.0
2016-01-13,22.0,25.0,0.0,38.0,54.0,71.0,61.0
2016-01-14,22.0,27.0,0.0,41.0,48.0,68.0,58.0
2016-01-15,25.0,31.0,0.0,45.0,40.0,62.0,75.0
2016-01-16,8.0,12.0,0.0,25.0,23.0,36.0,42.0
2016-01-17,6.0,6.0,0.0,23.0,25.0,44.0,33.0
2016-01-18,15.0,14.0,0.0,35.0,45.0,61.0,73.0
2016-01-19,22.0,23.0,0.0,41.0,54.0,72.0,73.0
2016-01-20,25.0,37.0,0.0,50.0,43.0,74.0,100.0
2016-01-21,23.0,28.0,0.0,46.0,57.0,75.0,86.0
2016-01-22,21.0,23.0,0.0,41.0,44.0,58.0,79.0
2016-01-23,8.0,8.0,0.0,21.0,29.0,37.0,39.0
2016-01-24,5.0,6.0,0.0,23.0,27.0,46.0,34.0
2016-01-25,17.0,20.0,0.0,39.0,49.0,68.0,67.0
2016-01-26,21.0,21.0,0.0,41.0,44.0,69.0,60.0
2016-01-27,23.0,22.0,0.0,39.0,52.0,71.0,54.0
2016-01-28,23.0,21.0,0.0,36.0,55.0,77.0,52.0
2016-01-29,21.0,19.0,0.0,34.0,50.0,61.0,49.0
2016-01-30,8.0,8.0,0.0,21.0,26.0,39.0,29.0
2016-01-31,6.0,6.0,0.0,21.0,25.0,47.0,26.0
2016-02-01,20.0,19.0,0.0,34.0,51.0,68.0,49.0
2016-02-02,21.0,19.0,0.0,37.0,47.0,77.0,50.0
2016-02-03,22.0,21.0,0.0,38.0,53.0,78.0,49.0
2016-02-04,23.0,19.0,0.0,36.0,52.0,84.0,47.0
2016-02-05,22.0,21.0,0.0,34.0,50.0,62.0,43.0
2016-02-06,10.0,8.0,0.0,21.0,24.0,41.0,24.0
2016-02-07,7.0,7.0,0.0,19.0,25.0,40.0,20.0
2016-02-08,24.0,24.0,0.0,38.0,49.0,72.0,43.0
2016-02-09,25.0,24.0,0.0,44.0,45.0,85.0,46.0
2016-02-10,24.0,21.0,0.0,38.0,52.0,77.0,45.0
2016-02-11,26.0,28.0,0.0,50.0,54.0,74.0,54.0
2016-02-12,22.0,23.0,0.0,42.0,46.0,61.0,49.0
2016-02-13,8.0,8.0,0.0,23.0,23.0,39.0,29.0
2016-02-14,6.0,5.0,0.0,22.0,27.0,38.0,22.0
2016-02-15,15.0,11.0,0.0,30.0,48.0,61.0,43.0
2016-02-16,21.0,19.0,0.0,36.0,46.0,70.0,51.0
2016-02-17,21.0,20.0,0.0,36.0,52.0,76.0,47.0
2016-02-18,20.0,21.0,0.0,37.0,58.0,75.0,44.0
2016-02-19,17.0,18.0,0.0,33.0,51.0,62.0,41.0
2016-02-20,7.0,6.0,0.0,21.0,24.0,44.0,21.0
2016-02-21,5.0,5.0,0.0,23.0,29.0,54.0,18.0
2016-02-22,19.0,18.0,0.0,36.0,57.0,85.0,44.0
2016-02-23,19.0,19.0,0.0,36.0,51.0,81.0,42.0
2016-02-24,19.0,18.0,0.0,35.0,48.0,76.0,43.0
2016-02-25,21.0,19.0,0.0,35.0,55.0,73.0,39.0
2016-02-26,18.0,17.0,0.0,32.0,46.0,65.0,38.0
2016-02-27,7.0,7.0,0.0,18.0,21.0,38.0,21.0
2016-02-28,5.0,6.0,0.0,20.0,26.0,52.0,17.0
2016-02-29,18.0,16.0,0.0,31.0,60.0,82.0,39.0
2016-03-01,20.0,20.0,0.0,36.0,61.0,82.0,40.0
2016-03-02,19.0,19.0,0.0,35.0,53.0,76.0,41.0
2016-03-03,19.0,20.0,0.0,34.0,59.0,79.0,40.0
2016-03-04,18.0,20.0,0.0,36.0,44.0,68.0,40.0
2016-03-05,7.0,8.0,0.0,20.0,26.0,43.0,22.0
2016-03-06,5.0,6.0,0.0,22.0,25.0,50.0,17.0
2016-03-07,20.0,19.0,0.0,39.0,49.0,85.0,45.0
2016-03-08,19.0,18.0,0.0,37.0,56.0,76.0,47.0
2016-03-09,18.0,16.0,0.0,33.0,52.0,79.0,44.0
2016-03-10,19.0,18.0,0.0,35.0,53.0,79.0,42.0
2016-03-11,18.0,19.0,0.0,32.0,43.0,68.0,40.0
2016-03-12,7.0,7.0,0.0,19.0,26.0,41.0,23.0
2016-03-13,5.0,5.0,0.0,18.0,30.0,51.0,19.0
2016-03-14,16.0,17.0,0.0,32.0,51.0,78.0,37.0
2016-03-15,18.0,16.0,0.0,33.0,51.0,74.0,39.0
2016-03-16,16.0,17.0,0.0,31.0,51.0,82.0,36.0
2016-03-17,17.0,18.0,0.0,32.0,56.0,72.0,39.0
2016-03-18,18.0,16.0,0.0,32.0,50.0,63.0,40.0
2016-03-19,6.0,7.0,0.0,19.0,26.0,36.0,19.0
2016-03-20,5.0,6.0,0.0,18.0,25.0,50.0,17.0
2016-03-21,16.0,15.0,0.0,34.0,41.0,74.0,39.0
2016-03-22,18.0,16.0,0.0,32.0,56.0,73.0,37.0
2016-03-23,16.0,16.0,0.0,32.0,56.0,72.0,39.0
2016-03-24,16.0,15.0,0.0,28.0,49.0,58.0,34.0
2016-03-25,10.0,9.0,0.0,22.0,35.0,42.0,23.0
2016-03-26,4.0,5.0,0.0,15.0,26.0,40.0,15.0
2016-03-27,4.0,5.0,0.0,16.0,30.0,43.0,14.0
2016-03-28,15.0,14.0,0.0,26.0,44.0,64.0,32.0
2016-03-29,17.0,15.0,0.0,29.0,46.0,71.0,31.0
2016-03-30,18.0,18.0,0.0,31.0,52.0,69.0,33.0
2016-03-31,16.0,16.0,0.0,29.0,41.0,66.0,29.0
2016-04-01,17.0,16.0,0.0,29.0,44.0,64.0,30.0
2016-04-02,6.0,6.0,0.0,17.0,24.0,43.0,15.0
2016-04-03,5.0,6.0,0.0,20.0,32.0,45.0,14.0
2016-04-04,16.0,14.0,0.0,29.0,50.0,83.0,32.0
2016-04-05,17.0,15.0,0.0,30.0,53.0,78.0,32.0
2016-04-06,18.0,15.0,0.0,31.0,55.0,77.0,31.0
2016-04-07,17.0,15.0,0.0,31.0,54.0,79.0,30.0
2016-04-08,16.0,16.0,0.0,30.0,42.0,63.0,31.0
2016-04-09,5.0,6.0,0.0,17.0,20.0,43.0,15.0
2016-04-10,4.0,5.0,0.0,18.0,25.0,51.0,13.0
2016-04-11,16.0,14.0,0.0,31.0,52.0,76.0,31.0
2016-04-12,18.0,15.0,0.0,33.0,51.0,86.0,38.0
2016-04-13,17.0,18.0,0.0,35.0,53.0,77.0,37.0
2016-04-14,17.0,15.0,0.0,32.0,51.0,78.0,37.0
2016-04-15,16.0,14.0,0.0,30.0,50.0,69.0,29.0
2016-04-16,6.0,5.0,0.0,18.0,25.0,46.0,16.0
2016-04-17,5.0,5.0,0.0,19.0,26.0,53.0,22.0
2016-04-18,16.0,15.0,0.0,34.0,47.0,89.0,42.0
2016-04-19,18.0,19.0,0.0,36.0,52.0,94.0,36.0
2016-04-20,17.0,18.0,0.0,34.0,59.0,86.0,37.0
2016-04-21,18.0,15.0,0.0,34.0,52.0,86.0,36.0
2016-04-22,17.0,15.0,0.0,32.0,46.0,76.0,32.0
2016-04-23,7.0,6.0,0.0,18.0,29.0,40.0,15.0
2016-04-24,5.0,5.0,0.0,20.0,26.0,50.0,14.0
2016-04-25,16.0,14.0,0.0,32.0,52.0,87.0,30.0
2016-04-26,19.0,14.0,0.0,32.0,57.0,88.0,31.0
2016-04-27,19.0,15.0,0.0,32.0,57.0,87.0,36.0
2016-04-28,20.0,14.0,0.0,31.0,48.0,86.0,35.0
2016-04-29,19.0,15.0,0.0,31.0,40.0,72.0,33.0
2016-04-30,6.0,7.0,0.0,18.0,22.0,40.0,17.0
2016-05-01,5.0,6.0,0.0,18.0,21.0,53.0,15.0
2016-05-02,17.0,15.0,0.0,31.0,45.0,80.0,36.0
2016-05-03,18.0,18.0,0.0,32.0,52.0,86.0,33.0
2016-05-04,18.0,15.0,0.0,31.0,53.0,78.0,32.0
2016-05-05,17.0,15.0,0.0,32.0,52.0,79.0,33.0
2016-05-06,16.0,14.0,0.0,29.0,48.0,71.0,29.0
2016-05-07,6.0,5.0,0.0,18.0,26.0,46.0,15.0
2016-05-08,5.0,5.0,0.0,18.0,21.0,53.0,15.0
2016-05-09,15.0,15.0,0.0,32.0,53.0,87.0,31.0
2016-05-10,18.0,14.0,0.0,32.0,52.0,87.0,30.0
2016-05-11,17.0,14.0,0.0,34.0,55.0,94.0,29.0
2016-05-12,18.0,14.0,0.0,31.0,49.0,90.0,28.0
2016-05-13,15.0,13.0,0.0,30.0,43.0,69.0,25.0
2016-05-14,6.0,6.0,0.0,16.0,27.0,46.0,13.0
2016-05-15,5.0,5.0,0.0,17.0,29.0,53.0,10.0
2016-05-16,15.0,14.0,0.0,31.0,45.0,88.0,31.0
2016-05-17,16.0,15.0,0.0,35.0,48.0,93.0,31.0
2016-05-18,17.0,15.0,0.0,31.0,50.0,88.0,30.0
2016-05-19,16.0,15.0,0.0,30.0,54.0,85.0,28.0
2016-05-20,14.0,14.0,0.0,27.0,40.0,70.0,25.0
2016-05-21,6.0,5.0,0.0,17.0,24.0,43.0,13.0
2016-05-22,5.0,5.0,0.0,16.0,24.0,49.0,11.0
2016-05-23,14.0,12.0,0.0,29.0,47.0,75.0,25.0
2016-05-24,16.0,15.0,0.0,30.0,51.0,77.0,27.0
2016-05-25,17.0,15.0,0.0,32.0,42.0,71.0,29.0
2016-05-26,18.0,15.0,0.0,30.0,47.0,71.0,32.0
2016-05-27,16.0,15.0,0.0,27.0,38.0,60.0,26.0
2016-05-28,6.0,5.0,0.0,17.0,23.0,36.0,13.0
2016-05-29,4.0,4.0,0.0,18.0,23.0,41.0,11.0
2016-05-30,10.0,6.0,0.0,25.0,36.0,54.0,18.0
2016-05-31,15.0,14.0,0.0,29.0,47.0,68.0,28.0
2016-06-01,16.0,14.0,0.0,29.0,50.0,72.0,27.0
2016-06-02,15.0,15.0,0.0,30.0,52.0,71.0,29.0
2016-06-03,15.0,14.0,0.0,29.0,45.0,64.0,25.0
2016-06-04,5.0,5.0,0.0,17.0,21.0,38.0,12.0
2016-06-05,5.0,4.0,0.0,19.0,19.0,45.0,10.0
2016-06-06,14.0,15.0,0.0,30.0,43.0,69.0,28.0
2016-06-07,16.0,17.0,0.0,33.0,44.0,72.0,29.0
2016-06-08,17.0,17.0,0.0,32.0,50.0,69.0,30.0
2016-06-09,18.0,15.0,0.0,32.0,51.0,65.0,28.0
2016-06-10,15.0,15.0,0.0,31.0,43.0,55.0,25.0
2016-06-11,5.0,5.0,0.0,17.0,16.0,31.0,12.0
2016-06-12,4.0,4.0,0.0,17.0,25.0,36.0,11.0
2016-06-13,14.0,14.0,0.0,33.0,47.0,61.0,24.0
2016-06-14,14.0,14.0,0.0,35.0,45.0,65.0,24.0
2016-06-15,14.0,14.0,0.0,34.0,50.0,64.0,24.0
2016-06-16,15.0,14.0,0.0,34.0,42.0,61.0,25.0
2016-06-17,14.0,14.0,0.0,32.0,41.0,48.0,22.0
2016-06-18,5.0,5.0,0.0,17.0,21.0,36.0,12.0
2016-06-19,4.0,4.0,0.0,18.0,20.0,39.0,10.0
2016-06-20,15.0,14.0,0.0,32.0,43.0,61.0,24.0
2016-06-21,15.0,14.0,0.0,32.0,45.0,59.0,24.0
2016-06-22,14.0,15.0,0.0,31.0,52.0,65.0,24.0
2016-06-23,16.0,17.0,0.0,31.0,44.0,59.0,24.0
2016-06-24,45.0,59.0,0.0,75.0,41.0,49.0,44.0
2016-06-25,10.0,10.0,0.0,26.0,15.0,33.0,16.0
2016-06-26,6.0,7.0,0.0,25.0,17.0,40.0,12.0
2016-06-27,24.0,31.0,0.0,57.0,43.0,54.0,28.0
2016-06-28,21.0,28.0,0.0,48.0,43.0,65.0,25.0
2016-06-29,17.0,23.0,0.0,43.0,43.0,59.0,24.0
2016-06-30,17.0,22.0,0.0,39.0,40.0,54.0,22.0
2016-07-01,16.0,20.0,0.0,35.0,39.0,55.0,19.0
2016-07-02,6.0,7.0,0.0,21.0,11.0,42.0,10.0
2016-07-03,5.0,5.0,0.0,20.0,15.0,34.0,9.0
2016-07-04,9.0,6.0,0.0,29.0,35.0,48.0,14.0
2016-07-05,15.0,17.0,0.0,39.0,37.0,54.0,24.0
2016-07-06,16.0,17.0,0.0,43.0,37.0,48.0,24.0
2016-07-07,15.0,17.0,0.0,38.0,43.0,47.0,23.0
2016-07-08,15.0,21.0,0.0,33.0,35.0,47.0,21.0
2016-07-09,6.0,8.0,0.0,22.0,23.0,31.0,10.0
2016-07-10,4.0,5.0,0.0,20.0,22.0,35.0,8.0
2016-07-11,17.0,21.0,0.0,37.0,41.0,54.0,22.0
2016-07-12,18.0,23.0,0.0,39.0,43.0,51.0,22.0
2016-07-13,18.0,22.0,0.0,37.0,40.0,50.0,22.0
2016-07-14,16.0,19.0,0.0,36.0,40.0,50.0,20.0
2016-07-15,15.0,18.0,0.0,33.0,44.0,42.0,18.0
2016-07-16,6.0,7.0,0.0,18.0,16.0,26.0,10.0
2016-07-17,5.0,5.0,0.0,18.0,21.0,36.0,9.0
2016-07-18,17.0,16.0,0.0,32.0,46.0,47.0,19.0
2016-07-19,17.0,16.0,0.0,31.0,41.0,56.0,19.0
2016-07-20,18.0,19.0,0.0,32.0,47.0,58.0,20.0
2016-07-21,18.0,16.0,0.0,32.0,47.0,49.0,20.0
2016-07-22,17.0,15.0,0.0,25.0,41.0,48.0,18.0
2016-07-23,7.0,5.0,0.0,16.0,19.0,30.0,10.0
2016-07-24,6.0,4.0,0.0,18.0,27.0,35.0,8.0
2016-07-25,15.0,15.0,0.0,28.0,44.0,52.0,22.0
2016-07-26,17.0,16.0,0.0,28.0,50.0,56.0,21.0
2016-07-27,20.0,16.0,0.0,30.0,45.0,61.0,21.0
2016-07-28,21.0,15.0,0.0,30.0,43.0,56.0,22.0
2016-07-29,18.0,15.0,0.0,40.0,42.0,51.0,22.0
2016-07-30,7.0,5.0,0.0,20.0,23.0,30.0,11.0
2016-07-31,5.0,5.0,0.0,19.0,24.0,37.0,9.0
2016-08-01,16.0,15.0,0.0,33.0,43.0,54.0,24.0
2016-08-02,17.0,16.0,0.0,33.0,43.0,60.0,28.0
2016-08-03,16.0,15.0,0.0,33.0,49.0,54.0,25.0
2016-08-04,17.0,14.0,0.0,31.0,35.0,53.0,24.0
2016-08-05,18.0,16.0,0.0,33.0,38.0,50.0,20.0
2016-08-06,6.0,6.0,0.0,17.0,20.0,29.0,10.0
2016-08-07,5.0,5.0,0.0,18.0,21.0,31.0,8.0
2016-08-08,15.0,13.0,0.0,30.0,42.0,52.0,20.0
2016-08-09,17.0,15.0,0.0,33.0,47.0,54.0,20.0
2016-08-10,16.0,14.0,0.0,31.0,48.0,54.0,22.0
2016-08-11,16.0,14.0,0.0,29.0,46.0,56.0,21.0
2016-08-12,14.0,14.0,0.0,28.0,31.0,47.0,19.0
2016-08-13,6.0,5.0,0.0,17.0,20.0,33.0,10.0
2016-08-14,4.0,3.0,0.0,17.0,20.0,33.0,8.0
2016-08-15,16.0,15.0,0.0,31.0,38.0,53.0,22.0
2016-08-16,16.0,16.0,0.0,33.0,39.0,55.0,22.0
2016-08-17,14.0,13.0,0.0,30.0,33.0,52.0,20.0
2016-08-18,14.0,14.0,0.0,30.0,45.0,51.0,22.0
2016-08-19,13.0,13.0,0.0,27.0,35.0,48.0,21.0
2016-08-20,5.0,4.0,0.0,15.0,21.0,28.0,10.0
2016-08-21,4.0,4.0,0.0,16.0,28.0,35.0,9.0
2016-08-22,14.0,13.0,0.0,31.0,40.0,61.0,21.0
2016-08-23,15.0,13.0,0.0,33.0,43.0,59.0,22.0
2016-08-24,16.0,12.0,0.0,33.0,48.0,57.0,19.0
2016-08-25,15.0,13.0,0.0,29.0,40.0,53.0,19.0
2016-08-26,15.0,15.0,0.0,28.0,38.0,52.0,18.0
2016-08-27,5.0,5.0,0.0,18.0,15.0,31.0,9.0
2016-08-28,5.0,4.0,0.0,18.0,23.0,44.0,8.0
2016-08-29,15.0,12.0,0.0,30.0,40.0,58.0,18.0
2016-08-30,15.0,13.0,0.0,31.0,34.0,59.0,18.0
2016-08-31,15.0,12.0,0.0,29.0,44.0,62.0,19.0
2016-09-01,15.0,13.0,0.0,29.0,43.0,58.0,19.0
2016-09-02,14.0,13.0,0.0,29.0,35.0,47.0,18.0
2016-09-03,6.0,4.0,0.0,17.0,17.0,35.0,9.0
2016-09-04,4.0,4.0,0.0,18.0,23.0,36.0,7.0
2016-09-05,10.0,5.0,0.0,26.0,32.0,53.0,13.0
2016-09-06,15.0,13.0,0.0,32.0,50.0,62.0,20.0
2016-09-07,17.0,13.0,0.0,33.0,48.0,68.0,19.0
2016-09-08,16.0,12.0,0.0,31.0,50.0,68.0,19.0
2016-09-09,16.0,16.0,0.0,31.0,45.0,57.0,20.0
2016-09-10,7.0,7.0,0.0,18.0,23.0,32.0,10.0
2016-09-11,5.0,5.0,0.0,17.0,17.0,41.0,8.0
2016-09-12,17.0,20.0,0.0,32.0,46.0,62.0,19.0
2016-09-13,17.0,17.0,0.0,34.0,40.0,63.0,20.0
2016-09-14,16.0,16.0,0.0,29.0,47.0,70.0,20.0
2016-09-15,17.0,16.0,0.0,30.0,48.0,67.0,19.0
2016-09-16,16.0,14.0,0.0,29.0,38.0,65.0,19.0
2016-09-17,6.0,6.0,0.0,18.0,23.0,37.0,9.0
2016-09-18,5.0,4.0,0.0,20.0,28.0,49.0,8.0
2016-09-19,15.0,13.0,0.0,32.0,39.0,71.0,19.0
2016-09-20,16.0,14.0,0.0,30.0,46.0,68.0,18.0
2016-09-21,17.0,15.0,0.0,33.0,49.0,65.0,19.0
2016-09-22,19.0,16.0,0.0,31.0,49.0,66.0,18.0
2016-09-23,17.0,14.0,0.0,28.0,42.0,57.0,18.0
2016-09-24,6.0,5.0,0.0,18.0,27.0,36.0,9.0
2016-09-25,5.0,5.0,0.0,18.0,21.0,45.0,8.0
2016-09-26,16.0,13.0,0.0,28.0,50.0,64.0,20.0
2016-09-27,17.0,13.0,0.0,30.0,63.0,70.0,19.0
2016-09-28,17.0,14.0,0.0,30.0,53.0,72.0,24.0
2016-09-29,17.0,14.0,0.0,31.0,48.0,78.0,33.0
2016-09-30,17.0,15.0,0.0,29.0,43.0,59.0,22.0
2016-10-01,6.0,5.0,0.0,16.0,21.0,35.0,11.0
2016-10-02,5.0,5.0,0.0,17.0,20.0,43.0,9.0
2016-10-03,16.0,13.0,0.0,29.0,44.0,66.0,22.0
2016-10-04,16.0,13.0,0.0,34.0,51.0,72.0,22.0
2016-10-05,16.0,12.0,0.0,34.0,49.0,71.0,23.0
2016-10-06,16.0,12.0,0.0,30.0,44.0,64.0,22.0
2016-10-07,15.0,12.0,0.0,29.0,44.0,58.0,19.0
2016-10-08,5.0,5.0,0.0,19.0,23.0,41.0,9.0
2016-10-09,5.0,4.0,0.0,20.0,30.0,46.0,9.0
2016-10-10,15.0,12.0,0.0,29.0,67.0,69.0,22.0
2016-10-11,17.0,14.0,0.0,32.0,47.0,70.0,24.0
2016-10-12,17.0,15.0,0.0,35.0,55.0,71.0,21.0
2016-10-13,17.0,16.0,0.0,30.0,53.0,71.0,20.0
2016-10-14,16.0,14.0,0.0,29.0,35.0,64.0,18.0
2016-10-15,5.0,5.0,0.0,18.0,23.0,37.0,9.0
2016-10-16,5.0,4.0,0.0,18.0,28.0,50.0,9.0
2016-10-17,15.0,12.0,0.0,29.0,48.0,73.0,18.0
2016-10-18,17.0,15.0,0.0,30.0,54.0,75.0,19.0
2016-10-19,16.0,13.0,0.0,32.0,51.0,75.0,19.0
2016-10-20,16.0,13.0,0.0,30.0,50.0,67.0,18.0
2016-10-21,15.0,12.0,0.0,28.0,38.0,64.0,17.0
2016-10-22,6.0,5.0,0.0,17.0,24.0,37.0,9.0
2016-10-23,5.0,4.0,0.0,18.0,26.0,52.0,9.0
2016-10-24,17.0,12.0,0.0,31.0,61.0,78.0,19.0
2016-10-25,17.0,12.0,0.0,30.0,47.0,69.0,19.0
2016-10-26,17.0,13.0,0.0,30.0,51.0,83.0,18.0
2016-10-27,19.0,13.0,0.0,30.0,52.0,74.0,17.0
2016-10-28,16.0,13.0,0.0,30.0,42.0,61.0,16.0
2016-10-29,6.0,5.0,0.0,16.0,22.0,33.0,9.0
2016-10-30,5.0,4.0,0.0,19.0,32.0,47.0,8.0
2016-10-31,15.0,12.0,0.0,27.0,52.0,69.0,19.0
2016-11-01,18.0,16.0,0.0,32.0,56.0,93.0,19.0
2016-11-02,19.0,17.0,0.0,31.0,58.0,92.0,19.0
2016-11-03,19.0,18.0,0.0,32.0,50.0,83.0,17.0
2016-11-04,17.0,19.0,0.0,30.0,50.0,71.0,16.0
2016-11-05,7.0,7.0,0.0,16.0,40.0,43.0,9.0
2016-11-06,5.0,6.0,0.0,20.0,33.0,55.0,8.0
2016-11-07,19.0,22.0,0.0,34.0,64.0,86.0,19.0
2016-11-08,19.0,22.0,0.0,36.0,56.0,84.0,16.0
2016-11-09,100.0,83.0,0.0,59.0,46.0,81.0,28.0
2016-11-10,38.0,34.0,0.0,47.0,68.0,92.0,20.0
2016-11-11,27.0,22.0,0.0,41.0,46.0,67.0,18.0
2016-11-12,9.0,7.0,0.0,22.0,33.0,48.0,10.0
2016-11-13,6.0,6.0,0.0,23.0,37.0,60.0,8.0
2016-11-14,22.0,19.0,0.0,43.0,58.0,86.0,19.0
2016-11-15,22.0,19.0,0.0,42.0,55.0,93.0,20.0
2016-11-16,22.0,17.0,0.0,38.0,62.0,92.0,19.0
2016-11-17,21.0,16.0,0.0,37.0,67.0,86.0,17.0
2016-11-18,20.0,15.0,0.0,37.0,47.0,72.0,17.0
2016-11-19,6.0,5.0,0.0,22.0,26.0,42.0,8.0
2016-11-20,5.0,5.0,0.0,23.0,27.0,54.0,9.0
2016-11-21,19.0,15.0,0.0,38.0,52.0,81.0,19.0
2016-11-22,20.0,19.0,0.0,40.0,73.0,85.0,20.0
2016-11-23,19.0,15.0,0.0,35.0,44.0,67.0,17.0
2016-11-24,11.0,7.0,0.0,29.0,33.0,54.0,11.0
2016-11-25,14.0,11.0,0.0,28.0,30.0,47.0,13.0
2016-11-26,6.0,7.0,0.0,20.0,24.0,42.0,9.0
2016-11-27,5.0,5.0,0.0,20.0,30.0,51.0,9.0
2016-11-28,16.0,13.0,0.0,34.0,46.0,86.0,19.0
2016-11-29,19.0,14.0,0.0,35.0,56.0,87.0,20.0
2016-11-30,19.0,17.0,0.0,38.0,62.0,92.0,38.0
2016-12-01,23.0,15.0,0.0,40.0,63.0,88.0,32.0
2016-12-02,18.0,14.0,0.0,35.0,50.0,71.0,26.0
2016-12-03,7.0,7.0,0.0,20.0,24.0,44.0,14.0
2016-12-04,6.0,6.0,0.0,23.0,38.0,58.0,11.0
2016-12-05,17.0,15.0,0.0,36.0,55.0,87.0,22.0
2016-12-06,19.0,17.0,0.0,36.0,55.0,89.0,23.0
2016-12-07,20.0,19.0,0.0,40.0,50.0,96.0,21.0
2016-12-08,20.0,20.0,0.0,44.0,53.0,86.0,20.0
2016-12-09,18.0,17.0,0.0,39.0,48.0,69.0,17.0
2016-12-10,7.0,7.0,0.0,22.0,22.0,39.0,11.0
2016-12-11,6.0,6.0,0.0,23.0,25.0,46.0,11.0
2016-12-12,17.0,16.0,0.0,38.0,55.0,83.0,26.0
2016-12-13,20.0,19.0,0.0,40.0,74.0,88.0,25.0
2016-12-14,20.0,19.0,0.0,40.0,55.0,80.0,21.0
2016-12-15,19.0,18.0,0.0,38.0,48.0,75.0,21.0
2016-12-16,19.0,16.0,0.0,36.0,43.0,61.0,18.0
2016-12-17,7.0,6.0,0.0,21.0,20.0,35.0,10.0
2016-12-18,5.0,5.0,0.0,21.0,18.0,36.0,9.0
2016-12-19,16.0,14.0,0.0,34.0,41.0,62.0,18.0
2016-12-20,17.0,17.0,0.0,38.0,42.0,59.0,18.0
2016-12-21,20.0,16.0,0.0,38.0,42.0,62.0,18.0
2016-12-22,16.0,14.0,0.0,35.0,35.0,54.0,16.0
2016-12-23,14.0,12.0,0.0,30.0,28.0,42.0,13.0
2016-12-24,6.0,5.0,0.0,18.0,18.0,31.0,8.0
2016-12-25,4.0,3.0,0.0,20.0,20.0,27.0,6.0
2016-12-26,8.0,6.0,0.0,22.0,23.0,29.0,10.0
2016-12-27,15.0,12.0,0.0,33.0,28.0,41.0,15.0
2016-12-28,16.0,14.0,0.0,36.0,27.0,43.0,16.0
2016-12-29,15.0,14.0,0.0,37.0,29.0,40.0,15.0
2016-12-30,15.0,14.0,0.0,39.0,28.0,35.0,14.0
2016-12-31,6.0,8.0,0.0,20.0,19.0,27.0,9.0
2017-01-01,5.0,5.0,0.0,23.0,20.0,35.0,8.0
2017-01-02,11.0,8.0,0.0,31.0,25.0,47.0,13.0
2017-01-03,19.0,18.0,0.0,41.0,39.0,63.0,20.0
2017-01-04,18.0,19.0,0.0,48.0,43.0,70.0,18.0
2017-01-05,19.0,15.0,0.0,45.0,51.0,71.0,17.0
2017-01-06,19.0,17.0,0.0,40.0,47.0,66.0,16.0
2017-01-07,7.0,7.0,0.0,25.0,22.0,41.0,9.0
2017-01-08,6.0,6.0,0.0,27.0,25.0,50.0,8.0
2017-01-09,19.0,13.0,0.0,38.0,42.0,74.0,17.0
2017-01-10,21.0,17.0,0.0,42.0,50.0,77.0,17.0
2017-01-11,21.0,17.0,0.0,45.0,55.0,77.0,16.0
2017-01-12,21.0,17.0,0.0,46.0,53.0,73.0,16.0
2017-01-13,18.0,15.0,0.0,43.0,50.0,60.0,13.0
2017-01-14,7.0,7.0,0.0,27.0,24.0,39.0,8.0
2017-01-15,6.0,5.0,0.0,27.0,21.0,43.0,7.0
2017-01-16,14.0,8.0,0.0,40.0,36.0,67.0,13.0
2017-01-17,18.0,14.0,0.0,58.0,47.0,85.0,15.0
2017-01-18,19.0,15.0,0.0,57.0,55.0,81.0,15.0
2017-01-19,18.0,14.0,0.0,45.0,56.0,86.0,13.0
2017-01-20,22.0,17.0,0.0,45.0,52.0,70.0,13.0
2017-01-21,12.0,7.0,0.0,28.0,30.0,39.0,8.0
2017-01-22,8.0,5.0,0.0,26.0,30.0,49.0,8.0
2017-01-23,18.0,15.0,0.0,44.0,56.0,86.0,15.0
2017-01-24,21.0,17.0,0.0,45.0,63.0,85.0,16.0
2017-01-25,24.0,21.0,0.0,48.0,61.0,79.0,15.0
2017-01-26,23.0,20.0,0.0,45.0,62.0,82.0,15.0
2017-01-27,19.0,16.0,0.0,42.0,46.0,69.0,13.0
2017-01-28,8.0,6.0,0.0,26.0,29.0,45.0,8.0
2017-01-29,6.0,6.0,0.0,25.0,31.0,48.0,6.0
2017-01-30,19.0,19.0,0.0,42.0,54.0,82.0,15.0
2017-01-31,23.0,20.0,0.0,48.0,58.0,82.0,15.0
2017-02-01,24.0,17.0,0.0,45.0,53.0,82.0,14.0
2017-02-02,23.0,16.0,0.0,44.0,60.0,84.0,15.0
2017-02-03,19.0,15.0,0.0,44.0,53.0,68.0,14.0
2017-02-04,8.0,7.0,0.0,27.0,27.0,41.0,8.0
2017-02-05,6.0,5.0,0.0,27.0,21.0,49.0,7.0
2017-02-06,18.0,14.0,0.0,41.0,48.0,75.0,14.0
2017-02-07,20.0,16.0,0.0,42.0,49.0,78.0,14.0
2017-02-08,20.0,15.0,0.0,44.0,54.0,77.0,14.0
2017-02-09,21.0,17.0,0.0,44.0,47.0,79.0,12.0
2017-02-10,19.0,17.0,0.0,42.0,42.0,66.0,13.0
2017-02-11,8.0,7.0,0.0,27.0,21.0,44.0,8.0
2017-02-12,5.0,6.0,0.0,27.0,33.0,45.0,6.0
2017-02-13,20.0,17.0,0.0,43.0,52.0,75.0,14.0
2017-02-14,20.0,18.0,0.0,42.0,47.0,79.0,12.0
2017-02-15,21.0,20.0,0.0,49.0,53.0,87.0,12.0
2017-02-16,22.0,20.0,0.0,45.0,52.0,79.0,12.0
2017-02-17,21.0,16.0,0.0,40.0,44.0,66.0,12.0
2017-02-18,8.0,7.0,0.0,27.0,27.0,47.0,7.0
2017-02-19,6.0,6.0,0.0,25.0,26.0,61.0,6.0
2017-02-20,14.0,10.0,0.0,35.0,48.0,76.0,11.0
2017-02-21,20.0,19.0,0.0,45.0,42.0,81.0,13.0
2017-02-22,21.0,20.0,0.0,45.0,51.0,90.0,12.0
2017-02-23,22.0,19.0,0.0,42.0,49.0,80.0,13.0
2017-02-24,19.0,18.0,0.0,41.0,42.0,65.0,12.0
2017-02-25,8.0,8.0,0.0,29.0,25.0,49.0,7.0
2017-02-26,6.0,7.0,0.0,27.0,35.0,55.0,7.0
2017-02-27,19.0,19.0,0.0,41.0,51.0,84.0,12.0
2017-02-28,21.0,20.0,0.0,48.0,53.0,88.0,12.0
2017-03-01,25.0,27.0,0.0,49.0,58.0,87.0,12.0
2017-03-02,27.0,22.0,0.0,50.0,56.0,88.0,13.0
2017-03-03,23.0,20.0,0.0,59.0,55.0,69.0,11.0
2017-03-04,8.0,7.0,0.0,30.0,25.0,44.0,6.0
2017-03-05,7.0,7.0,0.0,31.0,30.0,52.0,6.0
2017-03-06,19.0,17.0,0.0,47.0,48.0,92.0,12.0
2017-03-07,22.0,19.0,0.0,49.0,61.0,92.0,11.0
2017-03-08,20.0,19.0,0.0,47.0,57.0,91.0,14.0
2017-03-09,21.0,19.0,0.0,56.0,56.0,85.0,19.0
2017-03-10,20.0,18.0,0.0,78.0,42.0,70.0,17.0
2017-03-11,8.0,8.0,0.0,38.0,28.0,45.0,9.0
2017-03-12,6.0,6.0,0.0,31.0,29.0,51.0,8.0
2017-03-13,20.0,17.0,0.0,44.0,52.0,81.0,15.0
2017-03-14,19.0,16.0,0.0,47.0,53.0,84.0,18.0
2017-03-15,21.0,19.0,0.0,51.0,50.0,77.0,16.0
2017-03-16,21.0,18.0,0.0,47.0,52.0,84.0,14.0
2017-03-17,19.0,14.0,0.0,45.0,49.0,65.0,12.0
2017-03-18,8.0,7.0,0.0,27.0,28.0,40.0,7.0
2017-03-19,6.0,6.0,0.0,27.0,27.0,52.0,7.0
2017-03-20,19.0,16.0,0.0,43.0,59.0,85.0,14.0
2017-03-21,21.0,19.0,0.0,42.0,52.0,86.0,14.0
2017-03-22,23.0,22.0,0.0,44.0,60.0,89.0,14.0
2017-03-23,20.0,19.0,0.0,41.0,51.0,80.0,13.0
2017-03-24,19.0,19.0,0.0,37.0,46.0,68.0,12.0
2017-03-25,7.0,6.0,0.0,24.0,21.0,40.0,7.0
2017-03-26,6.0,6.0,0.0,25.0,32.0,56.0,7.0
2017-03-27,20.0,20.0,0.0,43.0,54.0,85.0,13.0
2017-03-28,22.0,18.0,0.0,45.0,80.0,93.0,13.0
2017-03-29,21.0,19.0,0.0,43.0,75.0,85.0,14.0
2017-03-30,20.0,18.0,0.0,41.0,70.0,83.0,12.0
2017-03-31,18.0,16.0,0.0,38.0,64.0,70.0,13.0
2017-04-01,7.0,7.0,0.0,24.0,26.0,43.0,7.0
2017-04-02,6.0,6.0,0.0,24.0,31.0,50.0,7.0
2017-04-03,19.0,15.0,0.0,37.0,57.0,81.0,12.0
2017-04-04,20.0,16.0,0.0,40.0,64.0,91.0,13.0
2017-04-05,20.0,18.0,0.0,45.0,60.0,84.0,12.0
2017-04-06,21.0,18.0,0.0,46.0,55.0,85.0,12.0
2017-04-07,19.0,15.0,0.0,42.0,46.0,67.0,20.0
2017-04-08,6.0,7.0,0.0,23.0,22.0,39.0,9.0
2017-04-09,5.0,5.0,0.0,23.0,26.0,47.0,7.0
2017-04-10,18.0,15.0,0.0,43.0,48.0,82.0,14.0
2017-04-11,21.0,17.0,0.0,44.0,58.0,86.0,13.0
2017-04-12,21.0,16.0,0.0,42.0,60.0,77.0,14.0
2017-04-13,20.0,15.0,0.0,39.0,46.0,67.0,14.0
2017-04-14,12.0,10.0,0.0,27.0,36.0,52.0,9.0
2017-04-15,6.0,6.0,0.0,20.0,19.0,41.0,7.0
2017-04-16,6.0,5.0,0.0,23.0,25.0,40.0,5.0
2017-04-17,18.0,15.0,0.0,37.0,44.0,70.0,11.0
2017-04-18,19.0,18.0,0.0,41.0,52.0,92.0,11.0
2017-04-19,19.0,16.0,0.0,38.0,58.0,89.0,13.0
2017-04-20,20.0,17.0,0.0,38.0,53.0,88.0,12.0
2017-04-21,18.0,15.0,0.0,38.0,49.0,74.0,12.0
2017-04-22,7.0,6.0,0.0,23.0,28.0,47.0,7.0
2017-04-23,5.0,6.0,0.0,21.0,28.0,55.0,5.0
2017-04-24,22.0,18.0,0.0,41.0,60.0,95.0,13.0
2017-04-25,26.0,20.0,0.0,43.0,57.0,97.0,12.0
2017-04-26,25.0,19.0,0.0,42.0,61.0,92.0,12.0
2017-04-27,24.0,19.0,0.0,41.0,57.0,88.0,12.0
2017-04-28,22.0,17.0,0.0,40.0,45.0,71.0,11.0
2017-04-29,8.0,7.0,0.0,22.0,28.0,44.0,7.0
2017-04-30,6.0,5.0,0.0,23.0,30.0,56.0,6.0
2017-05-01,21.0,17.0,0.0,38.0,57.0,98.0,11.0
2017-05-02,24.0,18.0,0.0,43.0,57.0,98.0,12.0
2017-05-03,23.0,17.0,0.0,42.0,55.0,94.0,12.0
2017-05-04,22.0,16.0,0.0,45.0,59.0,95.0,16.0
2017-05-05,20.0,15.0,0.0,42.0,44.0,81.0,17.0
2017-05-06,8.0,7.0,0.0,26.0,28.0,44.0,8.0
2017-05-07,6.0,7.0,0.0,27.0,24.0,59.0,7.0
2017-05-08,20.0,15.0,0.0,44.0,54.0,90.0,13.0
2017-05-09,23.0,17.0,0.0,45.0,59.0,98.0,13.0
2017-05-10,22.0,15.0,0.0,42.0,51.0,86.0,13.0
2017-05-11,23.0,17.0,0.0,41.0,55.0,92.0,12.0
2017-05-12,19.0,15.0,0.0,40.0,47.0,72.0,11.0
2017-05-13,8.0,6.0,0.0,24.0,25.0,46.0,6.0
2017-05-14,6.0,6.0,0.0,26.0,20.0,49.0,5.0
2017-05-15,20.0,17.0,0.0,47.0,49.0,93.0,14.0
2017-05-16,22.0,17.0,0.0,45.0,57.0,89.0,13.0
2017-05-17,26.0,22.0,0.0,45.0,46.0,88.0,12.0
2017-05-18,27.0,24.0,0.0,45.0,47.0,87.0,11.0
2017-05-19,22.0,18.0,0.0,41.0,39.0,66.0,11.0
2017-05-20,8.0,6.0,0.0,25.0,22.0,43.0,7.0
2017-05-21,7.0,4.0,0.0,23.0,27.0,45.0,6.0
2017-05-22,20.0,15.0,0.0,41.0,51.0,85.0,11.0
2017-05-23,21.0,19.0,0.0,40.0,48.0,86.0,12.0
2017-05-24,21.0,18.0,0.0,41.0,44.0,74.0,12.0
2017-05-25,22.0,19.0,0.0,43.0,50.0,74.0,14.0
2017-05-26,20.0,16.0,0.0,36.0,34.0,60.0,12.0
2017-05-27,31.0,6.0,0.0,22.0,23.0,40.0,7.0
2017-05-28,6.0,5.0,0.0,23.0,19.0,41.0,5.0
2017-05-29,12.0,6.0,0.0,30.0,36.0,62.0,8.0
2017-05-30,20.0,17.0,0.0,36.0,51.0,71.0,11.0
2017-05-31,20.0,15.0,0.0,38.0,49.0,80.0,12.0
2017-06-01,20.0,16.0,0.0,39.0,77.0,89.0,12.0
2017-06-02,22.0,19.0,0.0,37.0,100.0,100.0,12.0
2017-06-03,7.0,6.0,0.0,24.0,55.0,63.0,6.0
2017-06-04,7.0,6.0,0.0,24.0,43.0,55.0,6.0
2017-06-05,19.0,17.0,0.0,38.0,58.0,82.0,15.0
2017-06-06,20.0,16.0,0.0,42.0,61.0,81.0,13.0
2017-06-07,20.0,16.0,0.0,39.0,62.0,79.0,16.0
2017-06-08,20.0,16.0,0.0,38.0,55.0,78.0,14.0
2017-06-09,36.0,17.0,0.0,39.0,48.0,56.0,13.0
2017-06-10,14.0,6.0,0.0,24.0,27.0,39.0,6.0
2017-06-11,8.0,5.0,0.0,25.0,26.0,50.0,6.0
2017-06-12,29.0,15.0,0.0,40.0,43.0,64.0,12.0
2017-06-13,25.0,16.0,0.0,40.0,50.0,63.0,12.0
2017-06-14,23.0,17.0,0.0,39.0,50.0,66.0,15.0
2017-06-15,25.0,16.0,0.0,38.0,51.0,67.0,14.0
2017-06-16,22.0,15.0,0.0,37.0,43.0,55.0,12.0
2017-06-17,8.0,5.0,0.0,22.0,30.0,34.0,7.0
2017-06-18,7.0,5.0,0.0,24.0,24.0,40.0,6.0
2017-06-19,22.0,17.0,0.0,37.0,40.0,65.0,13.0
2017-06-20,23.0,17.0,0.0,41.0,54.0,60.0,18.0
2017-06-21,23.0,17.0,0.0,39.0,47.0,60.0,20.0
2017-06-22,23.0,15.0,0.0,39.0,41.0,64.0,17.0
2017-06-23,22.0,16.0,0.0,37.0,45.0,54.0,13.0
2017-06-24,7.0,6.0,0.0,23.0,31.0,30.0,7.0
2017-06-25,6.0,5.0,0.0,24.0,24.0,36.0,7.0
2017-06-26,21.0,16.0,0.0,43.0,52.0,54.0,15.0
2017-06-27,22.0,15.0,0.0,41.0,50.0,53.0,14.0
2017-06-28,26.0,18.0,0.0,43.0,41.0,55.0,13.0
2017-06-29,27.0,18.0,0.0,41.0,35.0,54.0,12.0
2017-06-30,24.0,16.0,0.0,37.0,40.0,49.0,13.0
2017-07-01,7.0,5.0,0.0,22.0,22.0,32.0,6.0
2017-07-02,6.0,5.0,0.0,25.0,21.0,38.0,6.0
2017-07-03,23.0,13.0,0.0,35.0,37.0,50.0,11.0
2017-07-04,20.0,8.0,0.0,32.0,36.0,48.0,10.0
2017-07-05,23.0,15.0,0.0,39.0,41.0,56.0,15.0
2017-07-06,24.0,15.0,0.0,40.0,44.0,60.0,13.0
2017-07-07,22.0,16.0,0.0,37.0,47.0,50.0,13.0
2017-07-08,7.0,6.0,0.0,22.0,27.0,31.0,8.0
2017-07-09,6.0,5.0,0.0,25.0,26.0,42.0,7.0
2017-07-10,19.0,15.0,0.0,37.0,47.0,55.0,12.0
2017-07-11,21.0,14.0,0.0,40.0,49.0,57.0,12.0
2017-07-12,22.0,15.0,0.0,41.0,45.0,51.0,13.0
2017-07-13,22.0,16.0,0.0,39.0,43.0,57.0,12.0
2017-07-14,22.0,16.0,0.0,37.0,36.0,45.0,11.0
2017-07-15,7.0,6.0,0.0,23.0,22.0,34.0,6.0
2017-07-16,6.0,5.0,0.0,21.0,22.0,37.0,6.0
2017-07-17,19.0,18.0,0.0,37.0,49.0,57.0,11.0
2017-07-18,24.0,16.0,0.0,38.0,52.0,52.0,12.0
2017-07-19,23.0,17.0,0.0,40.0,43.0,57.0,13.0
2017-07-20,24.0,19.0,0.0,38.0,40.0,50.0,12.0
2017-07-21,21.0,15.0,0.0,33.0,37.0,45.0,11.0
2017-07-22,7.0,5.0,0.0,22.0,22.0,34.0,6.0
2017-07-23,6.0,6.0,0.0,23.0,25.0,37.0,6.0
2017-07-24,22.0,14.0,0.0,36.0,41.0,54.0,12.0
2017-07-25,24.0,18.0,0.0,38.0,46.0,58.0,13.0
2017-07-26,25.0,18.0,0.0,39.0,41.0,60.0,14.0
2017-07-27,30.0,19.0,0.0,41.0,39.0,55.0,12.0
2017-07-28,25.0,18.0,0.0,35.0,42.0,44.0,12.0
2017-07-29,9.0,6.0,0.0,20.0,26.0,39.0,7.0
2017-07-30,7.0,5.0,0.0,23.0,24.0,36.0,6.0
2017-07-31,22.0,17.0,0.0,36.0,36.0,52.0,13.0
2017-08-01,26.0,20.0,0.0,42.0,39.0,60.0,15.0
2017-08-02,26.0,20.0,0.0,40.0,45.0,53.0,13.0
2017-08-03,25.0,19.0,0.0,39.0,43.0,59.0,12.0
2017-08-04,23.0,19.0,0.0,38.0,43.0,51.0,11.0
2017-08-05,7.0,7.0,0.0,26.0,20.0,36.0,6.0
2017-08-06,7.0,5.0,0.0,25.0,22.0,34.0,5.0
2017-08-07,22.0,17.0,0.0,40.0,41.0,51.0,11.0
2017-08-08,24.0,18.0,0.0,42.0,45.0,54.0,12.0
2017-08-09,24.0,19.0,0.0,41.0,43.0,60.0,12.0
2017-08-10,26.0,20.0,0.0,42.0,38.0,57.0,12.0
2017-08-11,26.0,21.0,0.0,37.0,36.0,45.0,11.0
2017-08-12,7.0,7.0,0.0,21.0,25.0,32.0,6.0
2017-08-13,6.0,5.0,0.0,21.0,24.0,35.0,6.0
2017-08-14,21.0,18.0,0.0,36.0,41.0,52.0,11.0
2017-08-15,23.0,19.0,0.0,35.0,40.0,52.0,12.0
2017-08-16,23.0,18.0,0.0,38.0,34.0,59.0,12.0
2017-08-17,23.0,19.0,0.0,39.0,38.0,58.0,11.0
2017-08-18,23.0,21.0,0.0,36.0,40.0,50.0,11.0
2017-08-19,7.0,7.0,0.0,21.0,23.0,32.0,6.0
2017-08-20,6.0,4.0,0.0,21.0,24.0,40.0,5.0
2017-08-21,20.0,17.0,0.0,31.0,39.0,54.0,11.0
2017-08-22,23.0,19.0,0.0,36.0,36.0,54.0,10.0
2017-08-23,22.0,17.0,0.0,35.0,46.0,52.0,10.0
2017-08-24,21.0,17.0,0.0,34.0,49.0,57.0,11.0
2017-08-25,20.0,15.0,0.0,32.0,34.0,46.0,10.0
2017-08-26,7.0,6.0,0.0,21.0,18.0,32.0,7.0
2017-08-27,4.0,4.0,0.0,21.0,22.0,35.0,7.0
2017-08-28,19.0,15.0,0.0,35.0,40.0,57.0,14.0
2017-08-29,23.0,18.0,0.0,39.0,36.0,56.0,14.0
2017-08-30,22.0,17.0,0.0,37.0,40.0,60.0,13.0
2017-08-31,22.0,18.0,0.0,41.0,43.0,53.0,14.0
2017-09-01,22.0,18.0,0.0,38.0,35.0,45.0,13.0
2017-09-02,7.0,6.0,0.0,24.0,22.0,33.0,8.0
2017-09-03,6.0,6.0,0.0,24.0,25.0,38.0,7.0
2017-09-04,13.0,7.0,0.0,33.0,34.0,55.0,9.0
2017-09-05,23.0,18.0,0.0,40.0,47.0,60.0,12.0
2017-09-06,22.0,18.0,0.0,40.0,49.0,61.0,12.0
2017-09-07,23.0,15.0,0.0,39.0,48.0,64.0,12.0
2017-09-08,20.0,13.0,0.0,38.0,40.0,54.0,11.0
2017-09-09,7.0,5.0,0.0,22.0,21.0,39.0,7.0
2017-09-10,5.0,4.0,0.0,22.0,25.0,48.0,7.0
2017-09-11,20.0,15.0,0.0,38.0,38.0,68.0,11.0
2017-09-12,24.0,19.0,0.0,40.0,45.0,62.0,11.0
2017-09-13,23.0,18.0,0.0,39.0,44.0,67.0,11.0
2017-09-14,23.0,18.0,0.0,40.0,42.0,63.0,11.0
2017-09-15,20.0,16.0,0.0,37.0,48.0,56.0,11.0
2017-09-16,7.0,6.0,0.0,24.0,28.0,40.0,7.0
2017-09-17,6.0,5.0,0.0,23.0,25.0,43.0,6.0
2017-09-18,20.0,18.0,0.0,40.0,45.0,70.0,11.0
2017-09-19,22.0,19.0,0.0,40.0,48.0,71.0,11.0
2017-09-20,23.0,18.0,0.0,39.0,51.0,67.0,12.0
2017-09-21,23.0,16.0,0.0,39.0,48.0,67.0,11.0
2017-09-22,20.0,15.0,0.0,38.0,45.0,60.0,10.0
2017-09-23,7.0,6.0,0.0,20.0,20.0,37.0,5.0
2017-09-24,6.0,4.0,0.0,21.0,20.0,46.0,6.0
2017-09-25,22.0,15.0,0.0,36.0,45.0,59.0,12.0
2017-09-26,23.0,17.0,0.0,40.0,50.0,69.0,13.0
2017-09-27,24.0,17.0,0.0,40.0,46.0,70.0,13.0
2017-09-28,25.0,16.0,0.0,40.0,46.0,64.0,12.0
2017-09-29,22.0,16.0,0.0,39.0,35.0,54.0,11.0
2017-09-30,8.0,7.0,0.0,24.0,20.0,33.0,7.0
2017-10-01,5.0,6.0,0.0,24.0,24.0,37.0,6.0
2017-10-02,21.0,17.0,0.0,38.0,40.0,58.0,12.0
2017-10-03,23.0,17.0,0.0,43.0,48.0,71.0,11.0
2017-10-04,23.0,18.0,0.0,44.0,42.0,68.0,11.0
2017-10-05,23.0,18.0,0.0,41.0,49.0,79.0,11.0
2017-10-06,21.0,19.0,0.0,40.0,43.0,57.0,10.0
2017-10-07,7.0,7.0,0.0,27.0,25.0,39.0,6.0
2017-10-08,7.0,6.0,0.0,28.0,35.0,47.0,6.0
2017-10-09,20.0,15.0,0.0,40.0,51.0,76.0,10.0
2017-10-10,22.0,17.0,0.0,43.0,61.0,77.0,10.0
2017-10-11,23.0,18.0,0.0,42.0,48.0,77.0,10.0
2017-10-12,25.0,17.0,0.0,46.0,49.0,79.0,10.0
2017-10-13,20.0,18.0,0.0,42.0,49.0,63.0,10.0
2017-10-14,7.0,7.0,0.0,28.0,26.0,38.0,6.0
2017-10-15,7.0,6.0,0.0,27.0,30.0,49.0,6.0
2017-10-16,22.0,16.0,0.0,42.0,51.0,78.0,11.0
2017-10-17,21.0,18.0,0.0,46.0,59.0,79.0,11.0
2017-10-18,23.0,18.0,0.0,46.0,54.0,76.0,11.0
2017-10-19,25.0,18.0,0.0,43.0,48.0,69.0,10.0
2017-10-20,23.0,19.0,0.0,40.0,39.0,62.0,9.0
2017-10-21,8.0,6.0,0.0,24.0,24.0,39.0,6.0
2017-10-22,7.0,5.0,0.0,27.0,32.0,44.0,5.0
2017-10-23,22.0,17.0,0.0,42.0,50.0,79.0,10.0
2017-10-24,24.0,18.0,0.0,48.0,51.0,82.0,10.0
2017-10-25,25.0,18.0,0.0,43.0,55.0,79.0,10.0
2017-10-26,27.0,18.0,0.0,42.0,53.0,79.0,10.0
2017-10-27,30.0,19.0,0.0,45.0,44.0,67.0,11.0
2017-10-28,10.0,7.0,0.0,28.0,20.0,38.0,7.0
2017-10-29,7.0,6.0,0.0,31.0,25.0,48.0,6.0
2017-10-30,24.0,17.0,0.0,47.0,55.0,74.0,12.0
2017-10-31,25.0,18.0,0.0,46.0,54.0,78.0,12.0
2017-11-01,28.0,20.0,0.0,54.0,50.0,84.0,13.0
2017-11-02,28.0,17.0,0.0,48.0,46.0,81.0,12.0
2017-11-03,25.0,17.0,0.0,46.0,50.0,67.0,12.0
2017-11-04,10.0,7.0,0.0,30.0,21.0,42.0,8.0
2017-11-05,7.0,6.0,0.0,34.0,28.0,55.0,7.0
2017-11-06,26.0,17.0,0.0,46.0,49.0,82.0,16.0
2017-11-07,26.0,18.0,0.0,56.0,52.0,84.0,18.0
2017-11-08,27.0,18.0,0.0,49.0,52.0,87.0,16.0
2017-11-09,28.0,19.0,0.0,51.0,53.0,88.0,14.0
2017-11-10,25.0,18.0,0.0,45.0,41.0,63.0,13.0
2017-11-11,7.0,6.0,0.0,32.0,34.0,42.0,8.0
2017-11-12,7.0,6.0,0.0,32.0,24.0,50.0,8.0
2017-11-13,24.0,16.0,0.0,45.0,43.0,80.0,14.0
2017-11-14,25.0,18.0,0.0,59.0,49.0,84.0,14.0
2017-11-15,25.0,18.0,0.0,70.0,54.0,88.0,14.0
2017-11-16,27.0,18.0,0.0,59.0,47.0,83.0,12.0
2017-11-17,25.0,16.0,0.0,59.0,49.0,68.0,11.0
2017-11-18,7.0,7.0,0.0,34.0,19.0,40.0,7.0
2017-11-19,7.0,6.0,0.0,31.0,25.0,54.0,6.0
2017-11-20,22.0,15.0,0.0,51.0,50.0,81.0,12.0
2017-11-21,24.0,17.0,0.0,48.0,43.0,79.0,11.0
2017-11-22,24.0,16.0,0.0,48.0,40.0,59.0,11.0
2017-11-23,15.0,8.0,0.0,38.0,39.0,61.0,8.0
2017-11-24,19.0,11.0,0.0,43.0,27.0,45.0,8.0
2017-11-25,7.0,7.0,0.0,31.0,22.0,38.0,6.0
2017-11-26,7.0,6.0,0.0,33.0,28.0,46.0,6.0
2017-11-27,21.0,15.0,0.0,53.0,52.0,85.0,12.0
2017-11-28,24.0,20.0,0.0,73.0,52.0,85.0,11.0
2017-11-29,38.0,22.0,0.0,57.0,47.0,78.0,11.0
2017-11-30,34.0,22.0,0.0,53.0,46.0,84.0,12.0
2017-12-01,29.0,22.0,0.0,47.0,47.0,69.0,11.0
2017-12-02,10.0,8.0,0.0,29.0,23.0,45.0,7.0
2017-12-03,8.0,7.0,0.0,29.0,23.0,52.0,6.0
2017-12-04,30.0,23.0,0.0,48.0,45.0,79.0,11.0
2017-12-05,31.0,21.0,0.0,46.0,50.0,83.0,10.0
2017-12-06,28.0,19.0,0.0,48.0,59.0,81.0,11.0
2017-12-07,29.0,18.0,0.0,45.0,47.0,82.0,10.0
2017-12-08,27.0,18.0,0.0,48.0,46.0,73.0,10.0
2017-12-09,9.0,8.0,0.0,32.0,22.0,43.0,7.0
2017-12-10,8.0,7.0,0.0,31.0,26.0,51.0,5.0
2017-12-11,25.0,16.0,0.0,50.0,44.0,78.0,11.0
2017-12-12,27.0,19.0,0.0,47.0,48.0,88.0,13.0
2017-12-13,26.0,19.0,0.0,47.0,50.0,80.0,11.0
2017-12-14,25.0,18.0,0.0,52.0,47.0,76.0,11.0
2017-12-15,25.0,20.0,0.0,48.0,38.0,62.0,10.0
2017-12-16,10.0,8.0,0.0,31.0,23.0,37.0,6.0
2017-12-17,8.0,7.0,0.0,35.0,30.0,39.0,6.0
2017-12-18,26.0,19.0,0.0,50.0,38.0,61.0,10.0
2017-12-19,26.0,20.0,0.0,52.0,43.0,62.0,10.0
2017-12-20,28.0,20.0,0.0,48.0,40.0,60.0,10.0
2017-12-21,27.0,20.0,0.0,53.0,30.0,55.0,10.0
2017-12-22,22.0,18.0,0.0,46.0,27.0,40.0,8.0
2017-12-23,9.0,8.0,0.0,29.0,15.0,24.0,5.0
2017-12-24,7.0,5.0,0.0,26.0,15.0,26.0,4.0
2017-12-25,7.0,5.0,0.0,30.0,15.0,28.0,4.0
2017-12-26,19.0,14.0,0.0,44.0,22.0,31.0,10.0
2017-12-27,21.0,18.0,0.0,52.0,26.0,36.0,13.0
2017-12-28,21.0,18.0,0.0,55.0,27.0,37.0,13.0
2017-12-29,21.0,20.0,0.0,52.0,23.0,37.0,14.0
2017-12-30,9.0,9.0,0.0,36.0,23.0,29.0,8.0
2017-12-31,6.0,7.0,0.0,32.0,19.0,27.0,7.0
2018-01-01,8.0,7.0,0.0,36.0,22.0,31.0,9.0
2018-01-02,25.0,20.0,0.0,60.0,36.0,54.0,17.0
2018-01-03,33.0,24.0,0.0,76.0,41.0,57.0,16.0
2018-01-04,29.0,24.0,0.0,71.0,35.0,55.0,15.0
2018-01-05,28.0,25.0,0.0,65.0,35.0,47.0,15.0
2018-01-06,11.0,11.0,0.0,46.0,19.0,38.0,9.0
2018-01-07,9.0,8.0,0.0,47.0,28.0,45.0,7.0
2018-01-08,28.0,23.0,0.0,60.0,42.0,63.0,13.0
2018-01-09,28.0,22.0,0.0,66.0,40.0,79.0,13.0
2018-01-10,29.0,22.0,0.0,61.0,50.0,74.0,13.0
2018-01-11,28.0,22.0,0.0,60.0,47.0,76.0,15.0
2018-01-12,30.0,25.0,0.0,60.0,42.0,61.0,14.0
2018-01-13,10.0,10.0,0.0,39.0,19.0,35.0,8.0
2018-01-14,8.0,8.0,0.0,38.0,19.0,42.0,7.0
2018-01-15,19.0,12.0,0.0,49.0,37.0,65.0,14.0
2018-01-16,29.0,24.0,0.0,59.0,47.0,72.0,14.0
2018-01-17,28.0,24.0,0.0,61.0,48.0,75.0,12.0
2018-01-18,28.0,24.0,0.0,64.0,44.0,75.0,13.0
2018-01-19,26.0,24.0,0.0,57.0,44.0,62.0,12.0
2018-01-20,11.0,11.0,0.0,40.0,23.0,39.0,7.0
2018-01-21,10.0,7.0,0.0,40.0,21.0,44.0,6.0
2018-01-22,27.0,22.0,0.0,58.0,48.0,76.0,11.0
2018-01-23,31.0,26.0,0.0,68.0,52.0,81.0,11.0
2018-01-24,34.0,27.0,0.0,63.0,49.0,80.0,12.0
2018-01-25,31.0,24.0,0.0,63.0,55.0,72.0,13.0
2018-01-26,30.0,26.0,0.0,55.0,41.0,63.0,11.0
2018-01-27,10.0,10.0,0.0,43.0,22.0,38.0,8.0
2018-01-28,7.0,9.0,0.0,44.0,22.0,47.0,6.0
2018-01-29,28.0,24.0,0.0,54.0,49.0,78.0,12.0
2018-01-30,31.0,30.0,0.0,59.0,49.0,79.0,12.0
2018-01-31,29.0,30.0,0.0,55.0,67.0,79.0,12.0
2018-02-01,36.0,27.0,0.0,55.0,48.0,81.0,12.0
2018-02-02,34.0,35.0,0.0,55.0,48.0,63.0,12.0
2018-02-03,14.0,15.0,0.0,38.0,27.0,39.0,7.0
2018-02-04,8.0,10.0,0.0,36.0,22.0,48.0,6.0
2018-02-05,46.0,57.0,0.0,66.0,44.0,72.0,13.0
2018-02-06,82.0,100.0,0.0,100.0,53.0,86.0,14.0
2018-02-07,46.0,52.0,0.0,68.0,49.0,80.0,12.0
2018-02-08,47.0,62.0,0.0,65.0,49.0,78.0,12.0
2018-02-09,52.0,70.0,0.0,63.0,36.0,66.0,13.0
2018-02-10,15.0,20.0,0.0,38.0,26.0,37.0,7.0
2018-02-11,9.0,13.0,0.0,37.0,35.0,46.0,6.0
2018-02-12,36.0,43.0,0.0,55.0,38.0,78.0,12.0
2018-02-13,36.0,41.0,0.0,50.0,52.0,82.0,12.0
2018-02-14,37.0,38.0,0.0,52.0,40.0,74.0,11.0
2018-02-15,33.0,36.0,0.0,52.0,49.0,75.0,11.0
2018-02-16,33.0,32.0,0.0,48.0,43.0,60.0,10.0
2018-02-17,11.0,11.0,0.0,31.0,22.0,41.0,6.0
2018-02-18,7.0,7.0,0.0,30.0,20.0,47.0,6.0
2018-02-19,21.0,15.0,0.0,38.0,43.0,60.0,10.0
2018-02-20,30.0,30.0,0.0,47.0,49.0,79.0,10.0
2018-02-21,34.0,30.0,0.0,46.0,59.0,80.0,10.0
2018-02-22,30.0,29.0,0.0,44.0,51.0,79.0,10.0
2018-02-23,30.0,28.0,0.0,44.0,40.0,67.0,10.0
2018-02-24,10.0,10.0,0.0,30.0,25.0,38.0,6.0
2018-02-25,7.0,8.0,0.0,29.0,34.0,50.0,5.0
2018-02-26,29.0,28.0,0.0,48.0,52.0,87.0,11.0
2018-02-27,32.0,29.0,0.0,50.0,58.0,85.0,11.0
2018-02-28,31.0,29.0,0.0,43.0,50.0,80.0,10.0
2018-03-01,32.0,32.0,0.0,46.0,45.0,76.0,10.0
2018-03-02,36.0,34.0,0.0,47.0,44.0,62.0,9.0
2018-03-03,11.0,11.0,0.0,27.0,21.0,42.0,6.0
2018-03-04,8.0,8.0,0.0,28.0,32.0,48.0,6.0
2018-03-05,26.0,26.0,0.0,41.0,50.0,77.0,11.0
2018-03-06,29.0,28.0,0.0,40.0,49.0,85.0,10.0
2018-03-07,34.0,31.0,0.0,44.0,47.0,78.0,10.0
2018-03-08,33.0,26.0,0.0,49.0,46.0,82.0,9.0
2018-03-09,31.0,29.0,0.0,43.0,46.0,66.0,8.0
2018-03-10,12.0,11.0,0.0,29.0,23.0,42.0,6.0
2018-03-11,7.0,7.0,0.0,28.0,22.0,48.0,5.0
2018-03-12,27.0,24.0,0.0,42.0,52.0,73.0,9.0
2018-03-13,37.0,24.0,0.0,37.0,52.0,81.0,9.0
2018-03-14,34.0,23.0,0.0,39.0,48.0,75.0,9.0
2018-03-15,33.0,23.0,0.0,41.0,46.0,75.0,8.0
2018-03-16,29.0,21.0,0.0,39.0,42.0,60.0,8.0
2018-03-17,9.0,7.0,0.0,24.0,19.0,38.0,5.0
2018-03-18,7.0,6.0,0.0,25.0,27.0,51.0,5.0
2018-03-19,34.0,26.0,0.0,42.0,45.0,77.0,9.0
2018-03-20,36.0,25.0,0.0,40.0,48.0,79.0,10.0
2018-03-21,34.0,25.0,0.0,41.0,43.0,76.0,10.0
2018-03-22,37.0,32.0,0.0,43.0,48.0,77.0,9.0
2018-03-23,41.0,39.0,0.0,44.0,44.0,64.0,9.0
2018-03-24,13.0,13.0,0.0,27.0,24.0,35.0,6.0
2018-03-25,9.0,8.0,0.0,26.0,25.0,47.0,6.0
2018-03-26,38.0,33.0,0.0,46.0,41.0,70.0,10.0
2018-03-27,42.0,34.0,0.0,43.0,46.0,77.0,10.0
2018-03-28,46.0,35.0,0.0,43.0,44.0,67.0,10.0
2018-03-29,36.0,30.0,0.0,40.0,44.0,63.0,8.0
2018-03-30,21.0,17.0,0.0,28.0,34.0,43.0,7.0
2018-03-31,8.0,7.0,0.0,21.0,23.0,33.0,5.0
2018-04-01,8.0,6.0,0.0,23.0,20.0,38.0,5.0
2018-04-02,39.0,38.0,0.0,42.0,41.0,56.0,10.0
2018-04-03,43.0,37.0,0.0,41.0,46.0,73.0,9.0
2018-04-04,41.0,41.0,0.0,41.0,43.0,70.0,9.0
2018-04-05,36.0,30.0,0.0,41.0,44.0,63.0,9.0
2018-04-06,37.0,34.0,0.0,40.0,42.0,64.0,8.0
2018-04-07,11.0,12.0,0.0,26.0,25.0,43.0,5.0
2018-04-08,7.0,8.0,0.0,23.0,25.0,48.0,5.0
2018-04-09,34.0,29.0,0.0,42.0,50.0,80.0,9.0
2018-04-10,34.0,31.0,0.0,41.0,50.0,81.0,9.0
2018-04-11,34.0,28.0,0.0,40.0,51.0,77.0,11.0
2018-04-12,33.0,26.0,0.0,41.0,48.0,78.0,11.0
2018-04-13,29.0,25.0,0.0,39.0,45.0,65.0,10.0
2018-04-14,10.0,9.0,0.0,23.0,25.0,40.0,8.0
2018-04-15,7.0,8.0,0.0,26.0,26.0,47.0,7.0
2018-04-16,28.0,24.0,0.0,38.0,54.0,85.0,11.0
2018-04-17,31.0,27.0,0.0,41.0,52.0,86.0,11.0
2018-04-18,35.0,25.0,0.0,43.0,51.0,85.0,11.0
2018-04-19,33.0,25.0,0.0,42.0,58.0,83.0,14.0
2018-04-20,30.0,24.0,0.0,37.0,41.0,75.0,14.0
2018-04-21,8.0,7.0,0.0,23.0,25.0,43.0,7.0
2018-04-22,7.0,6.0,0.0,24.0,28.0,55.0,7.0
2018-04-23,30.0,22.0,0.0,39.0,51.0,84.0,11.0
2018-04-24,34.0,26.0,0.0,41.0,40.0,84.0,12.0
2018-04-25,37.0,31.0,0.0,39.0,44.0,76.0,12.0
2018-04-26,34.0,25.0,0.0,37.0,50.0,77.0,11.0
2018-04-27,34.0,24.0,0.0,36.0,41.0,75.0,10.0
2018-04-28,10.0,8.0,0.0,23.0,24.0,40.0,6.0
2018-04-29,7.0,7.0,0.0,24.0,27.0,50.0,6.0
2018-04-30,28.0,21.0,0.0,38.0,47.0,78.0,12.0
2018-05-01,30.0,25.0,0.0,37.0,53.0,84.0,13.0
2018-05-02,33.0,22.0,0.0,37.0,44.0,81.0,10.0
2018-05-03,34.0,25.0,0.0,37.0,48.0,87.0,10.0
2018-05-04,29.0,24.0,0.0,35.0,47.0,72.0,10.0
2018-05-05,9.0,9.0,0.0,23.0,21.0,38.0,6.0
2018-05-06,6.0,7.0,0.0,23.0,26.0,46.0,5.0
2018-05-07,28.0,22.0,0.0,39.0,49.0,74.0,13.0
2018-05-08,33.0,23.0,0.0,39.0,52.0,80.0,24.0
2018-05-09,28.0,25.0,0.0,42.0,41.0,73.0,23.0
2018-05-10,30.0,25.0,0.0,43.0,53.0,79.0,18.0
2018-05-11,28.0,23.0,0.0,41.0,45.0,63.0,14.0
2018-05-12,8.0,9.0,0.0,22.0,29.0,40.0,8.0
2018-05-13,6.0,6.0,0.0,26.0,23.0,42.0,7.0
2018-05-14,27.0,20.0,0.0,40.0,48.0,74.0,12.0
2018-05-15,30.0,23.0,0.0,40.0,48.0,79.0,13.0
2018-05-16,29.0,22.0,0.0,41.0,52.0,72.0,11.0
2018-05-17,29.0,22.0,0.0,42.0,52.0,83.0,14.0
2018-05-18,27.0,19.0,0.0,37.0,35.0,63.0,12.0
2018-05-19,8.0,6.0,0.0,22.0,24.0,36.0,7.0
2018-05-20,6.0,6.0,0.0,23.0,23.0,46.0,7.0
2018-05-21,27.0,19.0,0.0,40.0,47.0,79.0,14.0
2018-05-22,30.0,22.0,0.0,42.0,56.0,74.0,14.0
2018-05-23,27.0,20.0,0.0,41.0,56.0,79.0,14.0
2018-05-24,28.0,20.0,0.0,38.0,50.0,71.0,12.0
2018-05-25,25.0,19.0,0.0,35.0,42.0,56.0,16.0
2018-05-26,7.0,7.0,0.0,22.0,21.0,35.0,8.0
2018-05-27,6.0,5.0,0.0,26.0,21.0,41.0,7.0
2018-05-28,16.0,8.0,0.0,31.0,35.0,53.0,12.0
2018-05-29,27.0,20.0,0.0,42.0,49.0,70.0,16.0
2018-05-30,28.0,23.0,0.0,40.0,51.0,64.0,15.0
2018-05-31,32.0,24.0,0.0,40.0,44.0,64.0,12.0
2018-06-01,28.0,22.0,0.0,37.0,39.0,57.0,12.0
2018-06-02,9.0,8.0,0.0,24.0,24.0,34.0,6.0
2018-06-03,6.0,5.0,0.0,26.0,27.0,45.0,6.0
2018-06-04,27.0,20.0,0.0,40.0,41.0,63.0,11.0
2018-06-05,33.0,23.0,0.0,42.0,44.0,72.0,11.0
2018-06-06,33.0,24.0,0.0,44.0,50.0,63.0,10.0
2018-06-07,34.0,23.0,0.0,42.0,42.0,58.0,10.0
2018-06-08,29.0,21.0,0.0,37.0,38.0,51.0,8.0
2018-06-09,9.0,7.0,0.0,26.0,24.0,31.0,6.0
2018-06-10,7.0,6.0,0.0,27.0,21.0,40.0,6.0
2018-06-11,28.0,22.0,0.0,41.0,37.0,57.0,10.0
2018-06-12,29.0,23.0,0.0,44.0,43.0,57.0,9.0
2018-06-13,31.0,22.0,0.0,43.0,41.0,55.0,9.0
2018-06-14,30.0,22.0,0.0,43.0,37.0,54.0,9.0
2018-06-15,29.0,20.0,0.0,38.0,35.0,45.0,9.0
2018-06-16,8.0,7.0,0.0,24.0,18.0,28.0,6.0
2018-06-17,6.0,5.0,0.0,25.0,23.0,30.0,5.0
2018-06-18,27.0,19.0,0.0,41.0,43.0,52.0,9.0
2018-06-19,32.0,24.0,0.0,46.0,40.0,56.0,9.0
2018-06-20,32.0,23.0,0.0,47.0,42.0,53.0,9.0
2018-06-21,31.0,20.0,0.0,44.0,43.0,52.0,9.0
2018-06-22,29.0,19.0,0.0,42.0,35.0,44.0,11.0
2018-06-23,9.0,7.0,0.0,25.0,18.0,30.0,6.0
2018-06-24,5.0,5.0,0.0,25.0,20.0,35.0,6.0
2018-06-25,33.0,24.0,0.0,44.0,42.0,49.0,10.0
2018-06-26,33.0,23.0,0.0,42.0,47.0,54.0,10.0
2018-06-27,30.0,22.0,0.0,43.0,37.0,53.0,11.0
2018-06-28,30.0,24.0,0.0,43.0,37.0,48.0,11.0
2018-06-29,29.0,23.0,0.0,43.0,39.0,45.0,11.0
2018-06-30,8.0,7.0,0.0,25.0,17.0,31.0,7.0
2018-07-01,6.0,6.0,0.0,27.0,21.0,40.0,7.0
2018-07-02,27.0,20.0,0.0,41.0,38.0,47.0,10.0
2018-07-03,27.0,19.0,0.0,45.0,39.0,48.0,10.0
2018-07-04,14.0,9.0,0.0,35.0,31.0,47.0,8.0
2018-07-05,26.0,19.0,0.0,40.0,43.0,50.0,10.0
2018-07-06,28.0,22.0,0.0,39.0,35.0,43.0,10.0
2018-07-07,8.0,7.0,0.0,23.0,19.0,28.0,6.0
2018-07-08,6.0,6.0,0.0,25.0,21.0,36.0,6.0
2018-07-09,27.0,22.0,0.0,57.0,36.0,46.0,10.0
2018-07-10,29.0,24.0,0.0,42.0,35.0,48.0,10.0
2018-07-11,30.0,22.0,0.0,39.0,38.0,50.0,11.0
2018-07-12,29.0,23.0,0.0,47.0,40.0,48.0,11.0
2018-07-13,29.0,23.0,0.0,43.0,41.0,46.0,10.0
2018-07-14,9.0,8.0,0.0,25.0,17.0,32.0,6.0
2018-07-15,6.0,6.0,0.0,27.0,23.0,31.0,6.0
2018-07-16,28.0,21.0,0.0,42.0,41.0,51.0,12.0
2018-07-17,31.0,23.0,0.0,44.0,43.0,51.0,12.0
2018-07-18,31.0,23.0,0.0,45.0,37.0,49.0,11.0
2018-07-19,29.0,21.0,0.0,44.0,39.0,52.0,10.0
2018-07-20,28.0,21.0,0.0,41.0,38.0,43.0,9.0
2018-07-21,9.0,7.0,0.0,27.0,19.0,29.0,6.0
2018-07-22,6.0,6.0,0.0,30.0,24.0,36.0,6.0
2018-07-23,27.0,20.0,0.0,49.0,46.0,50.0,10.0
2018-07-24,31.0,23.0,0.0,54.0,37.0,51.0,9.0
2018-07-25,32.0,25.0,0.0,47.0,40.0,49.0,9.0
2018-07-26,43.0,28.0,0.0,50.0,36.0,50.0,9.0
2018-07-27,39.0,26.0,0.0,50.0,33.0,44.0,8.0
2018-07-28,12.0,8.0,0.0,28.0,19.0,30.0,5.0
2018-07-29,8.0,7.0,0.0,30.0,18.0,37.0,5.0
2018-07-30,36.0,22.0,0.0,44.0,39.0,51.0,10.0
2018-07-31,38.0,27.0,0.0,50.0,45.0,47.0,9.0
2018-08-01,33.0,23.0,0.0,45.0,44.0,50.0,10.0
2018-08-02,39.0,22.0,0.0,47.0,44.0,52.0,9.0
2018-08-03,32.0,20.0,0.0,48.0,37.0,45.0,7.0
2018-08-04,10.0,8.0,0.0,31.0,26.0,34.0,5.0
2018-08-05,7.0,6.0,0.0,33.0,22.0,39.0,5.0
2018-08-06,29.0,20.0,0.0,45.0,39.0,56.0,8.0
2018-08-07,34.0,22.0,0.0,45.0,35.0,53.0,8.0
2018-08-08,32.0,21.0,0.0,49.0,42.0,55.0,10.0
2018-08-09,31.0,21.0,0.0,45.0,43.0,49.0,9.0
2018-08-10,29.0,20.0,0.0,46.0,39.0,46.0,8.0
2018-08-11,9.0,8.0,0.0,31.0,17.0,35.0,5.0
2018-08-12,7.0,6.0,0.0,32.0,24.0,36.0,5.0
2018-08-13,27.0,18.0,0.0,51.0,35.0,52.0,9.0
2018-08-14,26.0,22.0,0.0,51.0,31.0,53.0,9.0
2018-08-15,31.0,23.0,0.0,46.0,36.0,47.0,9.0
2018-08-16,28.0,24.0,0.0,48.0,31.0,51.0,10.0
2018-08-17,29.0,23.0,0.0,43.0,38.0,45.0,9.0
2018-08-18,9.0,8.0,0.0,30.0,18.0,31.0,5.0
2018-08-19,6.0,7.0,0.0,29.0,27.0,37.0,5.0
2018-08-20,28.0,19.0,0.0,46.0,43.0,51.0,8.0
2018-08-21,28.0,26.0,0.0,53.0,46.0,51.0,8.0
2018-08-22,30.0,26.0,0.0,72.0,50.0,51.0,8.0
2018-08-23,26.0,21.0,0.0,56.0,35.0,54.0,8.0
2018-08-24,27.0,24.0,0.0,47.0,38.0,45.0,8.0
2018-08-25,9.0,10.0,0.0,32.0,22.0,32.0,6.0
2018-08-26,7.0,7.0,0.0,32.0,28.0,38.0,5.0
2018-08-27,31.0,26.0,0.0,51.0,38.0,47.0,8.0
2018-08-28,34.0,27.0,0.0,48.0,34.0,55.0,8.0
2018-08-29,34.0,26.0,0.0,51.0,52.0,57.0,8.0
2018-08-30,31.0,24.0,0.0,45.0,51.0,56.0,8.0
2018-08-31,29.0,20.0,0.0,42.0,35.0,50.0,8.0
2018-09-01,9.0,8.0,0.0,28.0,18.0,31.0,5.0
2018-09-02,7.0,6.0,0.0,32.0,19.0,35.0,5.0
2018-09-03,17.0,10.0,0.0,39.0,30.0,46.0,7.0
2018-09-04,30.0,23.0,0.0,41.0,41.0,56.0,10.0
2018-09-05,37.0,24.0,0.0,48.0,45.0,61.0,9.0
2018-09-06,34.0,23.0,0.0,45.0,38.0,59.0,9.0
2018-09-07,28.0,21.0,0.0,44.0,48.0,48.0,9.0
2018-09-08,10.0,8.0,0.0,28.0,21.0,37.0,6.0
2018-09-09,7.0,7.0,0.0,27.0,23.0,41.0,6.0
2018-09-10,30.0,20.0,0.0,38.0,42.0,65.0,11.0
2018-09-11,30.0,23.0,0.0,48.0,56.0,69.0,11.0
2018-09-12,31.0,21.0,0.0,45.0,50.0,60.0,10.0
2018-09-13,36.0,23.0,0.0,45.0,44.0,59.0,9.0
2018-09-14,31.0,21.0,0.0,41.0,39.0,53.0,7.0
2018-09-15,9.0,8.0,0.0,27.0,24.0,37.0,6.0
2018-09-16,7.0,7.0,0.0,27.0,27.0,43.0,5.0
2018-09-17,30.0,20.0,0.0,45.0,41.0,71.0,8.0
2018-09-18,33.0,23.0,0.0,44.0,48.0,72.0,8.0
2018-09-19,34.0,22.0,0.0,54.0,46.0,71.0,9.0
2018-09-20,34.0,26.0,0.0,51.0,49.0,68.0,9.0
2018-09-21,31.0,26.0,0.0,53.0,43.0,58.0,9.0
2018-09-22,9.0,8.0,0.0,30.0,28.0,41.0,6.0
2018-09-23,7.0,7.0,0.0,31.0,26.0,41.0,5.0
2018-09-24,27.0,20.0,0.0,44.0,48.0,63.0,12.0
2018-09-25,28.0,21.0,0.0,48.0,47.0,68.0,14.0
2018-09-26,34.0,22.0,0.0,43.0,51.0,69.0,11.0
2018-09-27,30.0,20.0,0.0,43.0,49.0,59.0,9.0
2018-09-28,29.0,20.0,0.0,43.0,37.0,59.0,9.0
2018-09-29,9.0,8.0,0.0,30.0,20.0,39.0,6.0
2018-09-30,7.0,7.0,0.0,32.0,26.0,45.0,6.0
2018-10-01,29.0,22.0,0.0,48.0,45.0,60.0,12.0
2018-10-02,33.0,23.0,0.0,45.0,52.0,67.0,13.0
2018-10-03,29.0,23.0,0.0,46.0,43.0,67.0,13.0
2018-10-04,34.0,24.0,0.0,48.0,42.0,65.0,13.0
2018-10-05,31.0,23.0,0.0,46.0,41.0,54.0,11.0
2018-10-06,10.0,8.0,0.0,30.0,30.0,38.0,7.0
2018-10-07,7.0,7.0,0.0,29.0,26.0,43.0,6.0
2018-10-08,31.0,21.0,0.0,48.0,46.0,74.0,10.0
2018-10-09,31.0,24.0,0.0,48.0,42.0,76.0,10.0
2018-10-10,46.0,39.0,0.0,52.0,48.0,75.0,11.0
2018-10-11,75.0,59.0,0.0,56.0,50.0,66.0,12.0
2018-10-12,47.0,52.0,0.0,52.0,34.0,64.0,11.0
2018-10-13,13.0,13.0,0.0,30.0,28.0,42.0,7.0
2018-10-14,9.0,10.0,0.0,32.0,33.0,54.0,7.0
2018-10-15,37.0,34.0,0.0,48.0,44.0,75.0,14.0
2018-10-16,37.0,38.0,0.0,51.0,56.0,75.0,12.0
2018-10-17,37.0,32.0,0.0,48.0,45.0,74.0,12.0
2018-10-18,36.0,32.0,0.0,50.0,41.0,65.0,12.0
2018-10-19,36.0,31.0,84.0,43.0,37.0,56.0,11.0
2018-10-20,10.0,11.0,0.0,28.0,23.0,35.0,6.0
2018-10-21,9.0,8.0,0.0,27.0,34.0,48.0,6.0
2018-10-22,33.0,27.0,0.0,44.0,48.0,70.0,11.0
2018-10-23,41.0,37.0,0.0,46.0,48.0,74.0,12.0
2018-10-24,47.0,42.0,0.0,44.0,49.0,73.0,11.0
2018-10-25,61.0,46.0,0.0,49.0,44.0,70.0,10.0
2018-10-26,50.0,44.0,0.0,51.0,38.0,59.0,11.0
2018-10-27,15.0,14.0,0.0,28.0,18.0,37.0,6.0
2018-10-28,9.0,10.0,0.0,28.0,26.0,42.0,5.0
2018-10-29,41.0,38.0,0.0,45.0,45.0,72.0,10.0
2018-10-30,43.0,38.0,0.0,45.0,49.0,73.0,10.0
2018-10-31,42.0,36.0,0.0,45.0,43.0,64.0,10.0
2018-11-01,40.0,33.0,0.0,47.0,44.0,67.0,11.0
2018-11-02,39.0,33.0,0.0,47.0,47.0,60.0,11.0
2018-11-03,10.0,10.0,0.0,28.0,22.0,35.0,7.0
2018-11-04,7.0,8.0,0.0,32.0,27.0,46.0,6.0
2018-11-05,35.0,29.0,0.0,51.0,47.0,75.0,11.0
2018-11-06,35.0,29.0,28.0,49.0,50.0,72.0,10.0
2018-11-07,35.0,33.0,0.0,42.0,50.0,72.0,10.0
2018-11-08,37.0,31.0,0.0,45.0,46.0,73.0,11.0
2018-11-09,34.0,27.0,0.0,40.0,31.0,59.0,15.0
2018-11-10,11.0,9.0,0.0,26.0,21.0,39.0,8.0
2018-11-11,7.0,7.0,0.0,25.0,22.0,48.0,7.0
2018-11-12,34.0,26.0,0.0,40.0,35.0,73.0,15.0
2018-11-13,38.0,31.0,0.0,43.0,47.0,79.0,20.0
2018-11-14,36.0,29.0,0.0,44.0,51.0,82.0,23.0
2018-11-15,36.0,30.0,0.0,43.0,47.0,78.0,18.0
2018-11-16,31.0,26.0,0.0,39.0,43.0,59.0,14.0
2018-11-17,10.0,9.0,0.0,25.0,19.0,39.0,9.0
2018-11-18,7.0,7.0,0.0,28.0,28.0,46.0,7.0
2018-11-19,36.0,27.0,0.0,42.0,46.0,73.0,14.0
2018-11-20,48.0,39.0,0.0,47.0,45.0,69.0,17.0
2018-11-21,42.0,32.0,0.0,48.0,36.0,60.0,19.0
2018-11-22,24.0,14.0,0.0,33.0,30.0,54.0,12.0
2018-11-23,26.0,19.0,0.0,33.0,27.0,41.0,20.0
2018-11-24,9.0,10.0,0.0,25.0,21.0,42.0,14.0
2018-11-25,7.0,7.0,0.0,25.0,31.0,47.0,11.0
2018-11-26,29.0,27.0,0.0,40.0,46.0,82.0,18.0
2018-11-27,33.0,28.0,0.0,44.0,55.0,88.0,17.0
2018-11-28,33.0,30.0,0.0,50.0,53.0,88.0,17.0
2018-11-29,35.0,30.0,0.0,46.0,47.0,88.0,17.0
2018-11-30,34.0,28.0,34.0,47.0,40.0,75.0,16.0
2018-12-01,9.0,10.0,0.0,27.0,25.0,42.0,10.0
2018-12-02,7.0,9.0,0.0,28.0,29.0,52.0,9.0
2018-12-03,35.0,31.0,0.0,47.0,46.0,87.0,19.0
2018-12-04,40.0,37.0,0.0,45.0,51.0,91.0,17.0
2018-12-05,35.0,29.0,0.0,40.0,51.0,78.0,15.0
2018-12-06,40.0,44.0,34.0,45.0,41.0,79.0,18.0
2018-12-07,37.0,37.0,0.0,45.0,41.0,64.0,17.0
2018-12-08,12.0,14.0,0.0,27.0,26.0,40.0,9.0
2018-12-09,8.0,10.0,0.0,28.0,23.0,49.0,8.0
2018-12-10,36.0,38.0,0.0,44.0,47.0,80.0,15.0
2018-12-11,32.0,33.0,0.0,41.0,39.0,82.0,14.0
2018-12-12,33.0,32.0,0.0,41.0,40.0,72.0,12.0
2018-12-13,33.0,28.0,0.0,41.0,38.0,81.0,12.0
2018-12-14,31.0,30.0,0.0,38.0,39.0,61.0,12.0
2018-12-15,10.0,13.0,0.0,24.0,21.0,35.0,8.0
2018-12-16,7.0,9.0,0.0,25.0,23.0,42.0,7.0
2018-12-17,32.0,35.0,0.0,42.0,36.0,62.0,13.0
2018-12-18,35.0,41.0,0.0,42.0,38.0,71.0,18.0
2018-12-19,37.0,43.0,0.0,43.0,43.0,63.0,19.0
2018-12-20,45.0,52.0,0.0,48.0,42.0,52.0,21.0
2018-12-21,48.0,54.0,0.0,50.0,32.0,45.0,17.0
2018-12-22,20.0,21.0,0.0,28.0,15.0,29.0,9.0
2018-12-23,12.0,12.0,0.0,27.0,12.0,24.0,7.0
2018-12-24,42.0,51.0,0.0,42.0,17.0,33.0,14.0
2018-12-25,24.0,30.0,0.0,34.0,15.0,26.0,9.0
2018-12-26,47.0,59.0,0.0,47.0,26.0,35.0,18.0
2018-12-27,52.0,59.0,0.0,51.0,22.0,37.0,17.0
2018-12-28,40.0,53.0,0.0,51.0,28.0,38.0,15.0
2018-12-29,12.0,16.0,0.0,30.0,19.0,25.0,8.0
2018-12-30,8.0,11.0,0.0,30.0,16.0,29.0,8.0
2018-12-31,29.0,35.0,0.0,40.0,25.0,33.0,14.0
2019-01-01,14.0,19.0,0.0,32.0,18.0,31.0,9.0
2019-01-02,36.0,42.0,0.0,45.0,37.0,47.0,15.0
2019-01-03,44.0,50.0,0.0,49.0,37.0,56.0,16.0
2019-01-04,42.0,46.0,0.0,51.0,33.0,44.0,14.0
2019-01-05,13.0,14.0,0.0,31.0,26.0,35.0,8.0
2019-01-06,8.0,10.0,0.0,30.0,21.0,41.0,7.0
2019-01-07,36.0,37.0,0.0,46.0,36.0,63.0,14.0
2019-01-08,37.0,36.0,0.0,49.0,41.0,70.0,13.0
2019-01-09,37.0,37.0,0.0,49.0,47.0,71.0,14.0
2019-01-10,35.0,35.0,0.0,48.0,47.0,68.0,14.0
2019-01-11,33.0,32.0,0.0,43.0,44.0,64.0,12.0
2019-01-12,10.0,11.0,0.0,28.0,27.0,36.0,7.0
2019-01-13,7.0,8.0,0.0,28.0,21.0,44.0,6.0
2019-01-14,30.0,29.0,0.0,41.0,47.0,69.0,13.0
2019-01-15,33.0,33.0,0.0,43.0,46.0,75.0,12.0
2019-01-16,33.0,35.0,0.0,47.0,44.0,73.0,12.0
2019-01-17,31.0,32.0,0.0,45.0,45.0,74.0,12.0
2019-01-18,34.0,32.0,0.0,46.0,42.0,69.0,12.0
2019-01-19,9.0,12.0,0.0,33.0,25.0,36.0,7.0
2019-01-20,7.0,10.0,0.0,32.0,28.0,44.0,6.0
2019-01-21,23.0,17.0,0.0,39.0,39.0,55.0,11.0
2019-01-22,29.0,29.0,0.0,45.0,44.0,77.0,12.0
2019-01-23,32.0,32.0,0.0,45.0,45.0,72.0,11.0
2019-01-24,30.0,28.0,0.0,43.0,48.0,77.0,10.0
2019-01-25,31.0,28.0,0.0,42.0,39.0,60.0,9.0
2019-01-26,9.0,10.0,0.0,29.0,24.0,35.0,6.0
2019-01-27,6.0,7.0,0.0,35.0,28.0,58.0,6.0
2019-01-28,30.0,26.0,0.0,46.0,42.0,73.0,12.0
2019-01-29,29.0,26.0,0.0,48.0,40.0,73.0,11.0
2019-01-30,36.0,27.0,0.0,43.0,40.0,74.0,10.0
2019-01-31,35.0,31.0,0.0,42.0,45.0,74.0,11.0
2019-02-01,35.0,30.0,0.0,53.0,44.0,65.0,10.0
2019-02-02,10.0,10.0,0.0,33.0,27.0,37.0,6.0
2019-02-03,6.0,8.0,0.0,33.0,25.0,48.0,5.0
2019-02-04,28.0,25.0,0.0,43.0,39.0,74.0,10.0
2019-02-05,32.0,29.0,0.0,49.0,46.0,81.0,10.0
2019-02-06,33.0,29.0,0.0,45.0,53.0,78.0,9.0
2019-02-07,30.0,26.0,0.0,51.0,54.0,83.0,9.0
2019-02-08,30.0,26.0,0.0,47.0,49.0,75.0,9.0
2019-02-09,10.0,11.0,0.0,33.0,23.0,43.0,6.0
2019-02-10,7.0,7.0,0.0,34.0,25.0,51.0,5.0
2019-02-11,27.0,23.0,0.0,49.0,47.0,80.0,9.0
2019-02-12,28.0,27.0,0.0,46.0,48.0,80.0,9.0
2019-02-13,32.0,27.0,0.0,50.0,55.0,77.0,8.0
2019-02-14,41.0,26.0,0.0,50.0,52.0,75.0,8.0
2019-02-15,30.0,29.0,0.0,47.0,40.0,63.0,8.0
2019-02-16,9.0,10.0,0.0,33.0,27.0,41.0,6.0
2019-02-17,7.0,8.0,0.0,33.0,24.0,50.0,5.0
2019-02-18,19.0,13.0,0.0,42.0,37.0,58.0,8.0
2019-02-19,28.0,25.0,0.0,44.0,52.0,75.0,9.0
2019-02-20,30.0,27.0,0.0,46.0,49.0,72.0,9.0
2019-02-21,28.0,26.0,0.0,47.0,56.0,74.0,9.0
2019-02-22,28.0,26.0,0.0,43.0,39.0,73.0,8.0
2019-02-23,9.0,11.0,0.0,36.0,30.0,44.0,6.0
2019-02-24,7.0,8.0,0.0,33.0,29.0,51.0,5.0
2019-02-25,30.0,28.0,0.0,47.0,56.0,81.0,11.0
2019-02-26,29.0,27.0,0.0,48.0,53.0,84.0,9.0
2019-02-27,27.0,28.0,0.0,43.0,51.0,82.0,9.0
2019-02-28,30.0,25.0,0.0,42.0,51.0,79.0,9.0
2019-03-01,28.0,27.0,0.0,45.0,43.0,74.0,9.0
2019-03-02,9.0,11.0,0.0,33.0,25.0,36.0,6.0
2019-03-03,7.0,8.0,0.0,37.0,27.0,48.0,5.0
2019-03-04,29.0,26.0,0.0,47.0,46.0,78.0,10.0
2019-03-05,30.0,27.0,0.0,49.0,56.0,91.0,9.0
2019-03-06,28.0,25.0,0.0,48.0,57.0,86.0,8.0
2019-03-07,28.0,24.0,0.0,47.0,48.0,86.0,8.0
2019-03-08,27.0,25.0,0.0,46.0,50.0,66.0,9.0
2019-03-09,9.0,10.0,0.0,32.0,26.0,40.0,6.0
2019-03-10,7.0,7.0,0.0,33.0,25.0,50.0,5.0
2019-03-11,28.0,24.0,0.0,44.0,51.0,83.0,9.0
2019-03-12,30.0,28.0,0.0,50.0,48.0,83.0,8.0
2019-03-13,33.0,27.0,0.0,45.0,59.0,81.0,8.0
2019-03-14,30.0,25.0,0.0,51.0,49.0,82.0,8.0
2019-03-15,30.0,25.0,0.0,51.0,55.0,65.0,8.0
2019-03-16,8.0,10.0,0.0,33.0,23.0,42.0,5.0
2019-03-17,6.0,7.0,0.0,33.0,32.0,50.0,4.0
2019-03-18,28.0,24.0,0.0,49.0,53.0,76.0,8.0
2019-03-19,33.0,28.0,0.0,52.0,50.0,82.0,8.0
2019-03-20,35.0,27.0,0.0,55.0,52.0,81.0,9.0
2019-03-21,31.0,28.0,0.0,50.0,53.0,76.0,8.0
2019-03-22,31.0,28.0,0.0,53.0,45.0,72.0,8.0
2019-03-23,9.0,11.0,0.0,32.0,24.0,40.0,5.0
2019-03-24,7.0,8.0,0.0,32.0,25.0,49.0,4.0
2019-03-25,30.0,28.0,0.0,48.0,46.0,77.0,9.0
2019-03-26,31.0,27.0,0.0,47.0,50.0,81.0,9.0
2019-03-27,30.0,26.0,0.0,45.0,45.0,84.0,9.0
2019-03-28,30.0,25.0,0.0,47.0,50.0,82.0,8.0
2019-03-29,33.0,26.0,0.0,47.0,46.0,73.0,8.0
2019-03-30,9.0,10.0,0.0,31.0,29.0,46.0,5.0
2019-03-31,7.0,8.0,0.0,34.0,26.0,49.0,5.0
2019-04-01,29.0,26.0,0.0,49.0,45.0,82.0,9.0
2019-04-02,30.0,27.0,0.0,53.0,56.0,86.0,10.0
2019-04-03,33.0,29.0,0.0,49.0,55.0,84.0,9.0
2019-04-04,31.0,29.0,0.0,47.0,56.0,81.0,8.0
2019-04-05,31.0,29.0,0.0,46.0,50.0,64.0,8.0
2019-04-06,9.0,10.0,0.0,30.0,25.0,40.0,5.0
2019-04-07,6.0,8.0,0.0,33.0,26.0,48.0,5.0
2019-04-08,28.0,25.0,0.0,47.0,52.0,77.0,9.0
2019-04-09,29.0,24.0,0.0,47.0,57.0,86.0,9.0
2019-04-10,33.0,25.0,0.0,50.0,54.0,82.0,9.0
2019-04-11,29.0,24.0,0.0,46.0,56.0,86.0,9.0
2019-04-12,28.0,26.0,0.0,46.0,48.0,67.0,7.0
2019-04-13,8.0,10.0,0.0,31.0,24.0,36.0,5.0
2019-04-14,7.0,8.0,0.0,34.0,26.0,46.0,5.0
2019-04-15,25.0,24.0,32.0,47.0,52.0,73.0,8.0
2019-04-16,29.0,26.0,0.0,47.0,48.0,73.0,8.0
2019-04-17,32.0,24.0,0.0,49.0,49.0,82.0,7.0
2019-04-18,30.0,25.0,0.0,50.0,51.0,74.0,7.0
2019-04-19,17.0,16.0,0.0,36.0,33.0,54.0,6.0
2019-04-20,7.0,7.0,0.0,29.0,23.0,44.0,4.0
2019-04-21,6.0,7.0,0.0,30.0,29.0,47.0,4.0
2019-04-22,25.0,23.0,0.0,45.0,42.0,75.0,11.0
2019-04-23,30.0,28.0,0.0,48.0,53.0,88.0,11.0
2019-04-24,30.0,31.0,0.0,50.0,56.0,85.0,9.0
2019-04-25,32.0,26.0,0.0,46.0,51.0,82.0,9.0
2019-04-26,30.0,26.0,0.0,49.0,37.0,75.0,9.0
2019-04-27,8.0,9.0,0.0,30.0,28.0,45.0,5.0
2019-04-28,7.0,8.0,0.0,33.0,36.0,57.0,5.0
2019-04-29,29.0,26.0,0.0,46.0,52.0,84.0,9.0
2019-04-30,34.0,27.0,0.0,45.0,52.0,93.0,10.0
2019-05-01,34.0,28.0,0.0,45.0,54.0,84.0,8.0
2019-05-02,31.0,27.0,0.0,48.0,52.0,87.0,9.0
2019-05-03,30.0,29.0,0.0,49.0,42.0,82.0,8.0
2019-05-04,10.0,10.0,0.0,35.0,26.0,46.0,5.0
2019-05-05,7.0,8.0,0.0,35.0,31.0,57.0,5.0
2019-05-06,33.0,33.0,0.0,48.0,55.0,86.0,9.0
2019-05-07,34.0,34.0,0.0,50.0,53.0,94.0,7.0
2019-05-08,33.0,32.0,0.0,46.0,54.0,85.0,7.0
2019-05-09,35.0,32.0,0.0,48.0,52.0,91.0,7.0
2019-05-10,37.0,34.0,0.0,44.0,47.0,73.0,7.0
2019-05-11,10.0,11.0,0.0,28.0,23.0,42.0,5.0
2019-05-12,7.0,8.0,0.0,33.0,28.0,47.0,4.0
2019-05-13,38.0,49.0,0.0,47.0,54.0,84.0,8.0
2019-05-14,38.0,38.0,0.0,49.0,54.0,92.0,9.0
2019-05-15,30.0,31.0,0.0,47.0,49.0,89.0,8.0
2019-05-16,33.0,29.0,0.0,44.0,52.0,86.0,7.0
2019-05-17,32.0,26.0,0.0,41.0,46.0,75.0,7.0
2019-05-18,9.0,9.0,0.0,28.0,23.0,42.0,4.0
2019-05-19,7.0,8.0,0.0,30.0,30.0,49.0,4.0
2019-05-20,31.0,24.0,0.0,51.0,45.0,77.0,7.0
2019-05-21,34.0,24.0,0.0,51.0,50.0,84.0,7.0
2019-05-22,29.0,25.0,0.0,47.0,54.0,78.0,7.0
2019-05-23,30.0,27.0,0.0,42.0,56.0,73.0,9.0
2019-05-24,32.0,26.0,0.0,42.0,46.0,61.0,8.0
2019-05-25,9.0,8.0,0.0,26.0,25.0,42.0,4.0
2019-05-26,6.0,6.0,0.0,28.0,30.0,52.0,4.0
2019-05-27,18.0,10.0,0.0,35.0,39.0,57.0,5.0
2019-05-28,27.0,25.0,0.0,42.0,48.0,74.0,7.0
2019-05-29,31.0,31.0,0.0,47.0,54.0,76.0,7.0
2019-05-30,28.0,28.0,0.0,41.0,54.0,74.0,8.0
2019-05-31,33.0,33.0,0.0,45.0,43.0,64.0,9.0
2019-06-01,9.0,11.0,0.0,27.0,28.0,41.0,6.0
2019-06-02,7.0,8.0,0.0,29.0,31.0,51.0,5.0
2019-06-03,29.0,29.0,0.0,42.0,49.0,67.0,9.0
2019-06-04,33.0,33.0,0.0,47.0,54.0,70.0,9.0
2019-06-05,30.0,31.0,0.0,45.0,52.0,71.0,10.0
2019-06-06,31.0,28.0,0.0,44.0,46.0,72.0,10.0
2019-06-07,30.0,29.0,0.0,45.0,38.0,60.0,9.0
2019-06-08,10.0,10.0,0.0,32.0,22.0,39.0,5.0
2019-06-09,7.0,8.0,0.0,31.0,29.0,48.0,5.0
2019-06-10,29.0,27.0,28.0,46.0,46.0,71.0,9.0
2019-06-11,31.0,28.0,0.0,44.0,46.0,76.0,9.0
2019-06-12,29.0,24.0,0.0,45.0,48.0,61.0,10.0
2019-06-13,30.0,25.0,0.0,50.0,49.0,68.0,16.0
2019-06-14,27.0,23.0,32.0,48.0,38.0,58.0,13.0
2019-06-15,8.0,9.0,0.0,37.0,22.0,37.0,6.0
2019-06-16,6.0,7.0,0.0,40.0,23.0,43.0,5.0
2019-06-17,28.0,23.0,0.0,48.0,50.0,61.0,10.0
2019-06-18,33.0,28.0,0.0,48.0,45.0,67.0,10.0
2019-06-19,30.0,28.0,0.0,50.0,56.0,61.0,9.0
2019-06-20,33.0,33.0,0.0,56.0,45.0,63.0,12.0
2019-06-21,30.0,31.0,0.0,50.0,46.0,54.0,12.0
2019-06-22,9.0,9.0,0.0,40.0,22.0,37.0,7.0
2019-06-23,6.0,7.0,0.0,39.0,25.0,46.0,6.0
2019-06-24,27.0,24.0,0.0,52.0,46.0,57.0,10.0
2019-06-25,29.0,25.0,0.0,47.0,48.0,64.0,10.0
2019-06-26,33.0,26.0,0.0,55.0,46.0,60.0,10.0
2019-06-27,30.0,25.0,0.0,50.0,41.0,57.0,9.0
2019-06-28,27.0,25.0,0.0,52.0,33.0,49.0,8.0
2019-06-29,9.0,10.0,0.0,31.0,21.0,36.0,6.0
2019-06-30,6.0,7.0,0.0,32.0,28.0,42.0,5.0
2019-07-01,27.0,29.0,0.0,45.0,47.0,52.0,9.0
2019-07-02,29.0,26.0,0.0,47.0,39.0,55.0,9.0
2019-07-03,31.0,29.0,0.0,48.0,38.0,52.0,8.0
2019-07-04,16.0,13.0,0.0,43.0,35.0,52.0,6.0
2019-07-05,27.0,26.0,0.0,44.0,34.0,48.0,7.0
2019-07-06,8.0,9.0,0.0,32.0,25.0,35.0,4.0
2019-07-07,5.0,7.0,0.0,36.0,26.0,39.0,4.0
2019-07-08,26.0,25.0,0.0,49.0,42.0,52.0,7.0
2019-07-09,28.0,26.0,0.0,51.0,41.0,58.0,7.0
2019-07-10,33.0,31.0,0.0,50.0,40.0,59.0,7.0
2019-07-11,30.0,31.0,0.0,51.0,44.0,56.0,8.0
2019-07-12,28.0,29.0,0.0,46.0,38.0,47.0,7.0
2019-07-13,9.0,11.0,0.0,31.0,28.0,35.0,5.0
2019-07-14,6.0,7.0,0.0,34.0,23.0,36.0,4.0
2019-07-15,28.0,26.0,0.0,54.0,47.0,55.0,7.0
2019-07-16,30.0,27.0,0.0,52.0,51.0,58.0,7.0
2019-07-17,31.0,25.0,0.0,52.0,44.0,57.0,9.0
2019-07-18,28.0,25.0,0.0,56.0,39.0,57.0,9.0
2019-07-19,28.0,24.0,0.0,59.0,47.0,48.0,9.0
2019-07-20,8.0,10.0,82.0,31.0,28.0,37.0,5.0
2019-07-21,7.0,7.0,0.0,35.0,23.0,44.0,5.0
2019-07-22,29.0,24.0,0.0,49.0,39.0,55.0,9.0
2019-07-23,32.0,26.0,0.0,49.0,38.0,53.0,8.0
2019-07-24,30.0,26.0,0.0,45.0,43.0,58.0,8.0
2019-07-25,31.0,25.0,0.0,49.0,42.0,53.0,7.0
2019-07-26,32.0,26.0,0.0,54.0,36.0,50.0,7.0
2019-07-27,9.0,10.0,0.0,30.0,20.0,32.0,4.0
2019-07-28,7.0,8.0,0.0,35.0,29.0,46.0,4.0
2019-07-29,29.0,24.0,79.0,54.0,45.0,55.0,7.0
2019-07-30,32.0,26.0,0.0,51.0,47.0,55.0,7.0
2019-07-31,33.0,31.0,0.0,51.0,47.0,59.0,7.0
2019-08-01,34.0,34.0,0.0,51.0,37.0,56.0,9.0
2019-08-02,34.0,33.0,0.0,56.0,31.0,43.0,9.0
2019-08-03,9.0,11.0,0.0,29.0,23.0,36.0,5.0
2019-08-04,7.0,8.0,0.0,31.0,26.0,44.0,4.0
2019-08-05,40.0,44.0,0.0,59.0,37.0,53.0,9.0
2019-08-06,40.0,50.0,0.0,59.0,49.0,59.0,9.0
2019-08-07,39.0,39.0,0.0,60.0,36.0,54.0,10.0
2019-08-08,36.0,37.0,0.0,56.0,41.0,52.0,9.0
2019-08-09,33.0,34.0,0.0,49.0,38.0,51.0,8.0
2019-08-10,10.0,11.0,0.0,34.0,23.0,37.0,5.0
2019-08-11,7.0,8.0,0.0,34.0,26.0,44.0,5.0
2019-08-12,33.0,31.0,0.0,56.0,47.0,52.0,9.0
2019-08-13,33.0,35.0,0.0,55.0,44.0,58.0,9.0
2019-08-14,39.0,50.0,0.0,60.0,45.0,49.0,9.0
2019-08-15,41.0,50.0,0.0,55.0,42.0,53.0,9.0
2019-08-16,34.0,37.0,0.0,54.0,36.0,50.0,7.0
2019-08-17,10.0,12.0,0.0,33.0,27.0,38.0,5.0
2019-08-18,7.0,9.0,0.0,36.0,29.0,40.0,4.0
2019-08-19,30.0,32.0,0.0,54.0,46.0,69.0,7.0
2019-08-20,29.0,32.0,0.0,51.0,42.0,59.0,7.0
2019-08-21,32.0,32.0,0.0,52.0,40.0,57.0,7.0
2019-08-22,31.0,31.0,0.0,49.0,42.0,57.0,7.0
2019-08-23,35.0,37.0,0.0,53.0,43.0,66.0,7.0
2019-08-24,11.0,15.0,0.0,30.0,20.0,37.0,5.0
2019-08-25,8.0,10.0,0.0,35.0,34.0,46.0,4.0
2019-08-26,32.0,36.0,0.0,50.0,39.0,60.0,7.0
2019-08-27,31.0,32.0,0.0,56.0,46.0,59.0,8.0
2019-08-28,31.0,33.0,0.0,54.0,43.0,60.0,8.0
2019-08-29,31.0,32.0,0.0,51.0,41.0,61.0,7.0
2019-08-30,29.0,31.0,0.0,52.0,34.0,53.0,7.0
2019-08-31,9.0,10.0,0.0,32.0,23.0,36.0,5.0
2019-09-01,6.0,7.0,0.0,34.0,25.0,42.0,4.0
2019-09-02,18.0,12.0,0.0,42.0,36.0,54.0,5.0
2019-09-03,27.0,28.0,0.0,50.0,43.0,58.0,7.0
2019-09-04,29.0,29.0,0.0,55.0,52.0,66.0,8.0
2019-09-05,31.0,30.0,0.0,59.0,50.0,65.0,7.0
2019-09-06,30.0,30.0,0.0,55.0,39.0,57.0,7.0
2019-09-07,8.0,9.0,0.0,32.0,28.0,36.0,5.0
2019-09-08,6.0,8.0,0.0,36.0,33.0,52.0,4.0
2019-09-09,29.0,27.0,0.0,51.0,43.0,68.0,8.0
2019-09-10,31.0,27.0,0.0,50.0,45.0,68.0,9.0
2019-09-11,31.0,27.0,0.0,53.0,50.0,72.0,9.0
2019-09-12,30.0,29.0,0.0,51.0,53.0,70.0,9.0
2019-09-13,31.0,28.0,0.0,50.0,49.0,59.0,7.0
2019-09-14,9.0,9.0,0.0,33.0,29.0,42.0,12.0
2019-09-15,7.0,8.0,0.0,36.0,34.0,52.0,23.0
2019-09-16,29.0,25.0,0.0,57.0,50.0,73.0,61.0
2019-09-17,29.0,25.0,0.0,59.0,52.0,78.0,32.0
2019-09-18,29.0,29.0,0.0,54.0,51.0,74.0,19.0
2019-09-19,29.0,28.0,0.0,53.0,57.0,77.0,14.0
2019-09-20,27.0,26.0,0.0,51.0,57.0,75.0,12.0
2019-09-21,8.0,9.0,0.0,36.0,32.0,49.0,7.0
2019-09-22,6.0,8.0,0.0,34.0,33.0,52.0,5.0
2019-09-23,25.0,24.0,0.0,52.0,53.0,77.0,10.0
2019-09-24,28.0,27.0,0.0,55.0,59.0,86.0,9.0
2019-09-25,33.0,27.0,0.0,49.0,62.0,82.0,9.0
2019-09-26,29.0,26.0,0.0,51.0,59.0,79.0,8.0
2019-09-27,29.0,25.0,0.0,51.0,47.0,71.0,9.0
2019-09-28,9.0,8.0,80.0,32.0,29.0,44.0,5.0
2019-09-29,7.0,8.0,0.0,36.0,32.0,55.0,5.0
2019-09-30,25.0,24.0,0.0,48.0,51.0,72.0,9.0
2019-10-01,27.0,26.0,0.0,50.0,49.0,74.0,10.0
2019-10-02,30.0,36.0,0.0,47.0,49.0,75.0,9.0
2019-10-03,31.0,35.0,0.0,50.0,47.0,74.0,10.0
2019-10-04,30.0,29.0,0.0,55.0,51.0,67.0,8.0
2019-10-05,8.0,10.0,0.0,39.0,26.0,43.0,5.0
2019-10-06,6.0,8.0,0.0,38.0,34.0,50.0,5.0
2019-10-07,24.0,24.0,0.0,51.0,41.0,74.0,9.0
2019-10-08,28.0,28.0,0.0,49.0,51.0,73.0,9.0
2019-10-09,27.0,27.0,0.0,50.0,54.0,73.0,8.0
2019-10-10,29.0,27.0,0.0,50.0,56.0,78.0,8.0
2019-10-11,29.0,30.0,0.0,52.0,46.0,66.0,9.0
2019-10-12,9.0,9.0,0.0,33.0,30.0,43.0,5.0
2019-10-13,6.0,7.0,0.0,33.0,29.0,57.0,4.0
2019-10-14,27.0,23.0,0.0,48.0,49.0,71.0,8.0
2019-10-15,27.0,28.0,0.0,49.0,54.0,83.0,7.0
2019-10-16,29.0,28.0,0.0,53.0,52.0,82.0,8.0
2019-10-17,31.0,27.0,0.0,53.0,52.0,81.0,8.0
2019-10-18,25.0,25.0,0.0,50.0,44.0,71.0,7.0
2019-10-19,8.0,8.0,0.0,33.0,22.0,47.0,4.0
2019-10-20,6.0,8.0,0.0,35.0,27.0,55.0,4.0
2019-10-21,27.0,26.0,0.0,49.0,54.0,78.0,7.0
2019-10-22,29.0,26.0,65.0,53.0,49.0,78.0,7.0
2019-10-23,31.0,26.0,100.0,53.0,52.0,80.0,7.0
2019-10-24,29.0,27.0,0.0,48.0,51.0,72.0,7.0
2019-10-25,34.0,29.0,0.0,51.0,42.0,62.0,7.0
2019-10-26,9.0,10.0,0.0,35.0,28.0,41.0,4.0
2019-10-27,6.0,7.0,0.0,37.0,23.0,44.0,4.0
2019-10-28,31.0,30.0,0.0,49.0,39.0,71.0,7.0
2019-10-29,31.0,33.0,0.0,54.0,56.0,75.0,7.0
2019-10-30,30.0,28.0,0.0,54.0,58.0,76.0,7.0
2019-10-31,31.0,29.0,0.0,49.0,52.0,70.0,6.0
2019-11-01,33.0,28.0,0.0,56.0,38.0,62.0,7.0
2019-11-02,8.0,10.0,0.0,37.0,27.0,42.0,4.0
2019-11-03,7.0,8.0,0.0,42.0,29.0,51.0,5.0
2019-11-04,32.0,29.0,0.0,58.0,47.0,82.0,9.0
2019-11-05,31.0,29.0,0.0,60.0,54.0,84.0,8.0
2019-11-06,30.0,27.0,0.0,56.0,51.0,85.0,8.0
2019-11-07,31.0,29.0,0.0,54.0,54.0,85.0,8.0
2019-11-08,29.0,29.0,0.0,55.0,43.0,77.0,7.0
2019-11-09,9.0,10.0,0.0,35.0,22.0,41.0,5.0
2019-11-10,6.0,7.0,0.0,39.0,29.0,55.0,5.0
2019-11-11,28.0,23.0,0.0,49.0,39.0,71.0,8.0
2019-11-12,29.0,27.0,0.0,51.0,47.0,82.0,8.0
2019-11-13,30.0,28.0,0.0,52.0,55.0,83.0,7.0
2019-11-14,29.0,26.0,0.0,51.0,46.0,84.0,7.0
2019-11-15,29.0,28.0,0.0,50.0,52.0,75.0,7.0
2019-11-16,10.0,12.0,0.0,41.0,26.0,40.0,5.0
2019-11-17,7.0,9.0,0.0,42.0,31.0,60.0,4.0
2019-11-18,27.0,27.0,0.0,54.0,50.0,86.0,9.0
2019-11-19,28.0,28.0,0.0,56.0,59.0,89.0,8.0
2019-11-20,26.0,29.0,0.0,56.0,55.0,90.0,8.0
2019-11-21,30.0,28.0,0.0,54.0,53.0,83.0,7.0
2019-11-22,28.0,25.0,0.0,51.0,49.0,74.0,6.0
2019-11-23,8.0,10.0,0.0,38.0,29.0,44.0,4.0
2019-11-24,6.0,6.0,0.0,38.0,28.0,54.0,4.0
2019-11-25,34.0,24.0,0.0,51.0,46.0,73.0,7.0
2019-11-26,29.0,28.0,0.0,56.0,49.0,82.0,7.0
2019-11-27,28.0,25.0,0.0,54.0,44.0,67.0,6.0
2019-11-28,19.0,13.0,0.0,46.0,34.0,57.0,4.0
2019-11-29,22.0,17.0,0.0,42.0,24.0,53.0,5.0
2019-11-30,8.0,9.0,0.0,33.0,25.0,40.0,4.0
2019-12-01,6.0,7.0,0.0,35.0,29.0,53.0,5.0
2019-12-02,26.0,24.0,0.0,49.0,47.0,79.0,8.0
2019-12-03,29.0,30.0,0.0,52.0,50.0,89.0,7.0
2019-12-04,29.0,29.0,0.0,54.0,49.0,84.0,8.0
2019-12-05,27.0,27.0,0.0,47.0,49.0,82.0,8.0
2019-12-06,29.0,28.0,0.0,52.0,55.0,78.0,9.0
2019-12-07,9.0,10.0,0.0,36.0,22.0,43.0,5.0
2019-12-08,6.0,9.0,0.0,40.0,29.0,53.0,5.0
2019-12-09,24.0,23.0,0.0,52.0,51.0,81.0,7.0
2019-12-10,28.0,25.0,0.0,52.0,37.0,84.0,6.0
2019-12-11,36.0,25.0,0.0,49.0,50.0,92.0,7.0
2019-12-12,32.0,29.0,0.0,55.0,48.0,78.0,7.0
2019-12-13,30.0,31.0,0.0,65.0,36.0,74.0,7.0
2019-12-14,10.0,11.0,0.0,43.0,20.0,41.0,5.0
2019-12-15,7.0,7.0,0.0,43.0,29.0,47.0,4.0
2019-12-16,30.0,29.0,0.0,58.0,51.0,77.0,7.0
2019-12-17,31.0,31.0,0.0,56.0,46.0,76.0,7.0
2019-12-18,31.0,29.0,0.0,58.0,44.0,68.0,7.0
2019-12-19,31.0,30.0,0.0,58.0,37.0,62.0,7.0
2019-12-20,31.0,30.0,69.0,60.0,34.0,53.0,7.0
2019-12-21,11.0,12.0,0.0,39.0,19.0,31.0,4.0
2019-12-22,7.0,8.0,0.0,41.0,20.0,27.0,4.0
2019-12-23,30.0,27.0,0.0,56.0,37.0,47.0,6.0
2019-12-24,26.0,22.0,0.0,50.0,21.0,37.0,4.0
2019-12-25,11.0,11.0,0.0,44.0,18.0,30.0,4.0
2019-12-26,31.0,25.0,0.0,54.0,26.0,36.0,5.0
2019-12-27,34.0,31.0,0.0,60.0,33.0,40.0,6.0
2019-12-28,11.0,12.0,0.0,44.0,21.0,30.0,4.0
2019-12-29,7.0,10.0,0.0,48.0,29.0,38.0,4.0
2019-12-30,30.0,26.0,0.0,62.0,36.0,40.0,7.0
2019-12-31,28.0,29.0,0.0,56.0,31.0,37.0,6.0
2020-01-01,13.0,15.0,0.0,51.0,19.0,34.0,5.0
