Date,vol
2014-01-31,0.01457267816202059
2014-02-03,0.015631352397025546
2014-02-04,0.01568508646771161
2014-02-05,0.015432179561845612
2014-02-06,0.015973190760485242
2014-02-07,0.015600292326693342
2014-02-10,0.01562732862048406
2014-02-11,0.01571709887228075
2014-02-12,0.015345823338891808
2014-02-13,0.015263789621890223
2014-02-14,0.014737803984102783
2014-02-18,0.014918296150318103
2014-02-19,0.015083314750829501
2014-02-20,0.014977044479358846
2014-02-21,0.014929689597458287
2014-02-24,0.01540944356959831
2014-02-25,0.015000913775325418
2014-02-26,0.01273764352834013
2014-02-27,0.012351565638782628
2014-02-28,0.011585816262334063
2014-03-03,0.011542034291507379
2014-03-04,0.012866157110550136
2014-03-05,0.01250110430634859
2014-03-06,0.010499755353364386
2014-03-07,0.010608622829754862
2014-03-10,0.010576157036908538
2014-03-11,0.011346635830974047
2014-03-12,0.011207748758488996
2014-03-13,0.012569345137445493
2014-03-14,0.012734667613421237
2014-03-17,0.012913980731424895
2014-03-18,0.012799851904761185
2014-03-19,0.013158966263606854
2014-03-20,0.013024623073872471
2014-03-21,0.013369358812900122
2014-03-24,0.013546076398679437
2014-03-25,0.013551266369878672
2014-03-26,0.013226206069557576
2014-03-27,0.013250274594356447
2014-03-28,0.013222192339596097
2014-03-31,0.012739637135171735
2014-04-01,0.013298071245032583
2014-04-02,0.013094920836178251
2014-04-03,0.01127459877480621
2014-04-04,0.011589552321728123
2014-04-07,0.011321432251696344
2014-04-08,0.011321432251696344
2014-04-09,0.012312548780023634
2014-04-10,0.012635170857243024
2014-04-11,0.012984870196321734
2014-04-14,0.01259825989305144
2014-04-15,0.012594742082975684
2014-04-16,0.012888590273703059
2014-04-17,0.012577840053263263
2014-04-21,0.01278351847286679
2014-04-22,0.01341765264473019
2014-04-23,0.013025659029355817
2014-04-24,0.012906435882232881
2014-04-25,0.013096770039263383
2014-04-28,0.013281133331467118
2014-04-29,0.013363431366757814
2014-04-30,0.013052743681059124
2014-05-01,0.013004986110676608
2014-05-02,0.012380348776403432
2014-05-05,0.012177649297282824
2014-05-06,0.012073517229004441
2014-05-07,0.012170629934788757
2014-05-08,0.01191040516053469
2014-05-09,0.012104049140414685
2014-05-12,0.012307574944411597
2014-05-13,0.011552444102975828
2014-05-14,0.01097489413626746
2014-05-15,0.010983310392157499
2014-05-16,0.0109857368917953
2014-05-19,0.010323456070014444
2014-05-20,0.010341591626637437
2014-05-21,0.010715056258368954
2014-05-22,0.010468813121711011
2014-05-23,0.010605000274411023
2014-05-27,0.010759353870774528
2014-05-28,0.01048728231899049
2014-05-29,0.00970656516873145
2014-05-30,0.009655931147170721
2014-06-02,0.009655958300695386
2014-06-03,0.009772825287824081
2014-06-04,0.009765375346015667
2014-06-05,0.010015331169680973
2014-06-06,0.009988921578035841
2014-06-09,0.00911508475351986
2014-06-10,0.008361411296325767
2014-06-11,0.008334387598564735
2014-06-12,0.007310577070281265
2014-06-13,0.007257358419834484
2014-06-16,0.00711407506487579
2014-06-17,0.006075336306930491
2014-06-18,0.005994399665642236
2014-06-19,0.006281671327366841
2014-06-20,0.005747071886479123
2014-06-23,0.005954986773239684
2014-06-24,0.006246988838413522
2014-06-25,0.006187411525056733
2014-06-26,0.006048355867551548
2014-06-27,0.006076218871346549
2014-06-30,0.006063522783682585
2014-07-01,0.006038248126399691
2014-07-02,0.006109873158882452
2014-07-03,0.005886177953194348
2014-07-07,0.007205162539157662
2014-07-08,0.008459180345310248
2014-07-09,0.008360394298443038
2014-07-10,0.008361329290884964
2014-07-11,0.008325401014497138
2014-07-14,0.008461068028155288
2014-07-15,0.008466830424573066
2014-07-16,0.008375653063935649
2014-07-17,0.008869740708020163
2014-07-18,0.009088257896566898
2014-07-21,0.00882319569937032
2014-07-22,0.0090443767343078
2014-07-23,0.008968567240008045
2014-07-24,0.008792514192023322
2014-07-25,0.008554201480185038
2014-07-28,0.008464870761785257
2014-07-29,0.008496581709056776
2014-07-30,0.008377837749273412
2014-07-31,0.010060763644654509
2014-08-01,0.009912168806264877
2014-08-04,0.010250577975721932
2014-08-05,0.010032090623070452
2014-08-06,0.009679523538162434
2014-08-07,0.008825367021841217
2014-08-08,0.0090755672706826
2014-08-11,0.009520379109026618
2014-08-12,0.009564339232138036
2014-08-13,0.009838345690392793
2014-08-14,0.009846230760449631
2014-08-15,0.009837223279196589
2014-08-18,0.009532505499057334
2014-08-19,0.009299237389524836
2014-08-20,0.009359853513119772
2014-08-21,0.009220993791883363
2014-08-22,0.009210258534566229
2014-08-25,0.009670573438399095
2014-08-26,0.009666686636568033
2014-08-27,0.009599377566041128
2014-08-28,0.00954294490772259
2014-08-29,0.009485876602135875
2014-09-02,0.006628768901784889
2014-09-03,0.006516231351121583
2014-09-04,0.00642264401934155
2014-09-05,0.005892645823496079
2014-09-08,0.006101339873597596
2014-09-09,0.006928237271054388
2014-09-10,0.007004206496677977
2014-09-11,0.006526128115441311
2014-09-12,0.006596713478702842
2014-09-15,0.007179086569151623
2014-09-16,0.007299324623178118
2014-09-17,0.007218357742534331
2014-09-18,0.006912607542055279
2014-09-19,0.006735172518121172
2014-09-22,0.0071176960047430625
2014-09-23,0.007212857777850755
2014-09-24,0.007592716780949145
2014-09-25,0.007503015379162328
2014-09-26,0.007712429701020982
2014-09-29,0.007804688523203164
2014-09-30,0.007990023658475067
2014-10-01,0.008341682120755124
2014-10-02,0.008280352533984224
2014-10-03,0.008101135636283072
2014-10-06,0.008304278259145516
2014-10-07,0.008731766770498839
2014-10-08,0.00972051888407893
2014-10-09,0.011906751474731117
2014-10-10,0.012101004702622918
2014-10-13,0.012075412778671453
2014-10-14,0.012585835788607135
2014-10-15,0.012757591681313317
2014-10-16,0.012873357270956249
2014-10-17,0.013375045041052748
2014-10-20,0.013692749895956723
2014-10-21,0.014955674642730904
2014-10-22,0.015145728645055064
2014-10-23,0.015493638542933539
2014-10-24,0.015235200825174523
2014-10-27,0.01509580399708017
2014-10-28,0.016113521070122434
2014-10-29,0.01605115456376525
2014-10-30,0.0159980389364098
2014-10-31,0.016083124689259858
2014-11-03,0.0161319363626616
2014-11-04,0.016156361671853324
2014-11-05,0.015927364906662272
2014-11-06,0.015574645540063829
2014-11-07,0.015365241334900144
2014-11-10,0.013096856515143663
2014-11-11,0.011672353701102308
2014-11-12,0.011211813022370617
2014-11-13,0.011245540736165164
2014-11-14,0.0112183422496969
2014-11-17,0.011303807907236356
2014-11-18,0.011289648363126382
2014-11-19,0.011116696974524574
2014-11-20,0.010127008997757933
2014-11-21,0.009395722376390775
2014-11-24,0.009187852405786128
2014-11-25,0.009193123912924043
2014-11-26,0.008785230282643875
2014-11-28,0.009770443400276314
2014-12-01,0.01112364350066638
2014-12-02,0.011061690937810368
2014-12-03,0.010531197274557655
2014-12-04,0.010496703449128592
2014-12-05,0.010507214384218203
2014-12-08,0.01120280099617379
2014-12-09,0.011073605929916444
2014-12-10,0.011068156069268763
2014-12-11,0.011084378962939928
2014-12-12,0.011270746342117527
2014-12-15,0.011557689176577055
2014-12-16,0.011606259450106833
2014-12-17,0.012313051618787934
2014-12-18,0.01299799794830756
2014-12-19,0.012700200703190672
2014-12-22,0.012761726053174572
2014-12-23,0.012521327623514636
2014-12-24,0.012506936743770214
2014-12-26,0.012588584458441113
2014-12-29,0.012712709478512881
2014-12-30,0.012628270142364775
2014-12-31,0.011057818624419704
2015-01-02,0.009757980740429445
2015-01-05,0.010512521593172714
2015-01-06,0.010480259526852992
2015-01-07,0.010604579918607103
2015-01-08,0.011278197748462001
2015-01-09,0.010445596763397236
2015-01-12,0.01063792960747279
2015-01-13,0.01028111107752087
2015-01-14,0.010262213163509304
2015-01-15,0.010624095048506097
2015-01-16,0.010150804217899935
2015-01-20,0.009942036603274775
2015-01-21,0.009354894769453117
2015-01-22,0.008834559560264561
2015-01-23,0.008916908005083867
2015-01-26,0.010370169922644444
2015-01-27,0.010414691898149971
2015-01-28,0.010821984474735619
2015-01-29,0.010761581767927686
2015-01-30,0.011014407488225303
2015-02-02,0.01191580716863496
2015-02-03,0.013180623901734571
2015-02-04,0.013212678011057044
2015-02-05,0.012428063983049135
2015-02-06,0.012413460314248611
2015-02-09,0.012389932077674071
2015-02-10,0.012015916129749215
2015-02-11,0.0121951550542522
2015-02-12,0.0122791928822348
2015-02-13,0.012302112207367537
2015-02-17,0.012341282147915716
2015-02-18,0.011487212536532112
2015-02-19,0.011720972568322132
2015-02-20,0.01172628261864685
2015-02-23,0.011861923940181197
2015-02-24,0.01207799236246747
2015-02-25,0.011869365695807944
2015-02-26,0.010939290441939652
2015-02-27,0.010844670042040752
2015-03-02,0.01013727236442635
2015-03-03,0.01033707242597925
2015-03-04,0.009471048508998053
2015-03-05,0.009462541940898697
2015-03-06,0.008419200410547667
2015-03-09,0.008412004372393643
2015-03-10,0.009692533210608935
2015-03-11,0.009455527364491912
2015-03-12,0.009588495809529066
2015-03-13,0.00969411417574793
2015-03-16,0.009455475378430932
2015-03-17,0.009119860980826767
2015-03-18,0.010134535560558992
2015-03-19,0.010287058862773797
2015-03-20,0.010642763663548733
2015-03-23,0.01043913665829521
2015-03-24,0.01040617409173837
2015-03-25,0.010757134238852417
2015-03-26,0.010904730951974955
2015-03-27,0.010950735765860102
2015-03-30,0.011161595697445553
2015-03-31,0.011237560195066632
2015-04-01,0.011155718744614733
2015-04-02,0.011492357551445016
2015-04-06,0.0116598412178325
2015-04-07,0.01092018870615812
2015-04-08,0.010914062594779
2015-04-09,0.010855221516989892
2015-04-10,0.00949714070855055
2015-04-13,0.00946125782561736
2015-04-14,0.009525676037149582
2015-04-15,0.009199238768705105
2015-04-16,0.009201222986648699
2015-04-17,0.010875508709578551
2015-04-20,0.009977367707823814
2015-04-21,0.009724774256720858
2015-04-22,0.009539877052631705
2015-04-23,0.009530932272055157
2015-04-24,0.009595016520853367
2015-04-27,0.009025251220018734
2015-04-28,0.008147911483570166
2015-04-29,0.008924250892142388
2015-04-30,0.009236725589265124
2015-05-01,0.009244652574572925
2015-05-04,0.009235642011470122
2015-05-05,0.009379197028008166
2015-05-06,0.00926953431169369
2015-05-07,0.009276984692131288
2015-05-08,0.010029871082854547
2015-05-11,0.009922637898492733
2015-05-12,0.009912959617402186
2015-05-13,0.00992994872229864
2015-05-14,0.010137611435556715
2015-05-15,0.0101072334000835
2015-05-18,0.010082933959541678
2015-05-19,0.008620899897695426
2015-05-20,0.008830730210768573
2015-05-21,0.008936257038191424
2015-05-22,0.008732935114438574
2015-05-26,0.009041640563999288
2015-05-27,0.009201545188193683
2015-05-28,0.009206074518412835
2015-05-29,0.009130349793903538
2015-06-01,0.008675804936445312
2015-06-02,0.008247605281727131
2015-06-03,0.008032362237686212
2015-06-04,0.008186245560166366
2015-06-05,0.007764909066937988
2015-06-08,0.007558217184681801
2015-06-09,0.008967534231597369
2015-06-10,0.00817944007905749
2015-06-11,0.008220851080554393
2015-06-12,0.008238439279088332
2015-06-15,0.008445010485699163
2015-06-16,0.007993715103798508
2015-06-17,0.008382546966458994
2015-06-18,0.008527767198986885
2015-06-19,0.008568085267986926
2015-06-22,0.0085005304872371
2015-06-23,0.00850870607765835
2015-06-24,0.008497751666320205
2015-06-25,0.00829307492911393
2015-06-26,0.008190775278247586
2015-06-29,0.010696431209166139
2015-06-30,0.010785772825593745
2015-07-01,0.01090579992616463
2015-07-02,0.010879883165382761
2015-07-06,0.012803023896385966
2015-07-07,0.012820103734881714
2015-07-08,0.01462798920919299
2015-07-09,0.015696110458312942
2015-07-10,0.01706810569252529
2015-07-13,0.016895980886960038
2015-07-14,0.01687402451807766
2015-07-15,0.017242950808616472
2015-07-16,0.01753976853906525
2015-07-17,0.01754590003124836
2015-07-20,0.017318873927175567
2015-07-21,0.017245094555042532
2015-07-22,0.0172509713295359
2015-07-23,0.01719592944034544
2015-07-24,0.017217229532592686
2015-07-27,0.017559419483137
2015-07-28,0.0179795009519481
2015-07-29,0.018481690271944955
2015-07-30,0.01721622645345601
2015-07-31,0.017174070672311664
2015-08-03,0.017193513897559715
2015-08-04,0.017201222326104933
2015-08-05,0.015852404637162
2015-08-06,0.01590906345968573
2015-08-07,0.013856822681277095
2015-08-10,0.013636082164481885
2015-08-11,0.012181990506253395
2015-08-12,0.011801698692169052
2015-08-13,0.011770349302155658
2015-08-14,0.011250346812697633
2015-08-17,0.010744037649901868
2015-08-18,0.010889955456835965
2015-08-19,0.011101329602651809
2015-08-20,0.013964528582805724
2015-08-21,0.015008600124112238
2015-08-24,0.015521258440672274
2015-08-25,0.015435251602824529
2015-08-26,0.016131744691042806
2015-08-27,0.017118515074527735
2015-08-28,0.016709579151825752
2015-08-31,0.016712300807626243
2015-09-01,0.017547858878504123
2015-09-02,0.0179307992909986
2015-09-03,0.018128528173105816
2015-09-04,0.018001832036271707
2015-09-08,0.019602025096352584
2015-09-09,0.019569719391276923
2015-09-10,0.0193025245083009
2015-09-11,0.018935587956740548
2015-09-14,0.018945189389914147
2015-09-15,0.019299918555106738
2015-09-16,0.019466945854332292
2015-09-17,0.019710472427277224
2015-09-18,0.020078006936925245
2015-09-21,0.01983960770587143
2015-09-22,0.018152842900560164
2015-09-23,0.016912590235158547
2015-09-24,0.016156525130340837
2015-09-25,0.016143834292686107
2015-09-28,0.016310044413394204
2015-09-29,0.015175511253902473
2015-09-30,0.016069374609429126
2015-10-01,0.01606769455018983
2015-10-02,0.015640112541924548
2015-10-05,0.016554125371460438
2015-10-06,0.01653119489138716
2015-10-07,0.016545969278335005
2015-10-08,0.015454798334020296
2015-10-09,0.015409936354400985
2015-10-12,0.01545245305758367
2015-10-13,0.015923491335594706
2015-10-14,0.01600357948937627
2015-10-15,0.016185872030378162
2015-10-16,0.016228443123408702
2015-10-19,0.016043642907166162
2015-10-20,0.015169677820113671
2015-10-21,0.015435733588304272
2015-10-22,0.014416741291154325
2015-10-23,0.014082034787841756
2015-10-26,0.013804077715322272
2015-10-27,0.014454281692736718
2015-10-28,0.013414970952995778
2015-10-29,0.013430541344694324
2015-10-30,0.013005753208242975
2015-11-02,0.013123285707272253
2015-11-03,0.012172348923958192
2015-11-04,0.010902492436041173
2015-11-05,0.01090221230073951
2015-11-06,0.010080440225692147
2015-11-09,0.010659272917646961
2015-11-10,0.010809938574520062
2015-11-11,0.010817404367297667
2015-11-12,0.010597488685412685
2015-11-13,0.010242280014191448
2015-11-16,0.010642955722321143
2015-11-17,0.010872664861652233
2015-11-18,0.011599053665876144
2015-11-19,0.011640353279233531
2015-11-20,0.011511730325824353
2015-11-23,0.011182998616039221
2015-11-24,0.011231585460286799
2015-11-25,0.011147568291969534
2015-11-27,0.010684047383708819
2015-11-30,0.010439582142183426
2015-12-01,0.010980662817635501
2015-12-02,0.01079961471412679
2015-12-03,0.010407720679035164
2015-12-04,0.010409914020367924
2015-12-07,0.010646285488710008
2015-12-08,0.010969788185282821
2015-12-09,0.010893390880972373
2015-12-10,0.010317475377742675
2015-12-11,0.011872804260968357
2015-12-14,0.012389178096823685
2015-12-15,0.012491480553403243
2015-12-16,0.01422609805074519
2015-12-17,0.013467245281784794
2015-12-18,0.01310702515828686
2015-12-21,0.012776944086277532
2015-12-22,0.012757014787594712
2015-12-23,0.012965734189118755
2015-12-24,0.012936103146411257
2015-12-28,0.013002432304783049
2015-12-29,0.0130066880514397
2015-12-30,0.013054018646544912
2015-12-31,0.013043153655231055
2016-01-04,0.013163734561100643
2016-01-05,0.013159144686538306
2016-01-06,0.013788042842069331
2016-01-07,0.015562509381604582
2016-01-08,0.01542164403782173
2016-01-11,0.01556766591292018
2016-01-12,0.015574490817365548
2016-01-13,0.016159300070230993
2016-01-14,0.015647041573139092
2016-01-15,0.017143403142032845
2016-01-19,0.016777643602670235
2016-01-20,0.014291736752320297
2016-01-21,0.014254230147568834
2016-01-22,0.0165707909838985
2016-01-25,0.016466065722122693
2016-01-26,0.017250578523525958
2016-01-27,0.016848080185685375
2016-01-28,0.016902530151603073
2016-01-29,0.018297880942150537
2016-02-01,0.018218587018095436
2016-02-02,0.018777215979761473
2016-02-03,0.019027884124814216
2016-02-04,0.018972503568451923
2016-02-05,0.019337359988276816
2016-02-08,0.020351309464627588
2016-02-09,0.019493033822146556
2016-02-10,0.019496576205303644
2016-02-11,0.019437836713977023
2016-02-12,0.0195135831485858
2016-02-16,0.020493460545476155
2016-02-17,0.020767204235570214
2016-02-18,0.01912377874180042
2016-02-19,0.01907691359808317
2016-02-22,0.019320215883979235
2016-02-23,0.019664757277933306
2016-02-24,0.018360494805243936
2016-02-25,0.018150229228056147
2016-02-26,0.017739377209730102
2016-02-29,0.017559788947993718
2016-03-01,0.017758961881912935
2016-03-02,0.016951069168719933
2016-03-03,0.016958293980434573
2016-03-04,0.01590888633781578
2016-03-07,0.015847776135702103
2016-03-08,0.01596665122027845
2016-03-09,0.014841612811004665
2016-03-10,0.011827113819825062
2016-03-11,0.01270885275822611
2016-03-14,0.012728120968937202
2016-03-15,0.012739615583080097
2016-03-16,0.012838231227819715
2016-03-17,0.011566120226445972
2016-03-18,0.010819624000450072
2016-03-21,0.010767950950572504
2016-03-22,0.010510178062777705
2016-03-23,0.010818041661168077
2016-03-24,0.010352496664127365
2016-03-28,0.010341303088799603
2016-03-29,0.010246440315405485
2016-03-30,0.010709447210327397
2016-03-31,0.010697542399677708
2016-04-01,0.010515194678307752
2016-04-04,0.010537382602419135
2016-04-05,0.010887272695499911
2016-04-06,0.01066731555424925
2016-04-07,0.011256128782068438
2016-04-08,0.011255302340855249
2016-04-11,0.011500262816552368
2016-04-12,0.011378890278796471
2016-04-13,0.010706879117650215
2016-04-14,0.010685283176249814
2016-04-15,0.010264998982907296
2016-04-18,0.010152890934712217
2016-04-19,0.010035327545644937
2016-04-20,0.009986808907641259
2016-04-21,0.010123581443732014
2016-04-22,0.010108664478753578
2016-04-25,0.009598936307116727
2016-04-26,0.009654665305814507
2016-04-27,0.00967507281197032
2016-04-28,0.010240031408659925
2016-04-29,0.009573210734122296
2016-05-02,0.009607125939097889
2016-05-03,0.010737036511006203
2016-05-04,0.01094178724498806
2016-05-05,0.010744391321874797
2016-05-06,0.010650130479559148
2016-05-09,0.010370525615939598
2016-05-10,0.010266982658446274
2016-05-11,0.00991106883027066
2016-05-12,0.009779366958968496
2016-05-13,0.009046905182911999
2016-05-16,0.009183753504097402
2016-05-17,0.00912297074903206
2016-05-18,0.00865147818008893
2016-05-19,0.008295287389417172
2016-05-20,0.009306940130477087
2016-05-23,0.009971465128074215
2016-05-24,0.010185817324342284
2016-05-25,0.01007883242215313
2016-05-26,0.009621938403078617
2016-05-27,0.009525283164578806
2016-05-31,0.009039155690042896
2016-06-01,0.009481530008791152
2016-06-02,0.009408585498908476
2016-06-03,0.008087557615393192
2016-06-06,0.008328556497724888
2016-06-07,0.008198811597471954
2016-06-08,0.00832329124661606
2016-06-09,0.008052094539350062
2016-06-10,0.010880586685439581
2016-06-13,0.011621885864874075
2016-06-14,0.011749112239313575
2016-06-15,0.011898014084315229
2016-06-16,0.012042188075346653
2016-06-17,0.011998065262117687
2016-06-20,0.012462878719914805
2016-06-21,0.012420166341830475
2016-06-22,0.011976647905319382
2016-06-23,0.01201983373147392
2016-06-24,0.017578627302143608
2016-06-27,0.018284553395948606
2016-06-28,0.019747881274168353
2016-06-29,0.020712965195075605
2016-06-30,0.020893874415612083
2016-07-01,0.02068180972952401
2016-07-05,0.021028952490639893
2016-07-06,0.021031426221180417
2016-07-07,0.02075265490994099
2016-07-08,0.020959281404412614
2016-07-11,0.021248023717576992
2016-07-12,0.02126962293764147
2016-07-13,0.020130506556434356
2016-07-14,0.019832330022219662
2016-07-15,0.019846749844105373
2016-07-18,0.0196832020537301
2016-07-19,0.019673034446316975
2016-07-20,0.0197300121577135
2016-07-21,0.019495514586061344
2016-07-22,0.019501009004918645
2016-07-25,0.019519087146647584
2016-07-26,0.01925546132409746
2016-07-27,0.013640767348274949
2016-07-28,0.01183249656798359
2016-07-29,0.01027353004246999
2016-08-01,0.008798917258021186
2016-08-02,0.008718039176506544
2016-08-03,0.008693433064443496
2016-08-04,0.007385183786786112
2016-08-05,0.0074213202439970755
2016-08-08,0.007347244558226105
2016-08-09,0.007119877288590951
2016-08-10,0.007544901599070204
2016-08-11,0.007449029475944281
2016-08-12,0.007182347438310982
2016-08-15,0.006581680358173605
2016-08-16,0.006238133946413427
2016-08-17,0.0060932688601097055
2016-08-18,0.006161375100412118
2016-08-19,0.005935251272473373
2016-08-22,0.005931716572555201
2016-08-23,0.005905851914571938
2016-08-24,0.005904542930382514
2016-08-25,0.005892765133682667
2016-08-26,0.005924760547693716
2016-08-29,0.005902311451151489
2016-08-30,0.0059267225805753965
2016-08-31,0.005926470766758166
2016-09-01,0.005691077593876257
2016-09-02,0.006111250083949601
2016-09-06,0.007028697424951724
2016-09-07,0.006950950788446083
2016-09-08,0.006943316858395921
2016-09-09,0.007912139775348652
2016-09-12,0.006994264553856125
2016-09-13,0.008237420683712245
2016-09-14,0.008246537443712308
2016-09-15,0.008396800293982092
2016-09-16,0.008469666685193382
2016-09-19,0.008686996706540247
2016-09-20,0.008319976461921745
2016-09-21,0.008937322038621387
2016-09-22,0.009068388201266058
2016-09-23,0.009344106537513542
2016-09-26,0.009683970775902577
2016-09-27,0.00973450863371512
2016-09-28,0.009741190369437545
2016-09-29,0.009770300634125864
2016-09-30,0.009769616475286045
2016-10-03,0.00980011673281677
2016-10-04,0.009927557636966273
2016-10-05,0.010098227990530338
2016-10-06,0.009325335926170221
2016-10-07,0.009655337330267327
2016-10-10,0.009738558934762165
2016-10-11,0.010276597394610884
2016-10-12,0.010256888568333653
2016-10-13,0.009440511462138867
2016-10-14,0.00944861348791253
2016-10-17,0.009248635829433116
2016-10-18,0.009453727550543968
2016-10-19,0.009152628367175024
2016-10-20,0.009160835425247127
2016-10-21,0.0084733746468487
2016-10-24,0.008090264983423906
2016-10-25,0.007948099208733237
2016-10-26,0.007646964851799704
2016-10-27,0.007560473113881868
2016-10-28,0.007454800308826855
2016-10-31,0.007455598888034967
2016-11-01,0.007695633927230288
2016-11-02,0.00783113494421045
2016-11-03,0.007775049665128964
2016-11-04,0.006773966192839276
2016-11-07,0.007990058477816864
2016-11-08,0.007775930327424685
2016-11-09,0.009402197896255737
2016-11-10,0.008563359648390423
2016-11-11,0.008539354157299867
2016-11-14,0.008470091438253087
2016-11-15,0.008504692252927111
2016-11-16,0.008500113425245452
2016-11-17,0.008286656651536713
2016-11-18,0.008180214921361853
2016-11-21,0.008332537260006007
2016-11-22,0.008595000523232204
2016-11-23,0.008708024162366013
2016-11-25,0.008990310138803484
2016-11-28,0.009005542285279108
2016-11-29,0.008937933693126359
2016-11-30,0.008887834372780167
2016-12-01,0.009117022415908898
2016-12-02,0.00886016810370616
2016-12-05,0.00887688122367959
2016-12-06,0.008878281707819236
2016-12-07,0.009379858553388434
2016-12-08,0.008753019206958057
2016-12-09,0.008709107453089067
2016-12-12,0.006319192069742173
2016-12-13,0.006001655357452727
2016-12-14,0.0064786633365045
2016-12-15,0.006651944100711947
2016-12-16,0.006665191042151699
2016-12-19,0.006574859124583837
2016-12-20,0.006471189610661059
2016-12-21,0.006373494858100787
2016-12-22,0.006484186514784581
2016-12-23,0.006357881259569832
2016-12-27,0.006545700439480618
2016-12-28,0.006424866248894821
2016-12-29,0.006431885076314501
2016-12-30,0.006424851835395414
2017-01-03,0.006530808555632257
2017-01-04,0.006501485925294309
2017-01-05,0.00656853484153008
2017-01-06,0.006436102131708552
2017-01-09,0.006729955703224506
2017-01-10,0.006102893481347021
2017-01-11,0.0060460697619396314
2017-01-12,0.0060460697619396314
2017-01-13,0.005859446442523178
2017-01-17,0.005486308688691292
2017-01-18,0.004888216313319139
2017-01-19,0.004819533421070645
2017-01-20,0.004845823216729948
2017-01-23,0.004835459289058679
2017-01-24,0.005057923122821804
2017-01-25,0.0052422841461609955
2017-01-26,0.005177383157267563
2017-01-27,0.005320143586603423
2017-01-30,0.005763689194316083
2017-01-31,0.005673877912210707
2017-02-01,0.005696586126202505
2017-02-02,0.005731892635690824
2017-02-03,0.005817323121549086
2017-02-06,0.005530655027192286
2017-02-07,0.0053579523201060355
2017-02-08,0.005437201382852373
2017-02-09,0.0051604426381385606
2017-02-10,0.005186561576687229
2017-02-13,0.0053234715977475925
2017-02-14,0.005316333326756817
2017-02-15,0.005358563614351519
2017-02-16,0.005357357291274487
2017-02-17,0.0053284051782745145
2017-02-21,0.0056911687044238135
2017-02-22,0.0060267134591418465
2017-02-23,0.006041310364267684
2017-02-24,0.006048845968574537
2017-02-27,0.005866071521742219
2017-02-28,0.005788297289972368
2017-03-01,0.005704303354315718
2017-03-02,0.005331122249623858
2017-03-03,0.005314025993205857
2017-03-06,0.005434496972840738
2017-03-07,0.005433411217834322
2017-03-08,0.00519257294419803
2017-03-09,0.004891933890102097
2017-03-10,0.004908829771277709
2017-03-13,0.0049054781475114445
2017-03-14,0.005021293236166012
2017-03-15,0.00568896309783151
2017-03-16,0.005543731276064993
2017-03-17,0.005539249700656552
2017-03-20,0.005492713510658084
2017-03-21,0.006264359014872256
2017-03-22,0.006251261699825874
2017-03-23,0.005543166358441695
2017-03-24,0.00534066330599358
2017-03-27,0.00534579694347389
2017-03-28,0.0053814230419027215
2017-03-29,0.005368369331467269
2017-03-30,0.005363929825647917
2017-03-31,0.005526180889021871
2017-04-03,0.005468312427076676
2017-04-04,0.005599706628767581
2017-04-05,0.005502147491963983
2017-04-06,0.0054888934076975085
2017-04-07,0.005524202058810661
2017-04-10,0.005544408618395822
2017-04-11,0.005538756316583627
2017-04-12,0.005536572173052375
2017-04-13,0.005496855801423687
2017-04-17,0.004812065678704307
2017-04-18,0.004951668557785866
2017-04-19,0.004948861904946
2017-04-20,0.005162820217307479
2017-04-21,0.004245665984363733
2017-04-24,0.005159048793393765
2017-04-25,0.005245675776566101
2017-04-26,0.005259071188024553
2017-04-27,0.005281129552190027
2017-04-28,0.005198817864940859
2017-05-01,0.005180187214283221
2017-05-02,0.005179227644833061
2017-05-03,0.005053847179234377
2017-05-04,0.004859338755598084
2017-05-05,0.005432355154716725
2017-05-08,0.005544828108003227
2017-05-09,0.0055879237950644655
2017-05-10,0.005484401273651545
2017-05-11,0.005662304864341776
2017-05-12,0.005644723305367238
2017-05-15,0.005720213722236238
2017-05-16,0.005621670310054596
2017-05-17,0.006820508684553544
2017-05-18,0.006616432940479134
2017-05-19,0.006909793794736417
2017-05-22,0.006872610316650582
2017-05-23,0.0067933573941706855
2017-05-24,0.0062463470662262426
2017-05-25,0.006165776121846963
2017-05-26,0.006235493822359316
2017-05-30,0.006223167779763851
2017-05-31,0.006205553046786529
2017-06-01,0.006285062637218396
2017-06-02,0.00630976189260345
2017-06-05,0.006278561764196551
2017-06-06,0.006212465819726449
2017-06-07,0.005487012391176579
2017-06-08,0.0055110870734922605
2017-06-09,0.005979551947550558
2017-06-12,0.006233958642450788
2017-06-13,0.006554822425909496
2017-06-14,0.00686937255885378
2017-06-15,0.007176295226309112
2017-06-16,0.007328037510680839
2017-06-19,0.0063252430665585325
2017-06-20,0.006470853407037855
2017-06-21,0.00608109433903854
2017-06-22,0.00638107243536807
2017-06-23,0.006469656966466255
2017-06-26,0.006485298849066088
2017-06-27,0.0065799180803988045
2017-06-28,0.006567581889339384
2017-06-29,0.006934018618742996
2017-06-30,0.007036651792247871
2017-07-03,0.00692086064925516
2017-07-05,0.007059240263428748
2017-07-06,0.007104071560993027
2017-07-07,0.007102722842192585
2017-07-10,0.007085040144080061
2017-07-11,0.006940440137460935
2017-07-12,0.007010529097900872
2017-07-13,0.006819735698018707
2017-07-14,0.0070807004350236565
2017-07-17,0.006826905075063567
2017-07-18,0.006227281457227887
2017-07-19,0.006412790440046596
2017-07-20,0.0064440656148849924
2017-07-21,0.00630377147407942
2017-07-24,0.00634390662811915
2017-07-25,0.00601314801953353
2017-07-26,0.005946608396376845
2017-07-27,0.006190105549438447
2017-07-28,0.006273915496889761
2017-07-31,0.006221601289144003
2017-08-01,0.005778658499652329
2017-08-02,0.005783129081289332
2017-08-03,0.005783713092373749
2017-08-04,0.005510545119340428
2017-08-07,0.005466663186907677
2017-08-08,0.005455806527841623
2017-08-09,0.005692320908704594
2017-08-10,0.007299123195966791
2017-08-11,0.006920193140131456
2017-08-14,0.006992697450145626
2017-08-15,0.006238667849425918
2017-08-16,0.006200098981834161
2017-08-17,0.007068419463023509
2017-08-18,0.006857486298825032
2017-08-21,0.006854037465915819
2017-08-22,0.0069822780767327996
2017-08-23,0.006982366826644873
2017-08-24,0.006982828141227966
2017-08-25,0.006952213390764717
2017-08-28,0.006774384508405521
2017-08-29,0.006548993229615136
2017-08-30,0.006584506127422206
2017-08-31,0.0073012013050656145
2017-09-01,0.007248116505647695
2017-09-05,0.007239326311211123
2017-09-06,0.007314034452480751
2017-09-07,0.007313377113722279
2017-09-08,0.007311914329116804
2017-09-11,0.007933340232004732
2017-09-12,0.0068033579744680136
2017-09-13,0.007048880974041273
2017-09-14,0.007064528201739707
2017-09-15,0.007042779718214386
2017-09-18,0.0070739589470473225
2017-09-19,0.005783929599679357
2017-09-20,0.0058272511924305145
2017-09-21,0.005825799376253185
2017-09-22,0.0058909037587983725
2017-09-25,0.006672899856027962
2017-09-26,0.006756294873095034
2017-09-27,0.007093720977052732
2017-09-28,0.007069400538722198
2017-09-29,0.007129331478800796
2017-10-02,0.007261874364619135
2017-10-03,0.006858673965268651
2017-10-04,0.006846994160538591
2017-10-05,0.006835116684163007
2017-10-06,0.006851601316935686
2017-10-09,0.006857664715018546
2017-10-10,0.0068790655720828596
2017-10-11,0.006161063380273492
2017-10-12,0.005690677130051141
2017-10-13,0.005479297827873483
2017-10-16,0.005401697866778152
2017-10-17,0.005399601767235754
2017-10-18,0.005538407130432992
2017-10-19,0.006658535846947161
2017-10-20,0.006662204595106712
2017-10-23,0.006652767621798
2017-10-24,0.006870611302296249
2017-10-25,0.00626943816119345
2017-10-26,0.006198091574935635
2017-10-27,0.005785877877090069
2017-10-30,0.005787281201698982
2017-10-31,0.005660131180231032
2017-11-01,0.005154538727985737
2017-11-02,0.005086739446295938
2017-11-03,0.005091591939715611
2017-11-06,0.005166286370663745
2017-11-07,0.005359870450135357
2017-11-08,0.0053428333525586125
2017-11-09,0.005550741586521861
2017-11-10,0.0055755848218891355
2017-11-13,0.005510904937199399
2017-11-14,0.005548473665980776
2017-11-15,0.005857926361355788
2017-11-16,0.006289393732135579
2017-11-17,0.006036582984753089
2017-11-20,0.005080318713575911
2017-11-21,0.0058016609835730764
2017-11-22,0.007962175656567386
2017-11-24,0.007775574078587557
2017-11-27,0.008061487310768483
2017-11-28,0.008414259818088781
2017-11-29,0.00896681827193513
2017-11-30,0.008959297724636115
2017-12-01,0.008945921742270376
2017-12-04,0.009100588466618728
2017-12-05,0.010240394279889108
2017-12-06,0.010256008604599876
2017-12-07,0.010347996315269958
2017-12-08,0.010438736236425375
2017-12-11,0.010646824868245409
2017-12-12,0.010535257668496934
2017-12-13,0.010535422525158846
2017-12-14,0.01056643931447723
2017-12-15,0.010498846905570212
2017-12-18,0.010327050605456925
2017-12-19,0.010062325729378938
2017-12-20,0.010025029469291164
2017-12-21,0.010160273469291168
2017-12-22,0.009653665092193352
2017-12-26,0.008056681107273473
2017-12-27,0.008163001685468381
2017-12-28,0.007860942775422302
2017-12-29,0.007616834331424551
2018-01-02,0.007068789137408309
2018-01-03,0.007061276978441106
2018-01-04,0.0069834335292121436
2018-01-05,0.006562695639095071
2018-01-08,0.00320064890119994
2018-01-09,0.0037338384816585353
2018-01-10,0.00415147927507593
2018-01-11,0.005012599217084804
2018-01-12,0.00489174849675366
2018-01-16,0.005026749674051972
2018-01-17,0.005109450906777265
2018-01-18,0.005224075672615618
2018-01-19,0.0051841442699010086
2018-01-22,0.00520080630685872
2018-01-23,0.005336210298216159
2018-01-24,0.005329348207674949
2018-01-25,0.005284206922976044
2018-01-26,0.005275708269783337
2018-01-29,0.005427734846404185
2018-01-30,0.005465820545251345
2018-01-31,0.005473231866680526
2018-02-01,0.005435466025085756
2018-02-02,0.0079483160760355
2018-02-05,0.010412121891965552
2018-02-06,0.01066903640845704
2018-02-07,0.010605519308127491
2018-02-08,0.011945614897930234
2018-02-09,0.0121857058841163
2018-02-12,0.01264805762816908
2018-02-13,0.012176283130299462
2018-02-14,0.012408676934979889
2018-02-15,0.01614019349328041
2018-02-16,0.016067431824099025
2018-02-20,0.016218912639387812
2018-02-21,0.01626829786507079
2018-02-22,0.016203277150821812
2018-02-23,0.01626529305739666
2018-02-26,0.016264625593329876
2018-02-27,0.016451749749829193
2018-02-28,0.016452155691322003
2018-03-01,0.016536894967700496
2018-03-02,0.017077200612754598
2018-03-05,0.017206356392908788
2018-03-06,0.017325532802915232
2018-03-07,0.016378194319587248
2018-03-08,0.014850899581324312
2018-03-09,0.014967298148936995
2018-03-12,0.014921185618978206
2018-03-13,0.013442686942373156
2018-03-14,0.013422700074350837
2018-03-15,0.013244103561561912
2018-03-16,0.013266900852058802
2018-03-19,0.012661379476724906
2018-03-20,0.008555684071951376
2018-03-21,0.008611405549706321
2018-03-22,0.009430460734209192
2018-03-23,0.009659658480758438
2018-03-26,0.010972646005013529
2018-03-27,0.0113987418489972
2018-03-28,0.0117590314118397
2018-03-29,0.011755136224124815
2018-04-02,0.013121734923151156
2018-04-03,0.013379320682216535
2018-04-04,0.012730485684375495
2018-04-05,0.013194415319045508
2018-04-06,0.013377601795593993
2018-04-09,0.013648736492137702
2018-04-10,0.014094249206175725
2018-04-11,0.014093771106887584
2018-04-12,0.014734816685635537
2018-04-13,0.014715230537341533
2018-04-16,0.014739315257072751
2018-04-17,0.014939666930652854
2018-04-18,0.015317861846559748
2018-04-19,0.015774098251655825
2018-04-20,0.016155118602516397
2018-04-23,0.016180624988846565
2018-04-24,0.015621666591707516
2018-04-25,0.015718822313028444
2018-04-26,0.015356137827337893
2018-04-27,0.014983679055339835
2018-04-30,0.014630407523634412
2018-05-01,0.014544824961309936
2018-05-02,0.01313237768994288
2018-05-03,0.012853354487298197
2018-05-04,0.012845819517917849
2018-05-07,0.013615068143374195
2018-05-08,0.014905968517148838
2018-05-09,0.014686595734573139
2018-05-10,0.015048490056855626
2018-05-11,0.014808221914529598
2018-05-14,0.014224394546216788
2018-05-15,0.014800173353459888
2018-05-16,0.014709103157882939
2018-05-17,0.014712329770946523
2018-05-18,0.01437216381402845
2018-05-21,0.01397092084518748
2018-05-22,0.013354480915430208
2018-05-23,0.013398743521748186
2018-05-24,0.013611678741497057
2018-05-25,0.013506775091095593
2018-05-29,0.013078070397533642
2018-05-30,0.013066438620878291
2018-05-31,0.0132193305216114
2018-06-01,0.013199101256103353
2018-06-04,0.013357530742015731
2018-06-05,0.01333951554735003
2018-06-06,0.01336870628626571
2018-06-07,0.011933950321494469
2018-06-08,0.010428127387068704
2018-06-11,0.011039904985983583
2018-06-12,0.009773210643219519
2018-06-13,0.010141357475457951
2018-06-14,0.009997693954370928
2018-06-15,0.009340124527422023
2018-06-18,0.009444887838193328
2018-06-19,0.01082559353424209
2018-06-20,0.011002172787396089
2018-06-21,0.010937970711275604
2018-06-22,0.012976204120042752
2018-06-25,0.014608278449584977
2018-06-26,0.014218530383215576
2018-06-27,0.014305052248542421
2018-06-28,0.014308202558389342
2018-06-29,0.014486962255630832
2018-07-02,0.014220851735890777
2018-07-03,0.01426973620798785
2018-07-05,0.01423899792104924
2018-07-06,0.014651439765411068
2018-07-09,0.014999434471674313
2018-07-10,0.014964389529181004
2018-07-11,0.015283339159437994
2018-07-12,0.014943499746970196
2018-07-13,0.014885718887351488
2018-07-16,0.014855719519351754
2018-07-17,0.014894564088782525
2018-07-18,0.01502683511244176
2018-07-19,0.014957408036521038
2018-07-20,0.013568798141562586
2018-07-23,0.013680051049517502
2018-07-24,0.014017583723863672
2018-07-25,0.01242182647474497
2018-07-26,0.010888007238164531
2018-07-27,0.010895869499475973
2018-07-30,0.010295702548803536
2018-07-31,0.010186836644286617
2018-08-01,0.010158433378663798
2018-08-02,0.010088190163271223
2018-08-03,0.010371657321973909
2018-08-06,0.010555556364951677
2018-08-07,0.010645879038929308
2018-08-08,0.010301099358303827
2018-08-09,0.010227583001258327
2018-08-10,0.009212129686264841
2018-08-13,0.009587334911351986
2018-08-14,0.009465746539496033
2018-08-15,0.00929387002114518
2018-08-16,0.009383996358891802
2018-08-17,0.009182210503949401
2018-08-20,0.009179014721190742
2018-08-21,0.010287907691837302
2018-08-22,0.009981034000714565
2018-08-23,0.00941839594523725
2018-08-24,0.009460302106546548
2018-08-27,0.008696282332773033
2018-08-28,0.008973978246580161
2018-08-29,0.008893698529344062
2018-08-30,0.009099754779311006
2018-08-31,0.008988035221358909
2018-09-04,0.00896936449244639
2018-09-05,0.00883504508821937
2018-09-06,0.008814916392837558
2018-09-07,0.009027252502120114
2018-09-10,0.009027252502120114
2018-09-11,0.009026715717447509
2018-09-12,0.0090039603767758
2018-09-13,0.008519802861378467
2018-09-14,0.008373347089181313
2018-09-17,0.00848805903494428
2018-09-18,0.008143380663482726
2018-09-19,0.00817428903868094
2018-09-20,0.008155961354802316
2018-09-21,0.007071355758427057
2018-09-24,0.0069322140724280825
2018-09-25,0.006808748386936616
2018-09-26,0.007116363202110544
2018-09-27,0.007048815349739757
2018-09-28,0.0067300068691742996
2018-10-01,0.006877572707838142
2018-10-02,0.006589262883229223
2018-10-03,0.0068054246967488045
2018-10-04,0.008104546211951608
2018-10-05,0.00875167141002543
2018-10-08,0.008518293857396535
2018-10-09,0.0077818353296537565
2018-10-10,0.010318962836127404
2018-10-11,0.01035810340703068
2018-10-12,0.01089959501462297
2018-10-15,0.01063857646257904
2018-10-16,0.012208650632769848
2018-10-17,0.012067604606812492
2018-10-18,0.011923260733490084
2018-10-19,0.01185376643581179
2018-10-22,0.011788578774882623
2018-10-23,0.011751191554018499
2018-10-24,0.012564256524241714
2018-10-25,0.01360268144649702
2018-10-26,0.013664766521105385
2018-10-29,0.01377547229491699
2018-10-30,0.014972082455321565
2018-10-31,0.015711834529014326
2018-11-01,0.016622318071229755
2018-11-02,0.016576766779738895
2018-11-05,0.01635143256515257
2018-11-06,0.015990162506753773
2018-11-07,0.01608221875296209
2018-11-08,0.01619009188141021
2018-11-09,0.015847520104314946
2018-11-12,0.0157432894727509
2018-11-13,0.01574043671617927
2018-11-14,0.016178977817189324
2018-11-15,0.015707676830774845
2018-11-16,0.01619741235704311
2018-11-19,0.016340223007587727
2018-11-20,0.016339294404580137
2018-11-21,0.016495460349718112
2018-11-23,0.01622873921339237
2018-11-26,0.016919982460965533
2018-11-27,0.01986028081172294
2018-11-28,0.01978207600942557
2018-11-29,0.020459107330079895
2018-11-30,0.020505598951837796
2018-12-03,0.02032532636364834
2018-12-04,0.020624640720997005
2018-12-06,0.02081436301449909
2018-12-07,0.020616992292209115
2018-12-10,0.020873731254731694
2018-12-11,0.020748624131707697
2018-12-12,0.020728937496833598
2018-12-13,0.01983700540389456
2018-12-14,0.01977462849465427
2018-12-17,0.01974470882831844
2018-12-18,0.019267199799030573
2018-12-19,0.01978150128170271
2018-12-20,0.019426162806285754
2018-12-21,0.019559176337378158
2018-12-24,0.020318498638017823
2018-12-26,0.020620464611715277
2018-12-27,0.02345850240612818
2018-12-28,0.022461643488296743
2018-12-31,0.019393221179950428
2019-01-02,0.01877800503465669
2019-01-03,0.018200282778404842
2019-01-04,0.01774085827910537
2019-01-07,0.017904413513586955
2019-01-08,0.017384034041885727
2019-01-09,0.01818028548391369
2019-01-10,0.018192884296942595
2019-01-11,0.017838141252331723
2019-01-14,0.01783428063871852
2019-01-15,0.017641264789007946
2019-01-16,0.017650183722838803
2019-01-17,0.01773949605855612
2019-01-18,0.01762708839593886
2019-01-22,0.017820752363401384
2019-01-23,0.016727264602793866
2019-01-24,0.017214070018635615
2019-01-25,0.016523377155569143
2019-01-28,0.014790996030739497
2019-01-29,0.012812455259910309
2019-01-30,0.009301497287568922
2019-01-31,0.009364125168380644
2019-02-01,0.009253009559904816
2019-02-04,0.008808928211434319
2019-02-05,0.008772361571864437
2019-02-06,0.008511584051061167
2019-02-07,0.008892979873693703
2019-02-08,0.009148997192497765
2019-02-11,0.007900098806401391
2019-02-12,0.00813792953748996
2019-02-13,0.0082131706691929
2019-02-14,0.008177852394190182
2019-02-15,0.008038198528048324
2019-02-19,0.008176031751162237
2019-02-20,0.008101761957376477
2019-02-21,0.008075922465922047
2019-02-22,0.007581421172086228
2019-02-25,0.00758216867730497
2019-02-26,0.0066851223400593565
2019-02-27,0.006619720932515818
2019-02-28,0.006698776667283931
2019-03-01,0.006722202760642623
2019-03-04,0.006572310322256559
2019-03-05,0.00633045040761737
2019-03-06,0.007661522257036049
2019-03-07,0.00845732453000693
2019-03-08,0.008680327692867881
2019-03-11,0.009503427364536693
2019-03-12,0.009202959463906969
2019-03-13,0.009079454889376662
2019-03-14,0.00918439851817135
2019-03-15,0.00892519563665645
2019-03-18,0.008854524250705839
2019-03-19,0.008841086869698296
2019-03-20,0.008842120881692382
2019-03-21,0.008595790112130366
2019-03-22,0.010030129635427374
2019-03-25,0.01005184141606546
2019-03-26,0.009278367139277545
2019-03-27,0.009195061194605761
2019-03-28,0.009148218949245501
2019-03-29,0.00928941309149008
2019-04-01,0.00970757384812512
2019-04-02,0.009803396781455065
2019-04-03,0.010049888419044622
2019-04-04,0.009991593658601446
2019-04-05,0.009276160914437183
2019-04-08,0.008431875945001365
2019-04-09,0.008245394415176554
2019-04-10,0.007560982395998321
2019-04-11,0.007869691348148751
2019-04-12,0.007811733942193034
2019-04-15,0.007720562486559014
2019-04-16,0.007724505269769832
2019-04-17,0.007729813448209191
2019-04-18,0.007797477683026263
2019-04-22,0.00778920677062472
2019-04-23,0.007785230568242385
2019-04-24,0.005626494948969768
2019-04-25,0.005610863891377325
2019-04-26,0.0055597387928079944
2019-04-29,0.005543406941498431
2019-04-30,0.005516149311974022
2019-05-01,0.0055844121886597835
2019-05-02,0.005265346998368492
2019-05-03,0.00595948784285685
2019-05-06,0.006963852592136452
2019-05-07,0.0070768250470361425
2019-05-08,0.006993153453964465
2019-05-09,0.007332523330552216
2019-05-10,0.007441014770897377
2019-05-13,0.009543743153437798
2019-05-14,0.009712281779440297
2019-05-15,0.010021853716775253
2019-05-16,0.010105601396756007
2019-05-17,0.010380307046279662
2019-05-20,0.010536593938438312
2019-05-21,0.011324848564924488
2019-05-22,0.011322645170613363
2019-05-23,0.011745908101420588
2019-05-24,0.01209527783204479
2019-05-28,0.012083700176562946
2019-05-29,0.0121712524304253
2019-05-30,0.012214456514511574
2019-05-31,0.012234469525397076
2019-06-03,0.01241517526735776
2019-06-04,0.012788274581186424
2019-06-05,0.012339098931239407
2019-06-06,0.011751324302948918
2019-06-07,0.012015478074595349
2019-06-10,0.012030699932628215
2019-06-11,0.011800030030014173
2019-06-12,0.011891081424084292
2019-06-13,0.009849375829719478
2019-06-14,0.00984771520725783
2019-06-17,0.009609384675234502
2019-06-18,0.010079072068952357
2019-06-19,0.00964968416340568
2019-06-20,0.009109836422668395
2019-06-21,0.008642622776920902
2019-06-24,0.008630986384341822
2019-06-25,0.007897213481267581
2019-06-26,0.007673082563985074
2019-06-27,0.007832786075095364
2019-06-28,0.007380818287712966
2019-07-01,0.007455303949328183
2019-07-02,0.007114159613432052
2019-07-03,0.007084348060902522
2019-07-05,0.006984297753689959
2019-07-08,0.007128791571965172
2019-07-09,0.007122669081948565
2019-07-10,0.006882660945135828
2019-07-11,0.007011007612119647
2019-07-12,0.0069770742771173835
2019-07-15,0.006628558354591947
2019-07-16,0.006460125679390868
2019-07-17,0.006270887488259047
2019-07-18,0.006230253912645928
2019-07-19,0.005431549177798465
2019-07-22,0.005286485383838919
2019-07-23,0.004833121155682074
2019-07-24,0.004824048472549123
2019-07-25,0.0056898959600825815
2019-07-26,0.005283590601559647
2019-07-29,0.0052307552719625255
2019-07-30,0.0050668892780699375
2019-07-31,0.005050280687611
2019-08-01,0.004722252359796327
2019-08-02,0.004642045366871546
2019-08-05,0.008596660668622452
2019-08-06,0.009161968187111057
2019-08-07,0.009488382064493683
2019-08-08,0.010009102716322134
2019-08-09,0.009999071040146135
2019-08-12,0.010204623271687372
2019-08-13,0.010182406828602237
2019-08-14,0.011556314562247304
2019-08-15,0.011545771690186873
2019-08-16,0.011980280122972375
2019-08-19,0.012387891711100303
2019-08-20,0.012416989727135844
2019-08-21,0.012548658535217003
2019-08-22,0.012581883235670728
2019-08-23,0.013248257514829023
2019-08-26,0.01328357048112675
2019-08-27,0.01324094887415298
2019-08-28,0.013251661240256465
2019-08-29,0.013354902244886575
2019-08-30,0.013355494988290506
2019-09-03,0.013354523794962825
2019-09-04,0.013602791051653998
2019-09-05,0.011179918830003514
2019-09-06,0.010896988350081065
2019-09-09,0.010692009210729502
2019-09-10,0.010239387378024838
2019-09-11,0.010261458679149347
2019-09-12,0.009963751687844566
2019-09-13,0.009937019848888683
2019-09-16,0.007565176422208868
2019-09-17,0.00748459028238737
2019-09-18,0.007222553948083316
2019-09-19,0.0068860155756430945
2019-09-20,0.006927456040079002
2019-09-23,0.0068534239849972235
2019-09-24,0.007323251030442657
2019-09-25,0.005291571265869963
2019-09-26,0.005358380558262418
2019-09-27,0.006109583554324415
2019-09-30,0.006128622412287996
2019-10-01,0.006435298839166133
2019-10-02,0.006779798025269756
2019-10-03,0.006905926359382545
2019-10-04,0.007430382853904171
2019-10-07,0.00742571714304133
2019-10-08,0.0075414077094743135
2019-10-09,0.0076344391685734475
2019-10-10,0.007895579947791333
2019-10-11,0.007898393146768806
2019-10-14,0.007940504872343327
2019-10-15,0.008140663140266626
2019-10-16,0.008104523178715647
2019-10-17,0.00808359445933315
2019-10-18,0.008140821068175009
2019-10-21,0.008142097826982905
2019-10-22,0.008176285041437456
2019-10-23,0.008227186528096724
2019-10-24,0.007797650003223763
2019-10-25,0.007682996340738875
2019-10-28,0.007652627256468052
2019-10-29,0.007079294804886391
2019-10-30,0.0070928335045213915
2019-10-31,0.006699338858726933
2019-11-01,0.006325333970465243
2019-11-04,0.006294479073311645
2019-11-05,0.005533828489639371
2019-11-06,0.0052238316791858525
2019-11-07,0.004819793029267422
2019-11-08,0.004797300919680734
2019-11-11,0.004587087384149159
2019-11-12,0.004285826325626407
2019-11-13,0.00396471242880852
2019-11-14,0.003720806431070935
2019-11-15,0.003981536678497248
2019-11-18,0.003972473827788131
2019-11-19,0.004099565525777146
2019-11-20,0.00421635525845365
2019-11-21,0.004206648682556716
2019-11-22,0.004202917685300688
2019-11-25,0.004726629165970012
2019-11-26,0.004706536299586962
2019-11-27,0.0046125957727880754
2019-11-29,0.0047329574956658325
2019-12-02,0.00481817058656097
2019-12-03,0.00459098479638924
2019-12-04,0.0047418945036633445
2019-12-05,0.004855500969858966
2019-12-06,0.005031059344534729
2019-12-09,0.005052788146295588
2019-12-10,0.005054883016023976
2019-12-11,0.00511921030359685
2019-12-12,0.005446895106037904
2019-12-13,0.0054526144983091576
2019-12-16,0.005887886662916146
2019-12-17,0.005987597635296299
2019-12-18,0.005939580434801017
2019-12-19,0.005967663581330809
2019-12-20,0.005867297824872985
2019-12-23,0.005685876604029343
2019-12-24,0.005470604714839497
2019-12-26,0.005528184487989436
2019-12-27,0.005274562971090946
2019-12-30,0.005222280937348972
