Date,vol,Returns
2014-01-17,0.00629806069004894,0.0018365478073013
2014-01-21,0.005334067078989143,-0.0018365478073013
2014-01-22,0.005855931843088027,0.0027535584171828
2014-01-23,0.005182554245607194,-0.018501915385322
2014-01-24,0.004698073219643163,-0.0419508605191906
2014-01-27,0.007185857384166725,-0.0078201767058334
2014-01-28,0.007927099797604935,0.0232794217780477
2014-01-29,0.0065470912147068405,-0.0115719709838124
2014-01-30,0.006837786664949092,0.0134876803819514
2014-01-31,0.007692484485849269,-0.0096154586994418
2014-02-03,0.008786756028796248,-0.0264332570681554
2014-02-04,0.007308329451512218,0.0019821612039912
2014-02-05,0.008001692768391588,-0.0019821612039912
2014-02-06,0.0068366387178089415,0.0176995770994008
2014-02-07,0.006137036521164129,0.0250253675669403
2014-02-10,0.005251758142671643,0.0085187453163279
2014-02-11,0.005158331458691347,0.0028235312876065
2014-02-12,0.005065472456657296,0.0037523496185503
2014-02-13,0.005008277721238803,0.0018709079358116
2014-02-14,0.004667998952278555,0.0046620131058113
2014-02-18,0.005477065067858908,0.0074143064392274
2014-02-19,0.005750979423291142,-0.0083449719321806
2014-02-20,0.004902142147947191,0.0
2014-02-21,0.004433861225153745,0.0064965425703984
2014-02-24,0.004674432340802256,0.0237671150694284
2014-02-25,0.006060350862457585,-0.0072529783050155
2014-02-26,0.005338015152865776,0.0018181823190585
2014-02-27,0.004608279490914574,0.0206748937309563
2014-02-28,0.004576389094560908,-0.0062472313844357
2014-03-03,0.005442343242899486,-0.0026893785819713
2014-03-04,0.004874988989668395,0.0370086287450933
2014-03-05,0.006936560381615372,-0.006944472352811
2014-03-06,0.005880815824354734,0.0155577900309259
2014-03-07,0.005238839331129015,-0.0042973852125462
2014-03-10,0.00457662708281262,-0.0103897038491357
2014-03-11,0.004045135924485258,-0.0017421607193849
2014-03-12,0.005579846624374645,-0.0061215757408296
2014-03-13,0.00563903602595639,-0.0194868876734967
2014-03-14,0.005304686703869029,-0.0126014268780039
2014-03-17,0.005727844001594945,0.0126014268780037
2014-03-18,0.0050128411739859945,0.005352376738592
2014-03-19,0.004379498153434132,0.0079752305743698
2014-03-20,0.0048862740815898455,-0.0044228289700021
2014-03-21,0.007082675468621445,-0.0133870807824592
2014-03-24,0.006078973991410204,-0.0017985616359149
2014-03-25,0.005204462921263883,-0.0099503308531679
2014-03-26,0.005223336534251594,-0.0063839706099233
2014-03-27,0.004512117263776527,0.0145324991738283
2014-03-28,0.004216011897542334,0.0071878117188336
2014-03-31,0.0044874160755994765,0.0026821652199393
2014-04-01,0.004049731365260009,0.002674990449303
2014-04-02,0.004380964108872106,0.009747529549254
2014-04-03,0.005184862951633401,-0.0168968003934781
2014-04-04,0.004547025203363072,-0.005395696543852
2014-04-07,0.00507033041800233,-0.011791519842406
2014-04-08,0.005420070672430187,-0.0045724816748901
2014-04-09,0.006377371498962442,0.0208624346541585
2014-04-10,0.007115533944896711,-0.0319224552290948
2014-04-11,0.008442747716023692,-0.0083760378021827
2014-04-14,0.006957120904076221,-0.009389740349839
2014-04-15,0.006418494302457735,-0.0047281411959459
2014-04-16,0.0058145263198312366,0.0215667055587754
2014-04-17,0.0050738068078635444,0.005550430530649
2014-04-21,0.004893855328215937,-0.0027713643603831
2014-04-22,0.00518329915310753,0.0273739720004216
2014-04-23,0.004486137192396418,-0.0054151756877766
2014-04-24,0.004054712655760273,-0.0036264772291733
2014-04-25,0.003677334159196706,-0.0192578166044145
2014-04-28,0.004073738271602081,-0.0139862419747399
2014-04-29,0.003711519086709415,0.0
2014-04-30,0.0035162034342061032,0.0046838493124262
2014-05-01,0.00331320863896758,0.0018674141747954
2014-05-02,0.003295229859656812,0.0092851177756794
2014-05-05,0.0031648904362289692,-0.0009246417672185
2014-05-06,0.0032020792101948585,-0.0083604760084609
2014-05-07,0.0045475433534595214,-0.0112571545246345
2014-05-08,0.006903689762547984,-0.0180871184911438
2014-05-09,0.008068357712271204,0.005747142255568
2014-05-12,0.0066678135574546,0.0310321092477284
2014-05-13,0.005903621242637703,-0.0009263548601308
2014-05-14,0.005728074734289198,0.0027764941482922
2014-05-15,0.00519914475631938,-0.0233764735361891
2014-05-16,0.004616344192459576,-0.0095057749997007
2014-05-19,0.004566259155895963,0.00761183503963
2014-05-20,0.004061650841587666,-0.0076118350396299
2014-05-21,0.004620448028432739,0.025461064198273
2014-05-22,0.0055217530399527485,0.0120316120523994
2014-05-23,0.004811794989923637,0.0118885716652525
2014-05-27,0.004438453061169112,0.008148528563905
2014-05-28,0.004157620242631456,-0.0018050546417301
2014-05-29,0.003802283034657745,0.0125674903635231
2014-05-30,0.0037151101794181784,-0.0062640025849306
2014-06-02,0.003443123546675388,0.0044782878246957
2014-06-03,0.0035112074584245897,-0.0026845653706688
2014-06-04,0.0033240956627020816,-0.007194275634027
2014-06-05,0.0036211327208954436,0.013447087431214
2014-06-06,0.0036306956918007887,0.006213956967943
2014-06-09,0.0033810453142000024,0.0044150182091166
2014-06-10,0.003338450609463828,-0.0044150182091167
2014-06-11,0.003421581330869973,0.0008845644097341
2014-06-12,0.0038987541744112753,0.0017667849118858
2014-06-13,0.003918140027691313,0.0157621476938763
2014-06-16,0.004282305503224988,0.0026030383461622
2014-06-17,0.004250375722236177,0.0171825533199969
2014-06-18,0.003810851040113458,0.0152158472372532
2014-06-19,0.0053085186556035115,-0.0058897940560634
2014-06-20,0.0048045444313097605,0.0033698431215503
2014-06-23,0.004218222060837581,-0.0059046987247383
2014-06-24,0.004036116064418149,-0.0222421487337207
2014-06-25,0.004017909651898818,0.0111829122397455
2014-06-26,0.003699907691904353,0.0068201457882083
2014-06-27,0.003509628112143198,0.0067739463089548
2014-06-30,0.0036681514540147088,0.0008435259884392
2014-07-01,0.0035423999085060255,-0.0025327155792839
2014-07-02,0.00332217294590465,-0.0008456660123432
2014-07-03,0.003434150379936928,0.0134455807093511
2014-07-07,0.0032586099475797794,-0.0159868781380238
2014-07-08,0.004111250767593241,-0.0327615506752952
2014-07-09,0.004704831221898175,0.006116227017436
2014-07-10,0.004135554279412111,-0.0140353181163834
2014-07-11,0.0038298763645848955,0.0026466711523748
2014-07-14,0.0036035359790184485,0.0026396847707732
2014-07-15,0.0038570062913341435,-0.0026396847707733
2014-07-16,0.00419633531652508,0.0026396847707732
2014-07-17,0.003990154968035462,-0.0150511916141162
2014-07-18,0.003879857561473608,0.0185599671437954
2014-07-21,0.0039011920331625876,0.0008752735788551
2014-07-22,0.003756211951391652,0.01303799433813
2014-07-23,0.0035672013665408553,-0.0060632494110579
2014-07-24,0.003419261201193956,0.0043346405104402
2014-07-25,0.003238500759163938,-0.0025985289632638
2014-07-28,0.0031338229642724584,0.0051903230706926
2014-07-29,0.003247417845668356,-0.0086655654909959
2014-07-30,0.0031884837348535615,0.0026075634070807
2014-07-31,0.003191209311344593,-0.0290641329439113
2014-08-01,0.004205301579102561,-0.0089767209615581
2014-08-04,0.003795463432906194,0.0134350431032693
2014-08-05,0.003515007254345096,-0.0062472313844357
2014-08-06,0.004983231308332267,0.0089127149705754
2014-08-07,0.0054082568656160105,-0.0026654835861398
2014-08-08,0.005173612162382479,0.0079752305743698
2014-08-11,0.008550531651412625,0.0157621476938763
2014-08-12,0.008037714110397555,-0.0034812915925118
2014-08-13,0.006785354011755673,0.0138530353892937
2014-08-14,0.0057596110672872795,0.0
2014-08-15,0.00493323471449992,0.0042900108695079
2014-08-18,0.004368497305665146,0.01106865280919
2014-08-19,0.003894692760756217,0.0050675784123056
2014-08-20,0.00356311431388108,0.0008421053129223
2014-08-21,0.003336439599033345,-0.0050633019565467
2014-08-22,0.0031834015021806046,-0.0033898337545115
2014-08-25,0.0034932960411376474,0.0109752051437681
2014-08-26,0.0034132183489592395,-0.003364174745632
2014-08-27,0.003459297929371911,0.001683502081114
2014-08-28,0.003348896127630763,-0.0092945324792498
2014-08-29,0.0035731488706698235,0.0
2014-09-02,0.003971904169660259,0.0
2014-09-03,0.0036216051521362276,0.0084531357110584
2014-09-04,0.0034404972082323427,0.0033613477027047
2014-09-05,0.003353739564501287,0.0050209310500996
2014-09-08,0.003822092340334738,-0.0008350731174215
2014-09-09,0.0035503662611641317,-0.0305367238600817
2014-09-10,0.004015543141350737,0.0077220460939103
2014-09-11,0.0038080596215046064,-0.0008550663197333
2014-09-12,0.0035106475309256042,-0.0034275954722673
2014-09-15,0.003303341425795799,-0.0216928246112597
2014-09-16,0.003163496090297874,-0.000877577941359
2014-09-17,0.003185286448999284,0.0026304267687734
2014-09-18,0.0033040230172902353,-0.0008760403538798
2014-09-19,0.0032479465585105046,-0.0105727857124136
2014-09-22,0.004005498299030677,-0.0097909104346175
2014-09-23,0.003892537811615375,-0.0062808640754144
2014-09-24,0.0036311607673071788,0.0125225249988905
2014-09-25,0.0037057573291886373,-0.0197492953850181
2014-09-26,0.004243542853697073,0.0099234012337268
2014-09-29,0.004823883315492642,-0.0181164375053028
2014-09-30,0.004409669077207998,-0.0064190958607171
2014-10-01,0.0039350722191397415,-0.0260965415198029
2014-10-02,0.005332036869284106,-0.0075829747244553
2014-10-03,0.004852935233654976,0.0122932990246386
2014-10-06,0.004657308827016911,-0.0286006148332152
2014-10-07,0.0044340660715683905,-0.0077670293376596
2014-10-08,0.008308848277423758,0.0106641824988123
2014-10-09,0.009637529210221183,-0.0323399079778528
2014-10-10,0.009974309466541799,-0.020121403199421
2014-10-13,0.008192163261228099,-0.0102145934097182
2014-10-14,0.00677454923492207,-0.0020554991820959
2014-10-15,0.006198851500189894,0.0051308475823436
2014-10-16,0.006296955519280006,-0.0030753484002475
2014-10-17,0.005394425649531237,0.0213314335160575
2014-10-20,0.004704592635271584,0.0060120421566279
2014-10-21,0.004242695812560074,0.018803126963096
2014-10-22,0.0038655526788358217,-0.0108428859247077
2014-10-23,0.006097262337318301,0.0049431637975195
2014-10-24,0.006329960900997696,0.0039370129593395
2014-10-27,0.005779211469481743,-0.0248645330652954
2014-10-28,0.005890236271279169,0.0307411415542805
2014-10-29,0.0055631306982865,-0.0068594095508931
2014-10-30,0.004762146311061118,0.0107580499665504
2014-10-31,0.005283796492685404,0.0164017183838009
2014-11-03,0.004562515491946234,-0.0019157093981388
2014-11-04,0.0051883001582822144,-0.0115719709838124
2014-11-05,0.004594563772667439,-0.0097466658522943
2014-11-06,0.004971875789318842,-0.0098425991441942
2014-11-07,0.004522020223793363,0.0098425991441943
2014-11-10,0.004792771321843444,-0.0049091900262384
2014-11-11,0.004343052772591244,-0.0009847366625394
2014-11-12,0.0038911477000728024,-0.0089065408162032
2014-11-13,0.0038519962278759706,-0.0019900504080101
2014-11-14,0.004146118576932832,0.0049677201019344
2014-11-17,0.0038090285777119554,-0.0029776696939243
2014-11-18,0.00400767317658304,0.0069341535889987
2014-11-19,0.004545700926593335,0.0019723872272043
2014-11-20,0.004062750268772487,0.0058939266887777
2014-11-21,0.0036829080479878467,0.0136188875348038
2014-11-24,0.0034238607621556445,0.0048192864359489
2014-11-25,0.0032428258651707002,0.002880462865354
2014-11-26,0.003125062057687842,0.0104912741005351
2014-11-28,0.0036150139597057956,-0.029852963149681
2014-12-01,0.0033900398353013204,-0.0307716586667537
2014-12-02,0.0032907710093448366,0.0090316720303477
2014-12-03,0.003854885915789138,0.004982571344464
2014-12-04,0.0035727087176903164,-0.0019900504080101
2014-12-05,0.003434474338032833,0.002983592466888
2014-12-08,0.003331670655569585,-0.0170259495899266
2014-12-09,0.0032004277108807168,-0.0030349036951541
2014-12-10,0.0030937857340771206,0.0010126583143864
2014-12-11,0.004441672143673796,0.0
2014-12-12,0.004730992546313102,-0.0163268932874287
2014-12-15,0.005555876674851598,-0.0093023926623134
2014-12-16,0.00495564778189764,-0.0010389611324192
2014-12-17,0.005877095048662035,-0.0041666726948458
2014-12-18,0.004996390697900885,0.0247435303836053
2014-12-19,0.0044815159766535325,-0.0237002334710277
2014-12-22,0.004252658881107112,0.0052002197271074
2014-12-23,0.004422964863410398,0.0041407926660313
2014-12-24,0.004533016052837407,0.0020639842208514
2014-12-26,0.004013220207281128,0.0051413995004186
2014-12-29,0.00364538824700808,-0.003081666537408
2014-12-30,0.004063353386573433,-0.0041237171838621
2014-12-31,0.003986729134341626,0.0
2015-01-02,0.004277437872899993,0.0072053837212701
2015-01-05,0.004041480452755281,-0.0217737995495607
2015-01-06,0.003664180039897823,-0.0020986366569211
2015-01-07,0.004105973090600439,0.0094093741789271
2015-01-08,0.005826520045101041,0.0236514880819609
2015-01-09,0.005099059288749203,-0.0030534374868902
2015-01-12,0.00452429848649147,-0.0174811649548174
2015-01-13,0.005319605545990324,0.0031072008427487
2015-01-14,0.005416336529601971,0.0020661164374719
2015-01-15,0.005240312252808782,-0.0135066988393648
2015-01-16,0.004552979955095215,0.0083333815591442
2015-01-20,0.006338660140610056,-0.0052002197271074
2015-01-21,0.0054417462363173874,0.0124353934078868
2015-01-22,0.004732428316139382,0.0041110027065222
2015-01-23,0.004290413871407256,0.0040941715326631
2015-01-26,0.003868909201674557,0.0331522073169005
2015-01-27,0.003549503214153437,0.0049285462011491
2015-01-28,0.0035911617303400795,-0.0198616260867216
2015-01-29,0.006154268688466638,0.0069965302898361
2015-01-30,0.006573043615130869,-0.0059940239402104
2015-02-02,0.005774702204014456,0.0218046299668527
2015-02-03,0.0049906945284658825,0.0280347021179805
2015-02-04,0.005640453930538298,-0.0047778399537131
2015-02-05,0.004961081262891567,0.0085837436913914
2015-02-06,0.004354850075072422,-0.012422519998557
2015-02-09,0.00662208553371563,0.0019212301778938
2015-02-10,0.005899608963756353,0.006695386082985
2015-02-11,0.005346367639397764,-0.0038204439973858
2015-02-12,0.005211685021815487,0.0180185055026784
2015-02-13,0.004658817213967481,0.0046882411234555
2015-02-17,0.004115185866483208,-0.000935891504905
2015-02-18,0.0037391830043865116,-0.0037523496185503
2015-02-19,0.004034232189302751,-0.0084946239914228
2015-02-20,0.003700489078330956,0.0056710927038161
2015-02-23,0.003574128599598608,0.0009420631879009
2015-02-24,0.0033428276838436068,0.0037594029239057
2015-02-25,0.007479905646356426,0.0204278226900982
2015-02-26,0.008596512706168758,0.0
2015-02-27,0.007072935896556864,0.0045850607606504
2015-03-02,0.006155201003585303,0.0154338061298411
2015-03-03,0.005206117380427366,0.0116436604320634
2015-03-04,0.004959479898276376,0.0272304923296016
2015-03-05,0.004418252253329582,0.0457319314267154
2015-03-06,0.004474964092251756,-0.0319623507029585
2015-03-09,0.003991955829309721,-0.0111733005981251
2015-03-10,0.004217392651378532,-0.0244981630440146
2015-03-11,0.006779720045102257,0.0114488260662936
2015-03-12,0.007360914238102545,0.007850018505927
2015-03-13,0.0064064766802891,-0.0157621476938763
2015-03-16,0.006204896646952759,0.0122808561013644
2015-03-17,0.005477946164587803,0.006084329938674
2015-03-18,0.005191317513931729,0.0103449198423929
2015-03-19,0.005022243442951744,-0.0051590828100274
2015-03-20,0.004516935155971832,0.0170944333593002
2015-03-23,0.004019017446808496,0.0016934805063329
2015-03-24,0.0036712390843972264,0.0092632241318725
2015-03-25,0.004817963063738338,-0.0160544217098742
2015-03-26,0.006281025261153096,-0.0119967162876314
2015-03-27,0.005297497921470289,0.0025828684182542
2015-03-30,0.004566283245947691,0.0221097441721174
2015-03-31,0.005575346895504493,-0.0025263171331111
2015-04-01,0.00531236141805126,0.0142321364170081
2015-04-02,0.00458688428814165,0.0066280275784133
2015-04-06,0.004140858234983802,0.0065843859281792
2015-04-07,0.00375160541983449,0.0032760062059009
2015-04-08,0.004005114153798314,0.0121903175573691
2015-04-09,0.0036909395582986693,0.02236514945958
2015-04-10,0.005946532193492988,-0.0047506027585978
2015-04-13,0.005171044255355231,0.0039604012160969
2015-04-14,0.005089304107406652,-0.003960401216097
2015-04-15,0.004452532736668996,0.0118344576470027
2015-04-16,0.004339551354526669,0.0054751798880889
2015-04-17,0.004528317529330982,-0.0165163015156958
2015-04-20,0.004810200737040336,-0.0111643902848829
2015-04-21,0.004415501916754297,0.0063949058858479
2015-04-22,0.0044994034239573336,0.0142407469915222
2015-04-23,0.005350715967403643,0.01093760903872
2015-04-24,0.0047270591397005875,-0.006235406017284
2015-04-27,0.004335358879392197,-0.0015649455463033
2015-04-28,0.004178354168872972,0.0193879667359751
2015-04-29,0.007820114081695879,-0.0312037796673561
2015-04-30,0.010236712001969284,-0.0103545329755807
2015-05-01,0.008723170747848166,0.008768489819946
2015-05-04,0.008462430297553909,0.0047506027585977
2015-05-05,0.007055105934809288,-0.0087267511382371
2015-05-06,0.005887533007538487,-0.0080000426670763
2015-05-07,0.006727823567482226,0.0087965381293361
2015-05-08,0.007904686647987581,0.0181464545506985
2015-05-11,0.006583511239984875,-0.0117972268720398
2015-05-12,0.00823620908762895,-0.0023762387418832
2015-05-13,0.006869246288269694,0.0118251279398155
2015-05-14,0.006621990651242018,0.0039108379919991
2015-05-15,0.0056911035254089415,0.0046729056993924
2015-05-18,0.004893701848866132,-0.0007773027985619
2015-05-19,0.004751657127261374,-0.0125197253449277
2015-05-20,0.006083328919374852,-0.026327807060149
2015-05-21,0.005168814174884414,-0.0073022636854001
2015-05-22,0.007636229122545881,0.0064935293105483
2015-05-26,0.006797001450396815,-0.0073081933067246
2015-05-27,0.006332442829616912,0.0056887597544217
2015-05-28,0.005397157010781747,-0.0254424884906543
2015-05-29,0.009459977494959216,0.0099256397999699
2015-06-01,0.014935439403660917,-0.0165978914090378
2015-06-02,0.014329011865944543,0.0025073143097837
2015-06-03,0.011540220170013485,0.0025010434045888
2015-06-04,0.009353201027124424,-0.0142560066360325
2015-06-05,0.007703707429757178,-0.0059297081836742
2015-06-08,0.006556458648808514,-0.0068201457882083
2015-06-09,0.00564021749299588,-0.0129145144040236
2015-06-10,0.00500911674379789,0.0154775230689131
2015-06-11,0.004359458608932573,0.0008528785165176
2015-06-12,0.004004252435463638,-0.0034158871814071
2015-06-15,0.0036441321990959325,-0.0120483385161743
2015-06-16,0.003491679672879434,0.0051813587419973
2015-06-17,0.0032990325326077686,0.0042973852125461
2015-06-18,0.003160074160442585,0.0102389973010942
2015-06-19,0.003609436768115143,-0.0128152116928674
2015-06-22,0.0033766635122998473,0.0119659547416122
2015-06-23,0.0040919074634114755,0.007617472297394
2015-06-24,0.003939290800226352,-0.0238919214247301
2015-06-25,0.003630447648790824,-0.0104167608582556
2015-06-26,0.0040519626611383265,-0.0105264129869876
2015-06-29,0.0036727888657000895,-0.0313505298840759
2015-06-30,0.0034107019573413615,0.0117595204069062
2015-07-01,0.0039627020337424275,-0.0018001805041478
2015-07-02,0.00362427999021241,-0.0009013069560127
2015-07-06,0.0034914098580548863,-0.0414233174487772
2015-07-07,0.0033082591099156742,-0.0122932990246386
2015-07-08,0.0074345812355952265,-0.0427664781583887
2015-07-09,0.014385389824556196,0.0503494528828441
2015-07-10,0.011938569952847611,0.0306858107034438
2015-07-13,0.010253923299950497,0.011834457647003
2015-07-14,0.008647347414912082,0.0018083187567836
2015-07-15,0.0071006640535601125,-0.0284031919869072
2015-07-16,0.008030508773904085,0.0211502136818917
2015-07-17,0.009958690600833561,-0.0128206884290614
2015-07-20,0.008334931889157866,0.0018416211466495
2015-07-21,0.007595538573842192,0.0027560881019799
2015-07-22,0.0065843389746491855,-0.0157192325924908
2015-07-23,0.0060180873231134606,-0.0046707231105583
2015-07-24,0.005130402506974763,-0.0075188324140273
2015-07-27,0.004553251455799895,-0.0180871184911438
2015-07-28,0.0040644253111718235,0.0124106604863386
2015-07-29,0.004468439113382809,0.021586948055081
2015-07-30,0.0039964403502245486,-0.022536165022413
2015-07-31,0.004160275472100399,-0.0028530689824063
2015-08-03,0.0068016824354536105,-0.0019065782705815
2015-08-04,0.0059094532752401,-0.00862487378176
2015-08-05,0.0058614887932136065,0.0237766788023623
2015-08-06,0.006088413964619056,-0.0161064590310528
2015-08-07,0.005667102875003134,-0.0105617880511086
2015-08-10,0.005207384697377363,0.0134230203321407
2015-08-11,0.004516029021863394,-0.0192313619278875
2015-08-12,0.0041809308463801095,0.0
2015-08-13,0.003934348523226298,-0.0019436352085711
2015-08-14,0.004589805578609757,0.0
2015-08-17,0.00405303736036742,0.0019436352085712
2015-08-18,0.003727400080547818,-0.0058422756242284
2015-08-19,0.003754754704355396,-0.0108003013507696
2015-08-20,0.006440812296159916,-0.0444068923579173
2015-08-21,0.006536654978156673,-0.0282593373144031
2015-08-24,0.005502028983788692,-0.0456105112520522
2015-08-25,0.0076486376757517035,0.0033277900926745
2015-08-26,0.011757767603751816,0.027309179369215
2015-08-27,0.016067447509418242,0.0401321014263174
2015-08-28,0.01293103545660665,0.0031007776782481
2015-08-31,0.010440211563223993,-0.0261384457452655
2015-09-01,0.009054465178802778,-0.0322955946913505
2015-09-02,0.009341092568115416,0.0162781673596882
2015-09-03,0.010047200692309403,-0.003234504167659
2015-09-04,0.008841823752567897,-0.0207317845310427
2015-09-08,0.007293366819084356,0.0378628244612264
2015-09-09,0.007531443028404218,-0.0042553255701382
2015-09-10,0.007922096975027925,0.010604553248797
2015-09-11,0.008147811719402945,-0.0021119332031435
2015-09-14,0.007257318649193612,-0.0084926200456535
2015-09-15,0.0062651616908516,0.0074349784875179
2015-09-16,0.005353381876542191,0.0167894814765498
2015-09-17,0.005457399015266596,0.0031168856402531
2015-09-18,0.004821619455783079,-0.0262758154022827
2015-09-21,0.007720236286052637,0.0021276603771166
2015-09-22,0.0068188666643076426,-0.0225694695422937
2015-09-23,0.00601099238069601,-0.0153343640001065
2015-09-24,0.005114994837310462,-0.0044247859803558
2015-09-25,0.004808718410281918,0.0011080333543616
2015-09-28,0.00569453129315216,-0.0258006459447331
2015-09-29,0.005304497319248324,0.0067950431328285
2015-09-30,0.0058005183309335715,0.0223223554378984
2015-10-01,0.006291786092715025,0.0120681662134854
2015-10-02,0.007835486210561734,0.034301326353463
2015-10-05,0.006539853122218454,0.0218872728875005
2015-10-06,0.005520020279542882,0.0092355710330818
2015-10-07,0.004731852406034544,0.0192216337809536
2015-10-08,0.004165742706292275,0.0099701723198498
2015-10-09,0.007029413376003898,0.0059347355198145
2015-10-12,0.006692819807761795,-0.0139029051689914
2015-10-13,0.005916154385375485,-0.009040744652149
2015-10-14,0.0050505755403008135,0.0150228163296966
2015-10-15,0.004457791358998289,0.0206598592688737
2015-10-16,0.0046202944042794064,-0.0078201767058334
2015-10-19,0.004981355292892804,-0.0168237515779146
2015-10-20,0.007056733982783539,0.0109182226038734
2015-10-21,0.006402874125639327,-0.0109182226038734
2015-10-22,0.005920854228428176,0.0089419373756612
2015-10-23,0.005805567536888189,0.0
2015-10-26,0.005198083443364044,-0.0079444310585358
2015-10-27,0.00487891414331565,-0.0221783283965723
2015-10-28,0.0042609419292181875,0.0071102381825048
2015-10-29,0.005189643260539061,0.0020222453807676
2015-10-30,0.004567220810842393,-0.0101523714640179
2015-11-02,0.004464168797652793,0.015190165493975
2015-11-03,0.005199530777216915,0.0040120414899608
2015-11-04,0.00509649937038522,-0.0070316713636807
2015-11-05,0.0059368908536990275,-0.0020181641562371
2015-11-06,0.005065824442486642,0.0040322635279382
2015-11-09,0.0044489600214255055,-0.0172505546137912
2015-11-10,0.004094995907480794,-0.0217287389913814
2015-11-11,0.003913351665760023,-0.004192878260036
2015-11-12,0.004301973295809331,-0.0137495555831023
2015-11-13,0.003978310756043259,-0.0117837464220624
2015-11-16,0.0036332969759859763,0.0170944333593
2015-11-17,0.005614384444954066,-0.0149415799981989
2015-11-18,0.004939334467972923,0.008565362858923
2015-11-19,0.0043328396031098336,0.0031931905791549
2015-11-20,0.004313032684240235,0.0
2015-11-23,0.004041462649959205,0.0010621349909833
2015-11-24,0.003933259973987496,0.0042372944755152
2015-11-25,0.0036850882484478664,-0.0010576415581356
2015-11-27,0.0034330303848814376,-0.0010587613482419
2015-11-30,0.0033158331686040216,-0.0021208915691376
2015-12-01,0.003950902904310054,0.0157981168765913
2015-12-02,0.003976941998573932,0.005211059212752
2015-12-03,0.0043500045040521995,0.0051840447875879
2015-12-04,0.0041603033865354735,0.0082389755445528
2015-12-07,0.006873358660916481,-0.0186340795448928
2015-12-08,0.006888619055735718,-0.0094488891979323
2015-12-09,0.005775337431289087,0.0
2015-12-10,0.005323817624925662,-0.015949301407678
2015-12-11,0.0045934677587967975,-0.0227652107730125
2015-12-14,0.004380905884783922,0.0281099589318934
2015-12-15,0.0043441645990818685,0.023183335455657
2015-12-16,0.00598345107039894,0.0438175035000535
2015-12-17,0.0052070453577693025,-0.0100201239167629
2015-12-18,0.004746900838680972,-0.0040363324224603
2015-12-21,0.0043273712755714025,-0.0010116338748442
2015-12-22,0.004786666179905257,-0.0132452267500206
2015-12-23,0.004410405368289638,0.0192997356587267
2015-12-24,0.003931828051930951,0.0030135633052644
2015-12-28,0.0036024654848579884,-0.0060362356318503
2015-12-29,0.003580370376959642,-0.0030318365821201
2015-12-30,0.004205548619061646,-0.0010126583143863
2015-12-31,0.004069175848179987,-0.0030441423812281
2016-01-04,0.004084972072112169,-0.0091884260544062
2016-01-05,0.00384827009076539,-0.0041110027065222
2016-01-06,0.003818321206740658,-0.0155685552399237
2016-01-07,0.004009263869675564,-0.0372978767960943
2016-01-08,0.0036613077016085837,-0.0098200461809756
2016-01-11,0.005973196365921197,-0.0121347324659933
2016-01-12,0.006791221560337585,-0.0077994824348237
2016-01-13,0.005703232961090416,-0.036450504509821
2016-01-14,0.012742232025024868,-0.0023228814161396
2016-01-15,0.011297425463798945,-0.0367122341122585
2016-01-19,0.009278050938141703,0.0
2016-01-20,0.007713243069671357,-0.0256580966141994
2016-01-21,0.006754741178168293,-0.009950330853168
2016-01-22,0.006014621848518912,0.0452123428215479
2016-01-25,0.00509890554906815,-0.0180836754332952
2016-01-26,0.004425099253196917,0.0240396191861467
2016-01-27,0.005709319764367674,-0.0047619137602435
2016-01-28,0.00598682446346721,0.0
2016-01-29,0.006106853124471875,0.0374751111665462
2016-02-01,0.005395689491368646,0.005730674708985
2016-02-02,0.005939112424252458,-0.0348872590004406
2016-02-03,0.006161764258588175,0.0117648415795864
2016-02-04,0.0062862490933262224,-0.0023419214450812
2016-02-05,0.00855626203328085,-0.0189354770022037
2016-02-08,0.00738251482482474,-0.0352620119683797
2016-02-09,0.006279093819876238,-0.0049627893421291
2016-02-10,0.008308918009185966,-0.0137760475441182
2016-02-11,0.006844306754012455,-0.0203828712672005
2016-02-12,0.009870655704748188,-0.0012878301844286
2016-02-16,0.00874691594502482,0.0366897572353447
2016-02-17,0.007840002171619058,0.0293778777167313
2016-02-18,0.010047800743031543,0.0
2016-02-19,0.008304182517185968,-0.0096970456828665
2016-02-22,0.006882273651817134,0.0133093313687802
2016-02-23,0.006599087529533515,-0.0108762401441387
2016-02-24,0.005963106326433831,0.0168678698124052
2016-02-25,0.006110951019594615,0.0023866359777309
2016-02-26,0.0057430972882961985,0.001191185370153
2016-02-29,0.006006086150474874,0.0011897681355887
2016-03-01,0.0051207982079708655,0.0258230311104798
2016-03-02,0.01027218881664425,0.0103747328255516
2016-03-03,0.008865559561749605,0.0159275266961012
2016-03-04,0.007490934715557922,0.0101067676697743
2016-03-07,0.006372848554414199,0.00889883514213
2016-03-08,0.005714477694574579,-0.0269376557318084
2016-03-09,0.006874845271964715,0.0158016831913221
2016-03-10,0.0063323231622551,0.0
2016-03-11,0.00568190814335688,0.0188580186343967
2016-03-14,0.005831364964161406,0.0065717651632345
2016-03-15,0.006432191584281219,-0.0165111070657924
2016-03-16,0.005427583333831899,0.0176022146481269
2016-03-17,0.00795327770378977,0.0162253424291263
2016-03-18,0.008831554475374096,0.0042826617920007
2016-03-21,0.00759320961630095,-0.0042826617920007
2016-03-22,0.006446651419325973,-0.005379249119736
2016-03-23,0.005654823669037359,-0.0229142595228757
2016-03-24,0.0048315635521942015,-0.007756271571359
2016-03-28,0.004635672217792774,0.0110620597058586
2016-03-29,0.004456285819362085,0.0152841403253734
2016-03-30,0.005577218752485653,0.0129172947858347
2016-03-31,0.005667072180861439,-0.0010700910598444
2016-04-01,0.004894117637093565,-0.006444705442642
2016-04-04,0.0050472417498632505,-0.016295852191232
2016-04-05,0.005875660865783281,-0.0143411172706578
2016-04-06,0.005028399930832217,0.0055401803756153
2016-04-07,0.004463424853658543,-0.0167134809737406
2016-04-08,0.006207955109190108,0.0122837948821523
2016-04-11,0.005258379930314695,0.0044296860915882
2016-04-12,0.004584784021546585,0.0207771279417579
2016-04-13,0.006313240635857453,0.0150378773645405
2016-04-14,0.0054979195795981225,-0.0107182162200242
2016-04-15,0.004837941377933906,-0.0054024982833483
2016-04-18,0.005594451099958868,0.0032450001433271
2016-04-19,0.0064583283457911155,0.0086022035826632
2016-04-20,0.005814633254108255,0.0021390382487494
2016-04-21,0.004977544103824534,-0.003210275630248
2016-04-22,0.004497697326495722,-0.0021459235702766
2016-04-25,0.0040065637263942714,-0.0151518050206023
2016-04-26,0.0036460580083202227,0.0065217622463874
2016-04-27,0.00494743844272497,0.0171862447054108
2016-04-28,0.007643186305572808,-0.0193554429529559
2016-04-29,0.007355799658020337,-0.001086366212221
2016-05-02,0.006340483359611322,-0.0142312199279492
2016-05-03,0.005374099006255078,-0.0245548051072071
2016-05-04,0.0046247891938551,-0.0033955890011381
2016-05-05,0.004112730465664037,-0.013698844358162
2016-05-06,0.003910828349830624,0.0114286958236228
2016-05-09,0.0047349204407826926,-0.0195072163888241
2016-05-10,0.0053053998963891805,0.0126656845721074
2016-05-11,0.004657173734935368,0.0136365749495454
2016-05-12,0.004524116609395668,-0.0147813947654786
2016-05-13,0.004082926325413501,-0.0196651796978601
2016-05-16,0.006263719496971454,0.013921338518608
2016-05-17,0.0068073685002200375,-0.0046189458562944
2016-05-18,0.006534561347209824,-0.0163364193196935
2016-05-19,0.005489931929188072,-0.0118344576470027
2016-05-20,0.005016419237378542,0.0176995770994008
2016-05-23,0.004719680787656651,0.0011689072049819
2016-05-24,0.004154173509196937,0.0127686006387997
2016-05-25,0.004603527437890602,0.0034542348680873
2016-05-26,0.004067548754240288,-0.0011500863832373
2016-05-27,0.003947426304975815,-0.0034582167029568
2016-05-31,0.0038995168435559165,0.0069045153465444
2016-06-01,0.0035660191073795433,0.019307811604925
2016-06-02,0.0036502279012443407,0.0044893453625943
2016-06-03,0.004936391059874561,-0.0022421534056897
2016-06-06,0.005750238686378401,0.0177980226443272
2016-06-07,0.0050736873468922306,0.0054975399591945
2016-06-08,0.004590332750076857,0.0
2016-06-09,0.004208163912027292,-0.0110254700117077
2016-06-10,0.003809853822680816,-0.0430417512585679
2016-06-13,0.003842879076059142,-0.0293620623368494
2016-06-14,0.008081940136512698,-0.0107850056765625
2016-06-15,0.006722723635803486,0.004807701568103
2016-06-16,0.005999924507971726,0.0107335556431086
2016-06-17,0.010884920764266483,0.0059136777900477
2016-06-20,0.012189189383355665,0.0301997398636324
2016-06-21,0.010431278239681454,-0.0231491818669657
2016-06-22,0.008859647497743232,0.0
2016-06-23,0.009675926033537062,0.0231491818669656
2016-06-24,0.008871108669033225,-0.0528602205202406
2016-06-27,0.007394947185843426,-0.0158058001711878
2016-06-28,0.006364479526215301,0.0443451925275719
2016-06-29,0.008605005811803342,0.0162794292888629
2016-06-30,0.00796736613768749,0.0126076168545746
2016-07-01,0.006672814551908094,0.0
2016-07-05,0.005642891820911016,-0.0080046167826136
2016-07-06,0.005547126459269625,0.0068650155196801
2016-07-07,0.005014644620861903,-0.00686501551968
2016-07-08,0.0050937173020178,0.0238241557275064
2016-07-11,0.005578012979160405,0.012256420836976
2016-07-12,0.006183725857253847,0.0066225407604934
2016-07-13,0.006544342553883895,-0.0132892321186826
2016-07-14,0.005970834389089318,0.0088790816411299
2016-07-15,0.005066229270133409,-0.0055401803756154
2016-07-18,0.00496535669122929,0.0022197567383128
2016-07-19,0.006368307305188591,-0.0044444517604239
2016-07-20,0.005461636146540038,0.0132745312086961
2016-07-21,0.004707601791341711,-0.0044052934679162
2016-07-22,0.004892357684238036,0.007696574551989
2016-07-25,0.00598971006993412,-0.0021929833350103
2016-07-26,0.00520137142412577,0.0130863372428939
2016-07-27,0.004686971173085936,-0.0021691982475452
2016-07-28,0.004748100200726977,-0.0120154367444112
2016-07-29,0.004168106312435905,0.0
2016-08-01,0.004177633608044395,0.0032912810840729
2016-08-02,0.004861362489141671,-0.0032912810840728
2016-08-03,0.00503246569054108,0.0054794657646255
2016-08-04,0.004372633563316185,0.0087051692273308
2016-08-05,0.0039008785860336886,-0.0032555644597662
2016-08-08,0.003668261758344494,0.0097350687707524
2016-08-09,0.003526688263888217,0.0
2016-08-10,0.003316507400072492,-0.0195658415538801
2016-08-11,0.003689740668328911,0.0054734674141721
2016-08-12,0.0034296344375116016,-0.005473467414172
2016-08-15,0.0036273474070266766,0.0163313373862211
2016-08-16,0.005237935288352172,-0.0043290110895854
2016-08-17,0.004529853444952259,-0.0010851873012869
2016-08-18,0.004182044379326531,0.019355442952956
2016-08-19,0.0037849764767792825,-0.0021321969698408
2016-08-22,0.004048051870838632,-0.0074986960911203
2016-08-23,0.004317423773424224,0.0
2016-08-24,0.004195964762372364,-0.0021528533611012
2016-08-25,0.0038824485677098268,-0.0010781672203454
2016-08-26,0.0036331265246753014,-0.0043243310630028
2016-08-29,0.004875336269535577,0.0032450001433271
2016-08-30,0.006101006290384658,0.002157498140021
2016-08-31,0.005321143201579076,-0.0097456104305135
2016-09-01,0.004891802133355081,0.0032591012009069
2016-09-02,0.004271347782461975,0.0129312146722487
2016-09-06,0.004684053959812492,0.0253713397420178
2016-09-07,0.004327498427511559,-0.0031364374901302
2016-09-08,0.004011054996452333,0.0093799541298154
2016-09-09,0.004719313352440318,-0.0284080123721235
2016-09-12,0.005459172826865525,0.0053219923379408
2016-09-13,0.009748677938385011,-0.0334623773164048
2016-09-14,0.011092924895003593,-0.0110376396516203
2016-09-15,0.009037760160906919,0.0121347324659933
2016-09-16,0.007719093281577118,-0.0099174366573459
2016-09-19,0.0064133502619970525,0.0132015118585359
2016-09-20,0.006083834805597329,0.0021834069809435
2016-09-21,0.005190930374468777,0.0130012665573735
2016-09-22,0.005253662757440356,0.0138965357625246
2016-09-23,0.004631556279228519,-0.0117459972992958
2016-09-26,0.004083028844634996,-0.0097140537204732
2016-09-27,0.0037535093184980378,0.0075635152572445
2016-09-28,0.003516332644176338,0.0064377904748485
2016-09-29,0.003600071131438539,-0.0064377904748485
2016-09-30,0.005326683706938245,-0.0140923741397081
2016-10-03,0.007863058011319599,0.0010911075823345
2016-10-04,0.0074801435279318275,-0.0120681662134854
2016-10-05,0.006520629225220436,0.0218349286031999
2016-10-06,0.0066327577391694335,-0.0075881122904923
2016-10-07,0.0060679634249488825,-0.0142468163127076
2016-10-10,0.005252552034708481,0.0109770586311509
2016-10-11,0.004542971459379443,-0.023192646399275
2016-10-12,0.004480047892206756,0.0
2016-10-13,0.0041392898929516675,0.0055710450494554
2016-10-14,0.0040792213816898135,0.0066445427186687
2016-10-17,0.00369417742680424,0.0
2016-10-18,0.003693534493701356,0.007696574551989
2016-10-19,0.0037120405546800014,0.0076377894481173
2016-10-20,0.003979533243838251,-0.0065430985889358
2016-10-21,0.0038640610511129,-0.0132160513915264
2016-10-24,0.0049707682607853035,0.0033204236373025
2016-10-25,0.004694172469213617,-0.00887908164113
2016-10-26,0.004185916056742536,0.0
2016-10-27,0.0037758394657609,-0.0089586265448915
2016-10-28,0.003810086509828351,-0.009039609577725
2016-10-31,0.0036001063519191623,0.0056593246689013
2016-11-01,0.0035468310048337942,-0.0228320420426456
2016-11-02,0.004734961434669533,-0.0127834396256749
2016-11-03,0.004301011328686246,-0.018890762469554
2016-11-04,0.0038524281748159874,-0.0035820933825046
2016-11-07,0.004507570796633031,0.0306266575789914
2016-11-08,0.004559072414557818,0.0034742362681862
2016-11-09,0.005675067526713263,-0.0509891118756993
2016-11-10,0.005177333985656047,-0.0271286673882527
2016-11-11,0.008540043286319242,-0.0062696130135953
2016-11-14,0.00703517055717814,-0.0113853222251253
2016-11-15,0.006156845663354053,0.0151518050206022
2016-11-16,0.005264357632773401,-0.0138803490324055
2016-11-17,0.006383045572351158,0.0063331433970225
2016-11-18,0.005922988815242759,-0.0037950709685516
2016-11-21,0.0050678165868635085,-0.001268230987995
2016-11-22,0.004402716192311282,0.0088440247964527
2016-11-23,0.003973697038332017,0.0050188311119427
2016-11-25,0.003805035400928849,0.0037476621002397
2016-11-28,0.0040056736358389,0.0148517581360259
2016-11-29,0.0055656158424954305,-0.0148517581360259
2016-11-30,0.004814817785672003,0.0024906613124518
2016-12-01,0.004255894320432744,-0.0087445903887512
2016-12-02,0.003815295871003831,-0.0037712175430792
2016-12-05,0.003907722956315173,0.0100251466193786
2016-12-06,0.003575495291662821,0.0
2016-12-07,0.003351016940228949,0.0185304869934885
2016-12-08,0.003199322574294656,-0.006138754698325
2016-12-09,0.003397394915455496,-0.0049382816405824
2016-12-12,0.0033224111317264327,-0.0087011114527361
2016-12-13,0.005327146258443709,0.0148701624794514
2016-12-14,0.005417785462378003,-0.0274331417801567
2016-12-15,0.006432192908171296,-0.0037998779097747
2016-12-16,0.006857468220315205,-0.0012698414404758
2016-12-19,0.005856022205166709,0.0163834792505241
2016-12-20,0.005623870870507568,-0.0075282664207915
2016-12-21,0.004849790773862242,-0.0025220694327099
2016-12-22,0.004290053413185902,-0.0076045993852193
2016-12-23,0.0058227921386508705,-0.0115164420615591
2016-12-27,0.007515946940937186,0.010243367414761
2016-12-28,0.006768357463486976,-0.0025510217916053
2016-12-29,0.005687882186028231,0.0101652717768507
2016-12-30,0.005311727842725374,-0.0037998779097747
2017-01-03,0.006011314157039446,0.0113565889323359
2017-01-04,0.005238685248837361,0.0174133753251979
2017-01-05,0.005226242805623298,0.0061463008486942
2017-01-06,0.004595443361603596,-0.0049140148024291
2017-01-09,0.004459045714263027,0.0036877730791848
2017-01-10,0.004297177192667095,0.0012262417232442
2017-01-11,0.004010393157402834,0.0109690313705739
2017-01-12,0.00422205639278438,0.0036297680505787
2017-01-13,0.003793114555531853,-0.0024183808642815
2017-01-17,0.003546618904321926,0.0108369513298774
2017-01-18,0.003519026445198501,-0.0060060240602116
2017-01-19,0.004719365478748397,-0.0048309272696656
2017-01-20,0.004469311739629336,0.0036253816143168
2017-01-23,0.004236448134335766,0.0
2017-01-24,0.0038792122560179637,0.0048134870315477
2017-01-25,0.00506597333059115,0.0071770643003636
2017-01-26,0.004436511717081345,-0.0083782656459975
2017-01-27,0.004492024307510404,0.0
2017-01-30,0.0040216725876743974,-0.0108762401441387
2017-01-31,0.0038700148383772996,0.0024271856576111
2017-02-01,0.004702119698084518,0.0132452267500205
2017-02-02,0.00436725651646768,-0.001196888233846
2017-02-03,0.0038957924179527253,0.009535233151
2017-02-06,0.00441305964547912,-0.0119333158350127
2017-02-07,0.004301846375314436,-0.003607941376199
2017-02-08,0.00413143097066564,0.0072029122940577
2017-02-09,0.0038326527277524453,0.0047732787526578
2017-02-10,0.004405505891224276,0.0130102367360147
2017-02-13,0.004039829593871248,0.0093567934108813
2017-02-14,0.003694749170304433,0.0069605849476239
2017-02-15,0.004208374606900978,0.0057637047167499
2017-02-16,0.0041578808739701064,0.0022962122603503
2017-02-17,0.0037464207626024433,0.0011461319306225
2017-02-21,0.0037918050725746803,0.0113896447643577
2017-02-22,0.0038585139318720813,-0.0079591096675686
2017-02-23,0.003545898005403383,-0.0034305350967891
2017-02-24,0.0035279958160019807,-0.0092060489077228
2017-02-27,0.0033569666511149643,0.0011554016305558
2017-02-28,0.0033862677423390185,-0.0057904041347044
2017-03-01,0.003662546898156393,0.0103987072208985
2017-03-02,0.004535163431873326,-0.0080785205652013
2017-03-03,0.004207695687537864,0.0046242856971137
2017-03-06,0.004478952721103389,-0.0081065875329884
2017-03-07,0.0044156789008831035,0.0023228814161397
2017-03-08,0.00398191907437,-0.0034863486794376
2017-03-09,0.003650031738557288,-0.0081823951549396
2017-03-10,0.0037934810789994142,0.002344666959254
2017-03-13,0.0036478281449928446,0.008163310639161
2017-03-14,0.003489397712373847,-0.0058241282859885
2017-03-15,0.003309916006054651,0.013921338518608
2017-03-16,0.0055613947622763504,0.0068886609951853
2017-03-17,0.005576744419301795,-0.0034383988030325
2017-03-20,0.004876577598502919,-0.0034502621921527
2017-03-21,0.004381487983901944,-0.019779586086976
2017-03-22,0.004233760506089274,-0.003531492781471
2017-03-23,0.0047571383206539445,0.0
2017-03-24,0.00419694426004549,0.0023557136924589
2017-03-27,0.003774698110746088,-0.002355713692459
2017-03-28,0.0035130119164779646,0.008220833144857
2017-03-29,0.0034990905413466496,0.003502630551202
2017-03-30,0.0033168080834128544,-0.0093677500036001
2017-03-31,0.0033705621790727607,0.0070340266573799
2017-04-03,0.0033140126809737673,-0.0011689072049818
2017-04-04,0.0035183830319002883,0.004667453047495
2017-04-05,0.003438304798338661,-0.0105325724998932
2017-04-06,0.0034336907313311845,0.0
2017-04-07,0.003878760024832096,0.0
2017-04-10,0.0035580055424523534,0.0070340266573799
2017-04-11,0.0037170636642537462,-0.0011689072049818
2017-04-12,0.004001222781029802,-0.0023419214450812
2017-04-13,0.003951381631327746,-0.0082401878854557
2017-04-17,0.0036325440523963847,0.0140847398817388
2017-04-18,0.003566357861362147,-0.0093677500036001
2017-04-19,0.003355217593313247,-0.0058997221271883
2017-04-20,0.0033485930954976623,0.0023640672948806
2017-04-21,0.003247508120067154,-0.004733736650199
2017-04-24,0.0036754070222673684,0.0117925894898236
2017-04-25,0.003496256468060886,0.003510828650063
2017-04-26,0.003432060691465411,-0.0046838493124264
2017-04-27,0.0033293025319224424,-0.0047058910374125
2017-04-28,0.003356282123935113,0.0
2017-05-01,0.004362661475756636,0.008220833144857
2017-05-02,0.003957087965115238,0.0116280379951189
2017-05-03,0.00417632620658773,-0.0034742362681863
2017-05-04,0.004499110670789227,-0.0034863486794376
2017-05-05,0.005080992532462657,0.0173114536712801
2017-05-08,0.0050868100261086254,-0.01731145367128
2017-05-09,0.006403751771283503,0.0115742032811367
2017-05-10,0.005499183660159193,0.0011500863832373
2017-05-11,0.004736348904006833,-0.0092379409849363
2017-05-12,0.0042935599640813605,0.0057837061168487
2017-05-15,0.0039680743140520554,0.011468015591641
2017-05-16,0.0037050679063904152,-0.0045714365325807
2017-05-17,0.003992935210648,-0.0115208647561742
2017-05-18,0.0036396669790651004,-0.0198953314772046
2017-05-19,0.0034253416195585253,0.0152495623780319
2017-05-22,0.0032431704008493776,-0.001164822496293
2017-05-23,0.0032113248930614405,0.0092808090744727
2017-05-24,0.0041818301740796085,0.0023068060979148
2017-05-25,0.00422564855695655,0.0068886609951853
2017-05-26,0.004066764602252294,-0.0011448198159331
2017-05-30,0.0042854256355744896,-0.0011461319306225
2017-05-31,0.004229209486010157,-0.0034462986435877
2017-06-01,0.003799641782679998,0.0022988515871108
2017-06-02,0.0035227855248264823,0.0
2017-06-05,0.003308776378440576,0.0
2017-06-06,0.0036775411696385986,-0.0011487652038735
2017-06-07,0.004287390383045356,-0.0069204428445736
2017-06-08,0.003852661836073018,0.0023121397583793
2017-06-09,0.0037067396665963893,-0.0092808090744728
2017-06-12,0.003642427571793928,0.0
2017-06-13,0.0035862660026640025,0.0
2017-06-14,0.0036154573532399203,0.0
2017-06-15,0.003584039013098762,-0.0093677500036001
2017-06-16,0.0034894502863773596,0.005865119452398
2017-06-19,0.003960198805663338,0.003502630551202
2017-06-20,0.003994198008581257,-0.031974304632514
2017-06-21,0.0038393813382781045,0.0059988182292532
2017-06-22,0.0040085897543582225,0.0107080142724723
2017-06-23,0.0036414224062704904,0.0047225589541735
2017-06-26,0.0033883243479822626,0.0082111898303948
2017-06-27,0.00338740392754807,-0.003510828650063
2017-06-28,0.003498673240251402,0.0128132213123766
2017-06-29,0.004749442605571751,-0.0175135824927083
2017-06-30,0.006184642219249883,0.0082111898303948
2017-07-03,0.0052264747204360225,0.0046620131058111
2017-07-05,0.0048371199717401805,-0.0093458624182376
2017-07-06,0.004230847408172138,0.0035149421074445
2017-07-07,0.004055222173364835,0.0023364496610195
2017-07-10,0.004698586496434555,0.0011661808901823
2017-07-11,0.004317854216290812,-0.003502630551202
2017-07-12,0.004224367389397582,0.0150902457235898
2017-07-13,0.003812732278655739,-0.0023068060979149
2017-07-14,0.0035360418047378976,0.0160369989098171
2017-07-17,0.003673219165436139,-0.0011370097870753
2017-07-18,0.0034159643248544043,0.0090600846244024
2017-07-19,0.0032532612741349065,0.0134380521620407
2017-07-20,0.003128994932879091,0.0011117288526904
2017-07-21,0.0030548326733199575,-0.0011117288526904
2017-07-24,0.003262659774843752,-0.0011129661694206
2017-07-25,0.0033073165178236284,0.0011129661694206
2017-07-26,0.003347413240158978,0.0132598627883379
2017-07-27,0.0057814528676256435,-0.0233214345337727
2017-07-28,0.007399869733167474,0.0122837948821523
2017-07-31,0.006144726968237795,0.0022172958086475
2017-08-01,0.005265124786124152,0.001106806975191
2017-08-02,0.004552840578666211,-0.0033241027838385
2017-08-03,0.0040816451615498265,0.0044296860915882
2017-08-04,0.0036923026108391086,0.0055096558109694
2017-08-07,0.0036080886891983865,0.0098415228447912
2017-08-08,0.0034214859681435898,-0.0043620570801656
2017-08-09,0.0034320628562382427,-0.0087816151603846
2017-08-10,0.003382001620259349,-0.0133187318402813
2017-08-11,0.003215878714222063,0.0011166947000753
2017-08-14,0.003175573901702375,0.0088889474172457
2017-08-15,0.00313570882092437,0.0022099456508028
2017-08-16,0.003376459549735083,0.0066006840313518
2017-08-17,0.003639150373563736,-0.0232955626035219
2017-08-18,0.004575284003737752,0.013378125946176
2017-08-21,0.004132132271309576,-0.0111359725404862
2017-08-22,0.004063635562069485,0.0022371373983561
2017-08-23,0.00539046268178259,0.0077908017877682
2017-08-24,0.0057041531422834255,0.0
2017-08-25,0.005053104702178708,0.0033204236373025
2017-08-28,0.004552679389681681,0.0022075064152105
2017-08-29,0.004122306803173527,0.0
2017-08-30,0.0038485862678631607,0.0044004471448216
2017-08-31,0.0038925261421646293,0.0021929833350103
2017-09-01,0.0037015617379918793,0.0032804840791616
2017-09-05,0.003655576849281754,-0.0109770586311509
2017-09-06,0.005298620941927425,0.0087912654111707
2017-09-07,0.005769825641128798,-0.0010946908591815
2017-09-08,0.00544893236846043,-0.0032912810840728
2017-09-11,0.004681453642557359,0.0065717651632345
2017-09-12,0.004332150329925984,0.0043573053689556
2017-09-13,0.004262345618214754,-0.0076377894481173
2017-09-14,0.0038198364725187052,0.0152176849708864
2017-09-15,0.003634672561463602,-0.0032414939241709
2017-09-18,0.003410009707103405,-0.0076045993852193
2017-09-19,0.0036130192594630538,0.0054377513001291
2017-09-20,0.0034521793821746284,-0.0043478329361035
2017-09-21,0.0038799256543630774,-0.003273325344969
2017-09-22,0.0036363814947492135,0.0021834069809435
2017-09-25,0.0033938009552557115,-0.0220516101976686
2017-09-26,0.0032307838352719663,-0.0011154490838656
2017-09-27,0.003119902328136257,0.0055648446334072
2017-09-28,0.0032392411309750064,-0.0044493955495417
2017-09-29,0.0031533722852707595,0.0011142062434035
2017-10-02,0.0031228628427219167,0.0055524851147857
2017-10-03,0.0030439685654596077,0.0099174366573459
2017-10-04,0.0029952258135013295,-0.0021953905634356
2017-10-05,0.002980849621883804,0.0
2017-10-06,0.0030153671805495446,0.0
2017-10-09,0.0030220305278948027,-0.0044052934679162
2017-10-10,0.0033380076409328763,0.0098847592325419
2017-10-11,0.003216141996341138,0.0021834069809435
2017-10-12,0.003400240910759234,0.0032661977866211
2017-10-13,0.0034113331647989387,0.0043384015985983
2017-10-16,0.0032917611342002744,-0.0097880063661628
2017-10-17,0.0032590395442632174,0.0108696722369038
2017-10-18,0.0037691009563843676,-0.001081665870741
2017-10-19,0.0035119096208918498,-0.0086957069675539
2017-10-20,0.003370860485575558,-0.0021857932199802
2017-10-23,0.004538590681023118,0.0021857932199802
2017-10-24,0.004154879918581374,-0.0021857932199802
2017-10-25,0.004512066802021971,0.0021857932199802
2017-10-26,0.0042726923863145175,0.0
2017-10-27,0.004698747918940226,0.0162429126029368
2017-10-30,0.004419455718956387,0.0
2017-10-31,0.004059716303879513,0.0
2017-11-01,0.003679659552224544,-0.0010746911297654
2017-11-02,0.0034578176888808133,0.0032206147000421
2017-11-03,0.003310675906902757,-0.0086114633349186
2017-11-06,0.003213175650262774,0.0086114633349185
2017-11-07,0.0033023254227223446,-0.0183888361732135
2017-11-08,0.003161865870673468,0.0130153681120702
2017-11-09,0.0031017508739450976,-0.0173917427118692
2017-11-10,0.003086014006149789,-0.0077050463744051
2017-11-13,0.0033848628995595733,0.0022075064152105
2017-11-14,0.0032855115078608637,-0.0011031440721572
2017-11-15,0.003668011357608029,-0.0088692377407797
2017-11-16,0.00362647376732947,0.009972381812937
2017-11-17,0.0033791987502355325,-0.0099723818129369
2017-11-20,0.0033083553276390017,-0.0011142062434034
2017-11-21,0.0032841719550073655,0.0
2017-11-22,0.003545523360247537,0.0044493955495416
2017-11-24,0.003383896995882659,0.0022172958086475
2017-11-27,0.003267501307082318,-0.0122564208369759
2017-11-28,0.0031434224033103034,0.0144688111199168
2017-11-29,0.003145662231429783,-0.012229168526412
2017-11-30,0.0033166818161158716,-0.0033613477027047
2017-12-01,0.003817152232210987,-0.0078873648331659
2017-12-04,0.0035745904903623288,-0.0205721540752082
2017-12-05,0.003580596457164229,0.0046083030861941
2017-12-06,0.0033483895012824606,0.0
2017-12-07,0.0043682970795023935,0.0102916860365475
2017-12-08,0.005015616406418665,0.0158016831913221
2017-12-11,0.004744678134797129,-0.0011204482964896
2017-12-12,0.004618800414543894,-0.0011217051092
2017-12-13,0.004694434878337626,0.0078256408313903
2017-12-14,0.004132009051537375,0.0022246950221111
2017-12-15,0.003898167519922685,0.0055401803756153
2017-12-18,0.0036002194272923447,0.0088009368950422
2017-12-19,0.0037414925365979817,-0.0088009368950423
2017-12-20,0.0034571689576506624,0.006607953560032
2017-12-21,0.0032645827595366526,0.0021929833350103
2017-12-22,0.003168588142387485,0.0010946908591815
2017-12-26,0.0030829357896425273,0.0010934938213712
2017-12-27,0.003081896018525952,0.0087051692273308
2017-12-28,0.0030906700340549314,0.0054024982833483
2017-12-29,0.003181093403362143,0.0043010818993907
2018-01-02,0.0037302542226636914,0.014909754366287
2018-01-03,0.0034585887019018065,-0.0021164029063777
2018-01-04,0.0036386961384656724,-0.0074428839070785
2018-01-05,0.0033992027077540087,0.0031965930256274
2018-01-08,0.004139180232742727,0.0147837961842369
2018-01-09,0.003737029234972307,-0.0020986366569211
2018-01-10,0.004280035077336203,-0.0021030501967787
2018-01-11,0.003989748652901875,0.0198026272961797
2018-01-12,0.003671647447443632,-0.0031007776782481
2018-01-16,0.004250618295346049,-0.0041493835468115
2018-01-17,0.0038132259108384237,0.0062176366108705
2018-01-18,0.005365329474256264,-0.0072576783062845
2018-01-19,0.005727924171261987,0.0020790028278331
2018-01-22,0.004888729631831609,0.0
2018-01-23,0.0043758665914657435,-0.0031201273362437
2018-01-24,0.003911195868261472,-0.0041753714104805
2018-01-25,0.003596011416556037,0.0031331618320369
2018-01-26,0.003722313513866048,0.0
2018-01-29,0.0036953395392656974,-0.0031331618320368
2018-01-30,0.004357597687010886,0.0
2018-01-31,0.003892155571442517,0.0010454784015529
2018-02-01,0.0036038822347725045,-0.005238356661589
2018-02-02,0.003476657623564387,-0.0223057575142981
2018-02-05,0.004366238797923409,-0.0316447572144434
2018-02-06,0.006622627687153399,0.0088300794482719
2018-02-07,0.01149618288165106,-0.0055096558109694
2018-02-08,0.010431393255850978,-0.0268773177637466
2018-02-09,0.009480433765649917,0.0045300190717498
2018-02-12,0.008072852390601196,0.0179176126004084
2018-02-13,0.007183439970278479,0.0132306229866307
2018-02-14,0.005998945454202046,0.0130578569174566
2018-02-15,0.005190365921371357,0.0213911899813175
2018-02-16,0.004520587331262235,0.0042238711161852
2018-02-20,0.004672461195899187,-0.0042238711161851
2018-02-21,0.005083586203831976,0.0052770571008438
2018-02-22,0.0045455557566923535,0.0021030501967786
2018-02-23,0.004631597126961991,-0.0063224657394869
2018-02-26,0.00474069721804329,0.0126052089189821
2018-02-27,0.004287276350555205,-0.0147216118253599
2018-02-28,0.004177974295708312,-0.0085106896679086
2018-03-01,0.004048789352583816,-0.0064308903302902
2018-03-02,0.0038528078139758483,0.0064308903302903
2018-03-05,0.004954739402242838,0.003200002730671
2018-03-06,0.0045322383337632124,0.0074270898436155
2018-03-07,0.0045714434695684905,0.0021119332031435
2018-03-08,0.005341465530002651,-0.0010554090689434
2018-03-09,0.005298534495040157,0.007364578262208
2018-03-12,0.004567031802628547,0.0052274034351517
2018-03-13,0.004227747403020984,-0.0020876834304839
2018-03-14,0.0038250676392730665,0.0020876834304838
2018-03-15,0.0035185714026988585,0.0010422095784435
2018-03-16,0.004486440181446586,-0.0073183808076798
2018-03-19,0.0044344944524361595,0.0052328743166585
2018-03-20,0.004064577938786646,0.0083160562416573
2018-03-21,0.0041218430091994555,0.0031007776782481
2018-03-22,0.003720896699222984,-0.0176995770994008
2018-03-23,0.003847566826500577,-0.0137495555831023
2018-03-26,0.004037853403986003,0.034540325252176
2018-03-27,0.005301672420511636,-0.0155524130074848
2018-03-28,0.005507124164503028,-0.0094488891979323
2018-03-29,0.006096843218563812,0.0042105325363434
2018-04-02,0.005211107522314174,-0.0148150857851404
2018-04-03,0.007224725169636315,0.023183335455657
2018-04-04,0.006821563620898637,0.0093313274288842
2018-04-05,0.008591352095719344,0.0071979745223262
2018-04-06,0.007212761561800174,-0.014448135747386
2018-04-09,0.007488450430815866,0.0134230203321407
2018-04-10,0.0063154090232013125,0.0061349885675159
2018-04-11,0.005417599306374779,-0.0030627895305458
2018-04-12,0.004831270185136418,0.0050994501123492
2018-04-13,0.004858134369665163,-0.0091978165046314
2018-04-16,0.0045464714853362155,-0.0061792163659581
2018-04-17,0.004039446500122961,0.0072053837212701
2018-04-18,0.0038422744480001852,0.0091884260544061
2018-04-19,0.0040681737134619315,-0.0010167769050868
2018-04-20,0.003909782353848415,-0.0040774776166562
2018-04-23,0.0038391397412148786,-0.0082051742391852
2018-04-24,0.003584009418896105,-0.0072351736807793
2018-04-25,0.005171466949187454,-0.0031168856402532
2018-04-26,0.005050860475735125,0.0124096732157126
2018-04-27,0.004473252532584385,0.0173208609426306
2018-04-30,0.00397444567918209,-0.0050633019565467
2018-05-01,0.003921840476426097,0.0010147134305466
2018-05-02,0.004580310497232709,-0.0050838950372721
2018-05-03,0.00411459861368639,-0.0020408170348527
2018-05-04,0.003726157505045493,0.0020408170348527
2018-05-07,0.003935807686353135,0.0050838950372723
2018-05-08,0.004835820472153388,-0.0122450509601002
2018-05-09,0.004527154530231823,0.0091978165046314
2018-05-10,0.004007922925219819,0.018145659168054
2018-05-11,0.003656727473234041,-0.008024115270048
2018-05-14,0.00342861100086184,0.0050226122662915
2018-05-15,0.0033728630459517405,-0.0030105391528712
2018-05-16,0.00321440511034686,0.0030105391528712
2018-05-17,0.004272678840540169,-0.0030105391528712
2018-05-18,0.0041154489225635775,-0.0080726977251111
2018-05-21,0.003923398616632859,0.012084739215072
2018-05-22,0.0035951923938781494,0.0029985029962566
2018-05-23,0.0034885861754181814,-0.004000005333346
2018-05-24,0.0038863698895957284,-0.0120969217088286
2018-05-25,0.004081412389948428,-0.0122450509601002
2018-05-29,0.0037095872961311997,-0.0155202287590969
2018-05-30,0.004810262234301294,0.0165463961144089
2018-05-31,0.005792495344436467,-0.0041110027065222
2018-06-01,0.005465349892738812,-0.0051626340788069
2018-06-04,0.004721841664864764,-0.0230376680670174
2018-06-05,0.004147392619579581,-0.0149415799981989
2018-06-06,0.004450933734745915,-0.0010758473334632
2018-06-07,0.004002502910325044,-0.0097350687707524
2018-06-08,0.004397311185208039,0.0075798955227691
2018-06-11,0.00661501171002147,-0.0064935293105481
2018-06-12,0.006702219135184701,0.0
2018-06-13,0.006144710851663897,0.0
2018-06-14,0.005259770725880919,-0.0021739138996199
2018-06-15,0.004546565597903,-0.0032697576815567
2018-06-18,0.004392468560752447,-0.005473467414172
2018-06-19,0.004530470512434391,-0.0188371220864442
2018-06-20,0.004584125988300517,0.0
2018-06-21,0.005107474451592768,-0.0067340321813439
2018-06-22,0.004429858118844487,0.0078519752826851
2018-06-25,0.003943491648412627,-0.0056022555486696
2018-06-26,0.0036885319549391053,-0.0090294067193942
2018-06-27,0.003425439896718491,-0.0183071474443561
2018-06-28,0.003838458913708461,0.0
2018-06-29,0.00353662844522597,0.0080506472771669
2018-07-02,0.0033792384488025295,0.0
2018-07-03,0.0033174762438474724,0.0045714365325808
2018-07-05,0.003194464716621441,0.0022779053129938
2018-07-06,0.0032463100186649403,0.0101868453069932
2018-07-09,0.0031608046706572113,0.0134230203321405
2018-07-10,0.0033485289070449903,-0.0033389012655145
2018-07-11,0.003212986079503598,-0.0123389114537153
2018-07-12,0.0033852043415038722,0.0123389114537153
2018-07-13,0.0035155633448325204,-0.0055897294787867
2018-07-16,0.0033634991322399116,-0.0044943895878392
2018-07-17,0.003224032570778281,0.0
2018-07-18,0.003231486960705387,0.0022497197340153
2018-07-19,0.0031551306110061787,0.0
2018-07-20,0.003154886948013788,0.0056022555486697
2018-07-23,0.003073440203499135,-0.0011179431013411
2018-07-24,0.0030679815855619613,0.0122291685264121
2018-07-25,0.003073261792939612,0.0164387263431597
2018-07-26,0.004440528764206435,-0.0131292914417926
2018-07-27,0.004723855137187038,0.0022002209096023
2018-07-30,0.004198849197407413,0.0021953905634356
2018-07-31,0.0046178125353960745,-0.001097092814373
2018-08-01,0.004371479687733372,-0.0055035912169788
2018-08-02,0.0046203194961148605,-0.0044247859803558
2018-08-03,0.00426300093628081,-0.0055586580038273
2018-08-06,0.003956768056919115,-0.003350086885282
2018-08-07,0.0036090354355295725,-0.0011191942970151
2018-08-08,0.0037190951307974522,0.0
2018-08-09,0.0034415419796865222,-0.0022421534056897
2018-08-10,0.0034239952955509405,-0.0192640518152738
2018-08-13,0.0034304846713023207,-0.0103508687236561
2018-08-14,0.0032462416304520915,-0.0163173783585052
2018-08-15,0.0033081031107588706,-0.0153940280912909
2018-08-16,0.0037775375065236326,0.0118625353098199
2018-08-17,0.0036468666256613633,0.0058789116997758
2018-08-20,0.0033942968744911273,0.0139699594402003
2018-08-21,0.0033621087260085666,0.0103508687236561
2018-08-22,0.0032665107004189093,-0.0022909517465558
2018-08-23,0.0032008633635016302,-0.012694919481249
2018-08-24,0.00310770385371573,0.0092486208376611
2018-08-27,0.0030370987833797923,0.009163867106791
2018-08-28,0.003147579407418271,-0.0045714365325807
2018-08-29,0.0030652514402410473,0.0057110377955144
2018-08-30,0.0032248152623446007,-0.0149170867032372
2018-08-31,0.0036320783558060664,0.0080599169771002
2018-09-04,0.0034347913537746107,-0.0150205019247243
2018-09-05,0.003485396836249453,-0.0058377281956856
2018-09-06,0.0033285765220900554,0.0
2018-09-07,0.003442204844826822,-0.0058720074772224
2018-09-10,0.003298541387896245,0.0
2018-09-11,0.0031812803113746165,0.0035273405179684
2018-09-12,0.0031282607090033446,0.002344666959254
2018-09-13,0.0030565575698828945,-0.0058720074772224
2018-09-14,0.003005369896925128,-0.0023584916592928
2018-09-17,0.00419065457056805,0.0023584916592928
2018-09-18,0.004107164813435069,0.0117097356729079
2018-09-19,0.003733500857760289,0.0034863486794377
2018-09-20,0.003557689603106716,0.0103867061888098
2018-09-21,0.0037830866415499305,0.0034383988030324
2018-09-24,0.0042370009577372796,-0.0091954670931002
2018-09-25,0.0038926033182170605,-0.0046296378987422
2018-09-26,0.0035611505792179647,0.0
2018-09-27,0.0037179799823000514,-0.0011607662359622
2018-09-28,0.0036960958786940784,-0.0011621151801773
2018-10-01,0.0036958875314850315,-0.002328289759591
2018-10-02,0.0036786822032881124,0.0081254074439171
2018-10-03,0.0036701787334110815,-0.0046350025041486
2018-10-04,0.003806521774479024,-0.0140353181163833
2018-10-05,0.003881538776501632,-0.0070922283094919
2018-10-08,0.0045460660855028544,0.0082693914825067
2018-10-09,0.004641791452586227,0.001175779089012
2018-10-10,0.004092467832481633,-0.0310287422386931
2018-10-11,0.0056932158950844,-0.0121952730938182
2018-10-12,0.005220047782417805,0.018237587549781
2018-10-15,0.004583250556998205,-0.0036210057669524
2018-10-16,0.004054031013009561,0.0203477995722658
2018-10-17,0.00370917364051544,-0.0023724803536303
2018-10-18,0.0038048795197202978,-0.010746372075484
2018-10-19,0.003577855762502157,0.0035949709178587
2018-10-22,0.003362406711442683,0.0011954574047737
2018-10-23,0.003233396009485469,-0.0193009610370468
2018-10-24,0.004897924858014924,-0.0234145015859138
2018-10-25,0.007210909062266102,0.0148517581360259
2018-10-26,0.006002250487069388,-0.0073983074814449
2018-10-29,0.005455710821583261,-0.0212640907534415
2018-10-30,0.0065832733363294935,0.0138106400988606
2018-10-31,0.0056010253396768205,0.0111594462488984
2018-11-01,0.00487138080962096,0.0279653482433339
2018-11-02,0.004255568778000761,0.0
2018-11-05,0.0038484846972078536,0.0142859572474766
2018-11-06,0.0039761713282225825,0.010582109330537
2018-11-07,0.0036186904454580796,0.0276834287484166
2018-11-08,0.003494238529120809,-0.0068493418455746
2018-11-09,0.003552849389646513,-0.0092060489077228
2018-11-12,0.0033502522328328556,-0.0034742362681863
2018-11-13,0.004117639082726704,0.0
2018-11-14,0.004706742864513202,-0.0023228814161396
2018-11-15,0.004249999072447522,0.0069525193148818
2018-11-16,0.003936650560045279,0.0069045153465444
2018-11-19,0.003598074925144586,-0.0103747328255517
2018-11-20,0.00393078910516922,-0.0163555047720806
2018-11-21,0.00360660427606264,0.0186703206205319
2018-11-23,0.0033771232896746355,-0.0011567381278236
2018-11-26,0.004034505619075481,0.0069204428445735
2018-11-27,0.0037852672447600505,0.0170944333593002
2018-11-28,0.004534636479215332,0.0201349084090558
2018-11-29,0.004473731223551026,-0.0033277900926745
2018-11-30,0.004457581594110879,-0.0011117288526904
2018-12-03,0.005030606433009739,0.0110620597058586
2018-12-04,0.004717077419464278,-0.0132892321186826
2018-12-06,0.004191367595565833,-0.0044692811822971
2018-12-07,0.005926612507657,-0.0237971569675193
2018-12-10,0.00838106556603216,0.0011461319306225
2018-12-11,0.007770792764623194,0.0
2018-12-12,0.006620668317561534,0.0147813947654786
2018-12-13,0.005683245070329508,-0.0124930642474664
2018-12-14,0.010142901139356146,0.0011422045787769
2018-12-17,0.00994524883490343,-0.024264621999631
2018-12-18,0.008238640045964758,-0.0176995770994009
2018-12-19,0.006930067793425547,-0.0119761910467156
2018-12-20,0.007412595565069238,-0.0109025913382153
2018-12-21,0.006166101024042898,-0.0221683955056667
2018-12-24,0.006028854917142157,-0.0024937668784023
2018-12-26,0.005857418747527868,0.0295224392663218
2018-12-27,0.00515151098968971,-0.0048602768822526
2018-12-28,0.004934507570231699,0.0024330912246414
2018-12-31,0.004689851771848943,0.003638572843908
2019-01-02,0.004144350817529898,0.0072376673002306
2019-01-03,0.003823818530211423,-0.0084490544865276
2019-01-04,0.004448519492852677,0.0298529631496811
2019-01-07,0.004201744814984531,0.0082015691134177
2019-01-08,0.00567005205989175,0.0116010581827619
2019-01-09,0.0048465541835176415,0.0080413988749936
2019-01-10,0.004799167371595261,0.0113766869821078
2019-01-11,0.004206290316567483,0.0056401728762611
2019-01-14,0.003956986143800921,-0.0045095905059751
2019-01-15,0.004696202738037868,-0.0056657375356771
2019-01-16,0.006069017833185055,0.0034032931317078
2019-01-17,0.0051708303704484995,0.0146152123709706
2019-01-18,0.005501200022962057,-0.0011166947000752
2019-01-22,0.004747757663300354,-0.0123666556372118
2019-01-23,0.0055801572905396475,0.0123666556372118
2019-01-24,0.005526866528593112,0.0221003470006661
2019-01-25,0.00476477809249953,0.0065359709797856
2019-01-28,0.00472636288660077,-0.0054436715811766
2019-01-29,0.00435340531384568,0.010857869972049
2019-01-30,0.004265558620024521,0.0064585800394119
2019-01-31,0.003821811583498573,0.0180759839243366
2019-02-01,0.0035121646282020645,0.0010531859846586
2019-02-04,0.0033018666211550546,-0.0010531859846585
2019-02-05,0.0036323138547995322,0.0073491144414735
2019-02-06,0.003586638658045823,-0.0062959284568148
2019-02-07,0.0033558960254585265,-0.0105821093305368
2019-02-08,0.004885389635185523,-0.0021299262578248
2019-02-11,0.004415254841220369,0.0084926200456535
2019-02-12,0.003988627102238237,0.0084211023964081
2019-02-13,0.003629427669392436,0.0010476690324439
2019-02-14,0.003537600276059078,0.0093799541298154
2019-02-15,0.0033359406140408355,-0.0041580101486637
2019-02-19,0.004296674524139931,0.0072652109914124
2019-02-20,0.004272859840825522,-0.0051840447875879
2019-02-21,0.003834610575620907,0.0062176366108705
2019-02-22,0.003521217956623661,0.0092545647662056
2019-02-25,0.0035035201311565223,0.0040858075225803
2019-02-26,0.004471738694281605,0.0020366605818033
2019-02-27,0.0041525307664394195,-0.007146533734074
2019-02-28,0.003963715993866233,-0.006166514915664
2019-03-01,0.005612668113447537,-0.0010314596066622
2019-03-04,0.004836678166273567,0.0020618564005587
2019-03-05,0.005195798617380762,0.0071832017434923
2019-03-06,0.005543572382582118,-0.0133815686958312
2019-03-07,0.0049481557275105,-0.0146140387935956
2019-03-08,0.006668573647795952,-0.0010520779508037
2019-03-11,0.006466175540808242,0.0228938198658527
2019-03-12,0.005438819587450898,0.0081967672041784
2019-03-13,0.004673348545836613,0.0081301260832503
2019-03-14,0.004708069132591217,-0.0050735776007013
2019-03-15,0.004176641457273415,0.0
2019-03-18,0.003974656421057582,0.0101215438980061
2019-03-19,0.004118722529201978,-0.0050479662973046
2019-03-20,0.0038153148351116124,0.0070600394107248
2019-03-21,0.005630152456856762,-0.012133617011426
2019-03-22,0.005447215719712023,-0.0195178255366209
2019-03-25,0.004861451461006491,-0.0020768439448392
2019-03-26,0.004256694564328864,0.0072501612250597
2019-03-27,0.004515355504286727,-0.0093313274288843
2019-03-28,0.0066165422120866724,0.0124225199985573
2019-03-29,0.006152020635429623,0.0041067819526532
2019-04-01,0.005203293037886109,0.0091790547589963
2019-04-02,0.004603572766665431,0.0040526904506232
2019-04-03,0.004182411351364593,0.0010106115059234
2019-04-04,0.004948689988361663,0.0080483331828284
2019-04-05,0.004711012260285469,0.0119523335238411
2019-04-08,0.004354418364714469,-0.0009905894816961
2019-04-09,0.003918059274551342,-0.0069617387087988
2019-04-10,0.003666011386205491,0.0119049025063184
2019-04-11,0.0034397161183601895,-0.0099108838994541
2019-04-12,0.003282994552510511,-0.0019940186068643
2019-04-15,0.0032524193059913827,0.0069617387087989
2019-04-16,0.0031695505622817166,-0.000991571722295
2019-04-17,0.003339534289627027,0.0049480556173694
2019-04-18,0.003863167868360953,-0.0029658944133783
2019-04-22,0.0035444446572067915,0.0
2019-04-23,0.0035596533379004453,0.0088714233874196
2019-04-24,0.0043329222446989585,-0.0049188490715962
2019-04-25,0.004169049125489505,-0.0039525743158234
2019-04-26,0.0038368103891302996,0.0019782400121057
2019-04-29,0.0036484993296182766,0.0
2019-04-30,0.0034010837336460823,0.0039447782910165
2019-05-01,0.0033014633665376532,-0.0039447782910164
2019-05-02,0.004121981448446227,-0.0049529571288484
2019-05-03,0.004325911292931901,0.0147858780450874
2019-05-06,0.0038793114371142657,-0.0157794201039652
2019-05-07,0.004841749441334527,0.0059464991877263
2019-05-08,0.007914018227052616,-0.0039604012160967
2019-05-09,0.0067865928777621955,-0.0079681696491768
2019-05-10,0.006734627336745739,0.0079681696491768
2019-05-13,0.005726757424109892,-0.0281708769666962
2019-05-14,0.005530740985142088,0.0111619626653704
2019-05-15,0.00479475651729875,0.0020161297151844
2019-05-16,0.005271656362607224,0.008024115270048
2019-05-17,0.004833415415498121,-0.0130720815673526
2019-05-20,0.004229213168955864,-0.003041056575779
2019-05-21,0.004177832824833019,0.0131116351393751
2019-05-22,0.0059605583634771584,0.0059940239402104
2019-05-23,0.005941071834627446,-0.0191056590795856
2019-05-24,0.00544262159951077,0.0050633019565468
2019-05-28,0.005779232810979448,0.0140423571230387
2019-05-29,0.005508483670890849,-0.0080000426670761
2019-05-30,0.004955308416548532,0.0080000426670761
2019-05-31,0.004383070071420799,-0.0049925216031208
2019-06-03,0.004150146658833298,0.0158891128273342
2019-06-04,0.003742195693155826,0.0117533184526704
2019-06-05,0.005526563902857798,-0.0019493183560496
2019-06-06,0.005290939779708784,-0.001953125620882
2019-06-07,0.0046022166876563166,0.0174423026633423
2019-06-10,0.005363701267841481,0.0
2019-06-11,0.0046750988620477205,0.0038350957839424
2019-06-12,0.004307631156960712,-0.0057581732996838
2019-06-13,0.0040877391869005705,0.0105314520523415
2019-06-14,0.0037889203547675165,-0.0076482208382568
2019-06-17,0.003638347405558676,-0.0125544864792627
2019-06-18,0.00351343692500794,0.0173414750364873
2019-06-19,0.003478198301054314,0.0028612322810321
2019-06-20,0.0033176770782240004,0.0141846349919563
2019-06-21,0.003199573977643497,-0.0037629395295423
2019-06-24,0.0034349821847577382,0.0
2019-06-25,0.003404628780463787,-0.010421695462414
2019-06-26,0.003464378282410484,0.001902950146086
2019-06-27,0.0035005224082535246,0.0085187453163279
2019-06-28,0.0032946258592195764,0.0028235312876065
2019-07-01,0.003162733215892445,0.0074906717291576
2019-07-02,0.00424813723683638,0.0027945989310159
2019-07-03,0.005257439598404141,0.0092593254127967
2019-07-05,0.0050852227951457525,0.0
2019-07-08,0.004423422953783352,-0.0009220839749684
2019-07-09,0.003943433783411259,0.0
2019-07-10,0.0036330452814142505,0.0009220839749683
2019-07-11,0.003523054903807635,-0.0018450189735692
2019-07-12,0.003339504584109524,-0.0046274955320482
2019-07-15,0.0033245158945711174,-0.0027868109071792
2019-07-16,0.0032712853410313113,-0.0009306654929531
2019-07-17,0.004569600703004585,0.0037174764001323
2019-07-18,0.004398024051551309,0.0064725145056175
2019-07-19,0.004429132445669132,-0.0036934483353516
2019-07-22,0.003995912455544676,0.0027713643603831
2019-07-23,0.0038046095456906004,-0.0074074412778618
2019-07-24,0.0035019910554826457,0.0018570107472126
2019-07-25,0.0035252732286000423,-0.005581409838195
2019-07-26,0.003375293323545479,0.0018639334380627
2019-07-29,0.003264260631440906,0.0009306654929532
2019-07-30,0.0031357332850830586,-0.0112255622198151
2019-07-31,0.0031592854709618103,0.0093633642887505
2019-08-01,0.0030973203112588782,0.0018621979310646
2019-08-02,0.004928534416149734,0.0018587365946253
2019-08-05,0.006422664336315039,-0.0368836134305545
2019-08-06,0.005653085889977982,0.0133973295718211
2019-08-07,0.004829035866080977,0.0253415719604794
2019-08-08,0.004352391372220735,0.0183659891454868
2019-08-09,0.0038859558521698845,-0.0045599714216949
2019-08-12,0.003768448055658555,-0.0082607170073665
2019-08-13,0.004870848191791442,0.0100872015334011
2019-08-14,0.005574665899823103,-0.0258794479878208
2019-08-15,0.004798840113314608,-0.005633817718256
2019-08-16,0.004223255057294224,0.0149535496670582
2019-08-19,0.003941278984321798,0.0119872343641283
2019-08-20,0.003853809672265925,0.0
2019-08-21,0.0035339269456994733,0.0145589468755661
2019-08-22,0.0033794473812204045,-0.0108992904580357
2019-08-23,0.003809101140020107,-0.0240307312255559
2019-08-26,0.005944308117162522,0.0194540641981442
2019-08-27,0.007896401186161446,-0.0073665158167625
2019-08-28,0.006914250637983037,0.0009237875945636
2019-08-29,0.006220059399473497,0.0064427282221987
2019-08-30,0.006445265849464833,-0.00275608810198
2019-09-03,0.0071765571850588815,0.006419095860717
2019-09-04,0.0067010493944563276,0.0145193113244533
2019-09-05,0.005701673011142938,0.0
2019-09-06,0.0050923251292986785,-0.0090498355199179
2019-09-09,0.005046159638644324,-0.0027309985112316
2019-09-10,0.005313621605002734,-0.0064014850520408
2019-09-11,0.005019705987018868,0.0136676387286638
2019-09-12,0.004363466921075584,-0.0045351551653913
2019-09-13,0.004023661937052612,0.0018165309263977
2019-09-16,0.003747711386034202,0.0054298775943694
2019-09-17,0.004137047629021262,0.010772096981911
2019-09-18,0.0038576190674967257,0.0
2019-09-19,0.0036169027067722635,0.0168219991580419
2019-09-20,0.0034907555852103345,-0.0008783487609058
2019-09-23,0.0037011821553985923,-0.0035211303985789
2019-09-24,0.0035092949539974054,-0.0097475295492541
2019-09-25,0.003457030732307532,-0.0053571556692425
2019-09-26,0.004049995533079274,-0.0089928663605638
2019-09-27,0.0036809539110863702,-0.0219186857076462
2019-09-30,0.004319036075527495,0.0064427282221987
2019-10-01,0.0038616072002571732,-0.0036764747293087
2019-10-02,0.003926175953167048,-0.0167134809737405
2019-10-03,0.004449468347112677,0.0111733005981252
2019-10-04,0.004637291553852102,0.0228842938335878
2019-10-07,0.004086802580115264,-0.0054446595482319
2019-10-08,0.0039042800556361936,-0.0082229791804319
2019-10-09,0.0050484501024225855,0.0073126468462865
2019-10-10,0.006464264140673717,0.0009103323341453
2019-10-11,0.005788752084964681,0.0045392724334191
2019-10-14,0.005290332723022091,-0.0036297680505786
2019-10-15,0.005084378788724788,-0.0109690313705739
2019-10-16,0.004690207597385085,-0.0046061804148973
2019-10-17,0.004167243902155943,0.0064427282221987
2019-10-18,0.004783403651828834,0.0045766670274116
2019-10-21,0.0045435844795290595,0.0118022250566279
2019-10-22,0.0042818168821594504,-0.0145457110023787
2019-10-23,0.004135834318099777,-0.0027510333718898
2019-10-24,0.0037326949448334605,0.0009178522902289
2019-10-25,0.0034506193340976795,-0.0064427282221988
2019-10-28,0.003259700079597559,0.0046061804148972
2019-10-29,0.0031610143930205464,-0.0027611614413281
2019-10-30,0.003339066480905829,-0.0176666612487699
2019-10-31,0.0031861580913300764,0.0
2019-11-01,0.004222003551108338,0.0037453227301618
2019-11-04,0.0038783984200330577,-0.005623257554362
2019-11-05,0.003551853513035405,-0.0009402915596417
2019-11-06,0.003380544677263643,-0.0056603924717103
2019-11-07,0.00323658908757212,-0.0018939399600707
2019-11-08,0.0035147585273236403,0.0037842996912394
2019-11-11,0.0033408750766157035,0.0103335818545453
2019-11-12,0.00350248702689147,-0.0084467888419687
2019-11-13,0.005051264703209538,-0.0009429515078702
2019-11-14,0.004635772302650621,0.0084547239189324
2019-11-15,0.004192590729579658,0.005597029536718
2019-11-18,0.0037946280206491855,-0.0074696892600098
2019-11-19,0.003588030870138868,0.0018726597232918
2019-11-20,0.0037045725553860698,-0.0093985654236386
2019-11-21,0.0034545571451519695,0.0018867930125766
2019-11-22,0.0033041572564268358,-0.0009429515078702
2019-11-25,0.0031995484770068238,0.0186921330121525
2019-11-26,0.0031723111823407026,0.0036968618813259
2019-11-27,0.003201800129762331,0.0128324400698845
2019-11-29,0.003117355935859751,0.0027285146532039
2019-12-02,0.003062111234271395,0.0
2019-12-03,0.003048633983724969,0.0072398506276871
2019-12-04,0.003043213857030669,0.0062921555908892
2019-12-05,0.0030449870821357473,-0.0035906681307285
2019-12-06,0.003086064227130784,0.0089526112721141
2019-12-09,0.0032571697212514412,-0.0044662870134409
2019-12-10,0.0031756487620006506,-0.0071878117188336
2019-12-11,0.0032507298085862665,0.0143243272881535
2019-12-12,0.0032843718523372922,0.0070859463894857
2019-12-13,0.0033421866718359554,0.0044033536582699
2019-12-16,0.0035550263237265427,0.0130949055827826
2019-12-17,0.003567641723249391,0.0043271378638814
2019-12-18,0.003405267974940292,-0.0017286089006177
2019-12-19,0.0035113725928247173,0.0017286089006176
2019-12-20,0.0034843221512530762,0.0043084943857239
2019-12-23,0.0034526362051036626,0.0068552110790528
2019-12-24,0.0032937908729729765,0.0025586367903242
2019-12-26,0.0031995060660826224,0.0059448158093206
2019-12-27,0.003224178478373313,-0.0033927089370856
2019-12-30,0.0031881971277240607,-0.0051107436625592
