,Date,first_component
0,2014-01-02,23.987414667420094
1,2014-01-03,10.213306258347187
2,2014-01-04,-33.37165446200028
3,2014-01-05,4.570075845608255
4,2014-01-06,46.86078003148306
5,2014-01-07,-3.7346919932212153
6,2014-01-08,10.151339349620663
7,2014-01-09,-8.724812811087267
8,2014-01-10,-2.47670672901549
9,2014-01-11,-43.479389588672284
10,2014-01-12,4.640981389295588
11,2014-01-13,36.221839037342846
12,2014-01-14,13.234347450841431
13,2014-01-15,-8.903250338763293
14,2014-01-16,9.881536540721322
15,2014-01-17,-4.601635222128696
16,2014-01-18,-51.94712119833053
17,2014-01-19,-0.6665890125531533
18,2014-01-20,36.02846818582533
19,2014-01-21,13.958041370956343
20,2014-01-22,5.854532035707566
21,2014-01-23,-9.898492646208865
22,2014-01-24,-6.984317715501299
23,2014-01-25,-33.3242858297878
24,2014-01-26,0.37531610703067586
25,2014-01-27,50.10612876190853
26,2014-01-28,-6.135232441221119
27,2014-01-29,-4.39230345355398
28,2014-01-30,12.763429038634946
29,2014-01-31,-23.819832101715054
30,2014-02-01,-5.0312160589365424
31,2014-02-02,-26.718943824381714
32,2014-02-03,36.82759278417932
33,2014-02-04,17.55091035033019
34,2014-02-05,4.945007259900806
35,2014-02-06,-9.386445953515773
36,2014-02-07,-6.50941978218422
37,2014-02-08,-32.64025138404863
38,2014-02-09,-6.87486938615896
39,2014-02-10,50.23922821522305
40,2014-02-11,6.398590524106669
41,2014-02-12,-6.042271679474693
42,2014-02-13,-13.207801166560161
43,2014-02-14,-8.80717450389367
44,2014-02-15,-39.000482146575344
45,2014-02-16,8.002255157687097
46,2014-02-17,36.837994845076096
47,2014-02-18,6.741655879384207
48,2014-02-19,-1.2484260858168807
49,2014-02-20,0.3970863868828425
50,2014-02-21,-10.78482936735271
51,2014-02-22,-35.77215516624232
52,2014-02-23,9.746442163994224
53,2014-02-24,41.12896109218595
54,2014-02-25,27.21441259485864
55,2014-02-26,-10.288548620987934
56,2014-02-27,-16.219556436495733
57,2014-02-28,-13.497680892891012
58,2014-03-01,-38.254860076321485
59,2014-03-02,22.610501809695506
60,2014-03-03,21.72041337182623
61,2014-03-04,23.68915638274018
62,2014-03-05,-13.176674167777858
63,2014-03-06,14.308552968736404
64,2014-03-07,-27.937326176046295
65,2014-03-08,-38.26611174795642
66,2014-03-09,15.402733426772706
67,2014-03-10,40.32811672606023
68,2014-03-11,-7.738960426179865
69,2014-03-12,3.901469890232492
70,2014-03-13,-7.279458536371445
71,2014-03-14,1.5616467106686824
72,2014-03-15,-49.84257415341924
73,2014-03-16,6.326126655558425
74,2014-03-17,38.8999667107131
75,2014-03-18,8.39703722910506
76,2014-03-19,17.64081622907923
77,2014-03-20,-4.308849685998454
78,2014-03-21,-10.409864349835658
79,2014-03-22,-45.74764394930593
80,2014-03-23,27.21146049419181
81,2014-03-24,16.072635021696808
82,2014-03-25,10.42714973956703
83,2014-03-26,8.228975535698039
84,2014-03-27,-1.6730456998477643
85,2014-03-28,-27.10713221210902
86,2014-03-29,-44.74219708422832
87,2014-03-30,9.49474354501988
88,2014-03-31,34.89978683689367
89,2014-04-01,2.272242351782288
90,2014-04-02,24.600447254459223
91,2014-04-03,-12.924809094324614
92,2014-04-04,-1.73268228974753
93,2014-04-05,-56.788751699773044
94,2014-04-06,12.538886602356792
95,2014-04-07,34.18373146468651
96,2014-04-08,-1.582461703819147
97,2014-04-09,14.824672203837391
98,2014-04-10,1.0843543879104627
99,2014-04-11,1.278425528619856
100,2014-04-12,-64.58463766697886
101,2014-04-13,14.09222907413162
102,2014-04-14,33.059344184171806
103,2014-04-15,2.3220997436254813
104,2014-04-16,-2.556517210225742
105,2014-04-17,-3.4009930553954515
106,2014-04-18,-22.010068993832864
107,2014-04-19,-27.61506655702495
108,2014-04-20,32.34920954174651
109,2014-04-21,10.31663511052145
110,2014-04-22,23.011275574669906
111,2014-04-23,-5.49760451750671
112,2014-04-24,0.8865308076851879
113,2014-04-25,-6.709553107411935
114,2014-04-26,-12.050014926735852
115,2014-04-27,-24.64555021460727
116,2014-04-28,37.16421093317573
117,2014-04-29,4.912392050764242
118,2014-04-30,1.6885914480694464
119,2014-05-01,-0.11036865019169737
120,2014-05-02,-6.986685925882493
121,2014-05-03,-41.14716566964483
122,2014-05-04,6.5988100769700155
123,2014-05-05,40.79938937466727
124,2014-05-06,11.682799999282551
125,2014-05-07,-7.324655967946576
126,2014-05-08,-10.86545328370552
127,2014-05-09,-2.3344960217148736
128,2014-05-10,-44.58558410149102
129,2014-05-11,3.8689696543633274
130,2014-05-12,63.89914645913138
131,2014-05-13,-16.8183251333577
132,2014-05-14,-9.458209634202202
133,2014-05-15,13.185740370550224
134,2014-05-16,-20.55842680209067
135,2014-05-17,-17.263671190572847
136,2014-05-18,-8.396490676122236
137,2014-05-19,35.40958150558321
138,2014-05-20,2.8753314852961296
139,2014-05-21,1.892372222594558
140,2014-05-22,-0.22599738301830105
141,2014-05-23,-15.611993163185163
142,2014-05-24,-35.921325162493005
143,2014-05-25,12.354380657513284
144,2014-05-26,27.40419657751937
145,2014-05-27,29.292355251408267
146,2014-05-28,-21.32143554666508
147,2014-05-29,-3.942118077393398
148,2014-05-30,6.579395048258096
149,2014-05-31,-48.699910139110884
150,2014-06-01,32.45632420137462
151,2014-06-02,26.976756394662846
152,2014-06-03,-2.8371514987423296
153,2014-06-04,-7.391859265077245
154,2014-06-05,0.8986545538157086
155,2014-06-06,-3.484818511199414
156,2014-06-07,-40.375546762845275
157,2014-06-08,7.146715871141285
158,2014-06-09,25.714032448555916
159,2014-06-10,10.844325725380559
160,2014-06-11,-6.079090811228856
161,2014-06-12,2.5351201749469148
162,2014-06-13,-8.254570401021764
163,2014-06-14,-28.950102975131095
164,2014-06-15,1.72993215360586
165,2014-06-16,36.56890182118886
166,2014-06-17,-3.7282549421282494
167,2014-06-18,-3.1420993691571244
168,2014-06-19,4.751336301349331
169,2014-06-20,9.030265008788348
170,2014-06-21,-55.06616763622414
171,2014-06-22,2.386569944304883
172,2014-06-23,56.44793210575164
173,2014-06-24,-10.114115678039788
174,2014-06-25,5.589849957931659
175,2014-06-26,-16.330392836038584
176,2014-06-27,3.5527532552413543
177,2014-06-28,-47.520877583330865
178,2014-06-29,1.9081252908622715
179,2014-06-30,49.72152543730352
180,2014-07-01,20.348526727775667
181,2014-07-02,-34.6524865290746
182,2014-07-03,3.027394518192183
183,2014-07-04,-20.930997076179555
184,2014-07-05,-18.99895692134157
185,2014-07-06,4.328316991646936
186,2014-07-07,44.83122405264535
187,2014-07-08,-9.532184900090757
188,2014-07-09,32.520122437347965
189,2014-07-10,-9.787071435290432
190,2014-07-11,-19.067303477997772
191,2014-07-12,-38.099898900079026
192,2014-07-13,0.4518477639036723
193,2014-07-14,35.141756440271756
194,2014-07-15,8.970203947365592
195,2014-07-16,-2.4565991649281216
196,2014-07-17,-13.359673770567301
197,2014-07-18,-2.3916838689188356
198,2014-07-19,-33.707727459786355
199,2014-07-20,4.161390962243834
200,2014-07-21,46.50617241131457
201,2014-07-22,-3.7131949937819297
202,2014-07-23,-4.235463155840927
203,2014-07-24,13.964115034093544
204,2014-07-25,-19.78508367902672
205,2014-07-26,-34.7248888251682
206,2014-07-27,10.88308563723956
207,2014-07-28,20.16663332869381
208,2014-07-29,11.890251657252417
209,2014-07-30,-4.956473517672198
210,2014-07-31,26.563874268998195
211,2014-08-01,-33.59246172627755
212,2014-08-02,-22.969276637907726
213,2014-08-03,0.6834517873463465
214,2014-08-04,27.19153928620184
215,2014-08-05,10.53571322798001
216,2014-08-06,2.4582774944433643
217,2014-08-07,1.5190206032819857
218,2014-08-08,1.2131753621266914
219,2014-08-09,-51.119189216696256
220,2014-08-10,0.7494114584427457
221,2014-08-11,49.18401738263797
222,2014-08-12,-9.81855152447043
223,2014-08-13,4.757081501734674
224,2014-08-14,-9.91355044395544
225,2014-08-15,-12.673377072763467
226,2014-08-16,-17.16621280186519
227,2014-08-17,-0.42755661592360533
228,2014-08-18,33.34609192276274
229,2014-08-19,14.874219182863552
230,2014-08-20,3.745459644999284
231,2014-08-21,4.807393105734447
232,2014-08-22,-25.455116350758505
233,2014-08-23,-31.458165179336014
234,2014-08-24,1.8282356800755388
235,2014-08-25,29.046890784468197
236,2014-08-26,34.29108926148289
237,2014-08-27,-22.30144451137651
238,2014-08-28,-3.4595052567194373
239,2014-08-29,-3.103971006132059
240,2014-08-30,-32.4019604760508
241,2014-08-31,0.08811236163516754
242,2014-09-01,17.207803218730927
243,2014-09-02,14.624234053877903
244,2014-09-03,2.9512409874869614
245,2014-09-04,2.9727670145104272
246,2014-09-05,-5.956750189726483
247,2014-09-06,-32.719527758661414
248,2014-09-07,2.1353468991272506
249,2014-09-08,61.99070315622507
250,2014-09-09,-20.40812344937019
251,2014-09-10,0.7647800535286668
252,2014-09-11,3.2918155715513837
253,2014-09-12,-4.985211736881485
254,2014-09-13,-47.134281260774316
255,2014-09-14,4.735735423386202
256,2014-09-15,34.906303350703766
257,2014-09-16,21.215415141511052
258,2014-09-17,-9.118172439648145
259,2014-09-18,-3.7337393634588034
260,2014-09-19,17.177950231247177
261,2014-09-20,-45.06344518595395
262,2014-09-21,-14.719807424144765
263,2014-09-22,43.502771765335474
264,2014-09-23,2.0724120339570655
265,2014-09-24,6.794720456463739
266,2014-09-25,-9.67143087051764
267,2014-09-26,-8.816204379778753
268,2014-09-27,-31.23183641805641
269,2014-09-28,-2.3381051251713667
270,2014-09-29,38.04660330504013
271,2014-09-30,9.513572483384833
272,2014-10-01,-8.209392120903608
273,2014-10-02,0.32020755060630557
274,2014-10-03,-5.6912925043733695
275,2014-10-04,-38.98550401659267
276,2014-10-05,-0.02337739283711408
277,2014-10-06,49.176496663471184
278,2014-10-07,14.354103854803675
279,2014-10-08,1.474464246805432
280,2014-10-09,-10.668520077547333
281,2014-10-10,-5.570301068327458
282,2014-10-11,-40.832512119235204
283,2014-10-12,-1.2038482746069594
284,2014-10-13,43.43437603967506
285,2014-10-14,28.290579518203288
286,2014-10-15,-16.866968222149573
287,2014-10-16,2.5821315270803593
288,2014-10-17,-21.269902083210244
289,2014-10-18,-38.51558992459981
290,2014-10-19,15.310590948879113
291,2014-10-20,33.91201971347483
292,2014-10-21,3.4431169631943708
293,2014-10-22,-6.865522936505239
294,2014-10-23,9.877373579666608
295,2014-10-24,-23.735819418505383
296,2014-10-25,-25.360003997686203
297,2014-10-26,-0.02404061246239707
298,2014-10-27,39.53754153260477
299,2014-10-28,0.878662351769798
300,2014-10-29,1.066020989658231
301,2014-10-30,-3.437870894177412
302,2014-10-31,-9.659249811869508
303,2014-11-01,-35.993582958470455
304,2014-11-02,4.596957697293395
305,2014-11-03,43.41194351029425
306,2014-11-04,3.1436964424251475
307,2014-11-05,13.192711360080859
308,2014-11-06,9.538852535961261
309,2014-11-07,-13.322169647200322
310,2014-11-08,-22.5675785871432
311,2014-11-09,-29.60615696332043
312,2014-11-10,57.823496994228115
313,2014-11-11,-12.361042042916157
314,2014-11-12,12.373404907026021
315,2014-11-13,-11.036087910090199
316,2014-11-14,-16.306873667807142
317,2014-11-15,-26.755116800622528
318,2014-11-16,3.487686876803994
319,2014-11-17,57.20572031832679
320,2014-11-18,-10.957853494269825
321,2014-11-19,-8.097895608177595
322,2014-11-20,2.445151028776631
323,2014-11-21,-15.85781754529979
324,2014-11-22,-42.18317333667193
325,2014-11-23,20.534350151976668
326,2014-11-24,30.933929773568703
327,2014-11-25,-4.304649838211005
328,2014-11-26,-6.4553556896668525
329,2014-11-27,-16.337257900396526
330,2014-11-28,20.116587946824414
331,2014-11-29,-25.700345620603397
332,2014-11-30,9.545139015143766
333,2014-12-01,51.05699370770874
334,2014-12-02,-9.465001236509032
335,2014-12-03,0.6612240350065075
336,2014-12-04,-17.4669166085507
337,2014-12-05,-11.807168389504143
338,2014-12-06,-26.698258152721777
339,2014-12-07,-9.40191978255182
340,2014-12-08,63.66883193637848
341,2014-12-09,-7.186424386838038
342,2014-12-10,3.466989572387517
343,2014-12-11,-2.078429633590531
344,2014-12-12,-9.2071896739125
345,2014-12-13,-51.71623982833127
346,2014-12-14,8.411473318175384
347,2014-12-15,38.15202361998263
348,2014-12-16,9.736093453402185
349,2014-12-17,2.651206644678251
350,2014-12-18,-11.752401748127342
351,2014-12-19,-18.518324170521115
352,2014-12-20,-32.79742160298592
353,2014-12-21,0.4142749130593213
354,2014-12-22,22.52163985625298
355,2014-12-23,6.330231463173099
356,2014-12-24,-9.550948105204583
357,2014-12-25,-24.84221406948277
358,2014-12-26,33.678998970285505
359,2014-12-27,-24.680030573970296
360,2014-12-28,-2.977082456709593
361,2014-12-29,27.1741013334209
362,2014-12-30,1.8363406992898388
363,2014-12-31,-7.059122872073873
364,2015-01-01,-18.98284245075158
365,2015-01-02,16.67854539021593
366,2015-01-03,-13.726082402039344
367,2015-01-04,6.152494109606037
368,2015-01-05,35.824879910523784
369,2015-01-06,22.622598222866944
370,2015-01-07,-11.187787286609383
371,2015-01-08,-0.730453890550939
372,2015-01-09,-15.270718037229837
373,2015-01-10,-36.10334002730549
374,2015-01-11,9.367528614449915
375,2015-01-12,39.45119416230647
376,2015-01-13,-0.7952846373248228
377,2015-01-14,6.471167554383665
378,2015-01-15,1.5095253932385753
379,2015-01-16,-19.50855125012778
380,2015-01-17,-31.31352724743418
381,2015-01-18,-2.718002622009204
382,2015-01-19,41.539857748671814
383,2015-01-20,8.212233899218987
384,2015-01-21,2.6779055717373033
385,2015-01-22,-0.9809375141714326
386,2015-01-23,0.19345175493016858
387,2015-01-24,-51.715927518100536
388,2015-01-25,3.7286262172112004
389,2015-01-26,37.302665177312186
390,2015-01-27,5.710645279151959
391,2015-01-28,4.129661889763315
392,2015-01-29,-4.0521082207414185
393,2015-01-30,2.801083335413711
394,2015-01-31,-37.18695829770274
395,2015-02-01,-4.8039890365441
396,2015-02-02,44.72737922094293
397,2015-02-03,11.484303638160577
398,2015-02-04,-14.359576681257765
399,2015-02-05,4.095640018826059
400,2015-02-06,13.211192200505309
401,2015-02-07,-61.610860181453056
402,2015-02-08,-0.5357316376105142
403,2015-02-09,59.591190191155526
404,2015-02-10,11.109453128643754
405,2015-02-11,4.879235298593873
406,2015-02-12,-32.32728708817847
407,2015-02-13,-7.375726183172096
408,2015-02-14,-41.36410370586733
409,2015-02-15,16.258147893217284
410,2015-02-16,15.455803898328142
411,2015-02-17,15.827738693267747
412,2015-02-18,2.1937115563724157
413,2015-02-19,6.029618567148269
414,2015-02-20,-6.296802355343801
415,2015-02-21,-35.29245652084177
416,2015-02-22,-5.96911674539484
417,2015-02-23,46.86364746853836
418,2015-02-24,24.685052427230016
419,2015-02-25,-15.138017395328491
420,2015-02-26,-10.749245796674908
421,2015-02-27,-7.817619162303215
422,2015-02-28,-31.772373481337937
423,2015-03-01,-1.6138585657522229
424,2015-03-02,41.28998716916366
425,2015-03-03,0.3715669339995393
426,2015-03-04,5.325296114221035
427,2015-03-05,-15.413974807494649
428,2015-03-06,-2.777211767719466
429,2015-03-07,-46.59428234611933
430,2015-03-08,8.928212223092478
431,2015-03-09,44.88043331682254
432,2015-03-10,4.894573369958877
433,2015-03-11,-2.948044895157377
434,2015-03-12,-13.102795460635583
435,2015-03-13,-0.5591237400000472
436,2015-03-14,-40.60556581006485
437,2015-03-15,4.728844467728016
438,2015-03-16,61.1235241985329
439,2015-03-17,-15.57444132157527
440,2015-03-18,7.581930443051642
441,2015-03-19,-5.502770196667036
442,2015-03-20,-12.241540469146848
443,2015-03-21,-39.56517681115308
444,2015-03-22,8.554946889845194
445,2015-03-23,39.469640722170915
446,2015-03-24,23.732655698415922
447,2015-03-25,-17.558280134527216
448,2015-03-26,4.433589276022038
449,2015-03-27,-5.327949064703723
450,2015-03-28,-52.81929670441115
451,2015-03-29,4.469168264092826
452,2015-03-30,54.87272525456467
453,2015-03-31,-8.292821616404687
454,2015-04-01,-2.4815636446377574
455,2015-04-02,-7.66276007244848
456,2015-04-03,-24.49571925916942
457,2015-04-04,-15.917099870816013
458,2015-04-05,-8.833049090797147
459,2015-04-06,44.2585498795231
460,2015-04-07,3.9388775682727193
461,2015-04-08,5.462076558638948
462,2015-04-09,7.887850562911421
463,2015-04-10,-18.752785550277558
464,2015-04-11,-32.39229699932282
465,2015-04-12,1.4854976317454782
466,2015-04-13,47.79218658711626
467,2015-04-14,7.503339974995362
468,2015-04-15,-1.8699748540458132
469,2015-04-16,-2.8223521093796347
470,2015-04-17,-11.94429436667968
471,2015-04-18,-38.989776821042184
472,2015-04-19,23.74238138978207
473,2015-04-20,27.510156086202656
474,2015-04-21,2.1635092100561435
475,2015-04-22,-0.16916337012033825
476,2015-04-23,-5.33806126104226
477,2015-04-24,11.08534900391353
478,2015-04-25,-48.65887698694976
479,2015-04-26,7.041248285628603
480,2015-04-27,21.72051363271661
481,2015-04-28,11.484986197827572
482,2015-04-29,2.493716827034489
483,2015-04-30,-0.3560434728237133
484,2015-05-01,-7.8588055304985405
485,2015-05-02,-53.51745365813852
486,2015-05-03,7.194727113177155
487,2015-05-04,37.65663092870218
488,2015-05-05,21.517859960121314
489,2015-05-06,-3.5871526106501137
490,2015-05-07,-10.963345043335787
491,2015-05-08,-8.218524024215249
492,2015-05-09,-26.32282750908412
493,2015-05-10,-13.796100180406741
494,2015-05-11,66.94291248056548
495,2015-05-12,-15.20883092500892
496,2015-05-13,-1.1671983689845549
497,2015-05-14,3.3787818414700785
498,2015-05-15,-21.491186115991162
499,2015-05-16,-33.47749445329555
500,2015-05-17,-1.160335566159436
501,2015-05-18,49.187975996141205
502,2015-05-19,-1.3931990677939285
503,2015-05-20,9.254986564087012
504,2015-05-21,-12.474670206584971
505,2015-05-22,0.28507630874004
506,2015-05-23,-44.68568072018765
507,2015-05-24,-0.32949066168862284
508,2015-05-25,16.704731873315097
509,2015-05-26,26.809002518823622
510,2015-05-27,7.998854946036921
511,2015-05-28,-6.665221329304762
512,2015-05-29,-14.10589557478671
513,2015-05-30,-33.35788451977569
514,2015-05-31,2.5835813639661245
515,2015-06-01,37.59999672357112
516,2015-06-02,20.302445539179736
517,2015-06-03,-11.819354932708821
518,2015-06-04,13.445521674571923
519,2015-06-05,-28.07878575955786
520,2015-06-06,-9.931086543259163
521,2015-06-07,-13.367140867116337
522,2015-06-08,27.059439198376065
523,2015-06-09,11.781041195035431
524,2015-06-10,4.620110354951161
525,2015-06-11,-16.78324494059252
526,2015-06-12,-2.4508638435488104
527,2015-06-13,-33.48719609969389
528,2015-06-14,-1.5313002608626325
529,2015-06-15,40.52092805389234
530,2015-06-16,4.789932701827874
531,2015-06-17,-9.232644244560953
532,2015-06-18,12.822877292779316
533,2015-06-19,-8.320001846943773
534,2015-06-20,-39.47950358882762
535,2015-06-21,0.42914858705067416
536,2015-06-22,49.974613457036135
537,2015-06-23,7.379401993014332
538,2015-06-24,-20.448038851556888
539,2015-06-25,4.7194463235263395
540,2015-06-26,-14.671453319558303
541,2015-06-27,-32.11546134798967
542,2015-06-28,0.4456947782030622
543,2015-06-29,45.89787898021829
544,2015-06-30,10.716548853899113
545,2015-07-01,-16.50175257684672
546,2015-07-02,-2.1710229765263636
547,2015-07-03,-24.25797135326305
548,2015-07-04,-10.550481664211919
549,2015-07-05,-1.8420547248248385
550,2015-07-06,41.6053942002622
551,2015-07-07,1.4988302817478523
552,2015-07-08,12.500886720346758
553,2015-07-09,-11.392958282003663
554,2015-07-10,-12.712061978699074
555,2015-07-11,-32.52008897014093
556,2015-07-12,8.287898295246654
557,2015-07-13,38.338743444229586
558,2015-07-14,8.141750231093718
559,2015-07-15,-5.53664642278138
560,2015-07-16,-7.410261819321696
561,2015-07-17,3.145781484907929
562,2015-07-18,-42.899162147415424
563,2015-07-19,20.852585017724767
564,2015-07-20,28.768442670304104
565,2015-07-21,-2.416341028796287
566,2015-07-22,-6.162786119907504
567,2015-07-23,7.453143237736735
568,2015-07-24,-13.293980364260952
569,2015-07-25,-34.82871586535566
570,2015-07-26,-1.7205769338217014
571,2015-07-27,44.83418166983851
572,2015-07-28,14.277215737628516
573,2015-07-29,-17.743949491355053
574,2015-07-30,4.8980479125764855
575,2015-07-31,-8.791551009012496
576,2015-08-01,-34.887196387845094
577,2015-08-02,3.201676341413622
578,2015-08-03,47.62334638132094
579,2015-08-04,11.002599220248861
580,2015-08-05,-3.5659857016750447
581,2015-08-06,-6.4067307011074766
582,2015-08-07,-24.154220826837836
583,2015-08-08,-11.43167032403947
584,2015-08-09,-12.020064288230646
585,2015-08-10,42.87189973352176
586,2015-08-11,0.9708710882217173
587,2015-08-12,7.3964078564212405
588,2015-08-13,-19.052968846087406
589,2015-08-14,-11.481852763676507
590,2015-08-15,-27.490446202874498
591,2015-08-16,9.422495917011812
592,2015-08-17,35.99789580732036
593,2015-08-18,8.617573861138728
594,2015-08-19,-7.770409920303071
595,2015-08-20,4.243954543119665
596,2015-08-21,7.620251402189351
597,2015-08-22,-45.45973860456666
598,2015-08-23,-4.295041947374743
599,2015-08-24,101.66824046017081
600,2015-08-25,-26.421856832404625
601,2015-08-26,-20.48558867730718
602,2015-08-27,-9.521426851537086
603,2015-08-28,-7.080330456096808
604,2015-08-29,-44.642350902464514
605,2015-08-30,1.8188661301467577
606,2015-08-31,43.53199881462984
607,2015-09-01,10.71069517506245
608,2015-09-02,-1.6245026082636047
609,2015-09-03,-5.7066932614872785
610,2015-09-04,-17.279250712006185
611,2015-09-05,-23.808835487668254
612,2015-09-06,-1.0987408600047408
613,2015-09-07,20.727718913703324
614,2015-09-08,22.652108277212935
615,2015-09-09,-0.28756886054826464
616,2015-09-10,-4.729199556046031
617,2015-09-11,2.228328888013603
618,2015-09-12,-48.982676814346995
619,2015-09-13,2.947637794022554
620,2015-09-14,46.53292001351015
621,2015-09-15,9.686111531351466
622,2015-09-16,-15.161808574345601
623,2015-09-17,0.49654966262532635
624,2015-09-18,-9.20811942531666
625,2015-09-19,-32.4541487531559
626,2015-09-20,5.017796697590664
627,2015-09-21,50.11378842667404
628,2015-09-22,-8.955522921597899
629,2015-09-23,2.9198641233400537
630,2015-09-24,15.555023698976747
631,2015-09-25,-28.4979970620316
632,2015-09-26,-28.08736950814594
633,2015-09-27,2.1961769514884755
634,2015-09-28,43.36867014532991
635,2015-09-29,0.0594017996479454
636,2015-09-30,11.946187526563806
637,2015-10-01,-17.76985596426502
638,2015-10-02,6.6859759425447365
639,2015-10-03,-51.08176881011544
640,2015-10-04,-6.689964376800925
641,2015-10-05,45.73942690650109
642,2015-10-06,16.101023505292716
643,2015-10-07,-2.3593765476532367
644,2015-10-08,-8.858427116846114
645,2015-10-09,-6.106634091224872
646,2015-10-10,-31.461057495949273
647,2015-10-11,-3.1664197167406014
648,2015-10-12,40.00487293742919
649,2015-10-13,0.7780535177982877
650,2015-10-14,-1.5730972163590395
651,2015-10-15,-1.0058346499150899
652,2015-10-16,15.826753722951624
653,2015-10-17,-60.45602107152921
654,2015-10-18,9.414760297594626
655,2015-10-19,42.60105320982652
656,2015-10-20,-2.0636425570545636
657,2015-10-21,-2.8078744973041996
658,2015-10-22,9.85914366979061
659,2015-10-23,-18.883504062008726
660,2015-10-24,-41.55412098060147
661,2015-10-25,14.134025327939453
662,2015-10-26,35.12856447915723
663,2015-10-27,4.742505918401646
664,2015-10-28,4.371185240872671
665,2015-10-29,17.56781225572747
666,2015-10-30,-33.785592764199386
667,2015-10-31,-35.84927373330083
668,2015-11-01,2.1877383210307846
669,2015-11-02,46.101670804947986
670,2015-11-03,2.7807031394444213
671,2015-11-04,-6.642213680937842
672,2015-11-05,11.38969108063672
673,2015-11-06,-18.64594882096272
674,2015-11-07,-21.285723460846352
675,2015-11-08,-14.366804722333983
676,2015-11-09,47.32228879967155
677,2015-11-10,14.42600973422932
678,2015-11-11,-23.13172699006291
679,2015-11-12,9.359797117177783
680,2015-11-13,-15.050110485842117
681,2015-11-14,-31.610281008497477
682,2015-11-15,-5.313072895871225
683,2015-11-16,51.8995804666836
684,2015-11-17,-3.978319631912386
685,2015-11-18,3.0056181269854254
686,2015-11-19,3.1721542979775164
687,2015-11-20,-5.995025880026144
688,2015-11-21,-46.49543948990588
689,2015-11-22,20.30063076661879
690,2015-11-23,26.308345164401754
691,2015-11-24,-8.265734555280053
692,2015-11-25,2.026606331131901
693,2015-11-26,-21.181557889695153
694,2015-11-27,-4.73454817615596
695,2015-11-28,-11.674970968277629
696,2015-11-29,8.76571875889899
697,2015-11-30,51.67415354487906
698,2015-12-01,13.534917532742675
699,2015-12-02,-13.130828865650578
700,2015-12-03,5.98048282267693
701,2015-12-04,-25.129873460181273
702,2015-12-05,-42.09572696956106
703,2015-12-06,6.910579467447806
704,2015-12-07,66.21518053335487
705,2015-12-08,-13.03946989505599
706,2015-12-09,-2.1278964503415905
707,2015-12-10,6.870117205600193
708,2015-12-11,-6.837747142056504
709,2015-12-12,-59.99807631798474
710,2015-12-13,13.262307752672365
711,2015-12-14,52.06020822426777
712,2015-12-15,-10.57918999697986
713,2015-12-16,10.09039068109629
714,2015-12-17,-13.401194143647038
715,2015-12-18,-0.17568002366707516
716,2015-12-19,-52.34927062656358
717,2015-12-20,3.28021734745811
718,2015-12-21,29.603696509731815
719,2015-12-22,-4.727137714947859
720,2015-12-23,-2.153258442685322
721,2015-12-24,-19.190001535643574
722,2015-12-25,-6.335317255223509
723,2015-12-26,-13.991164267396714
724,2015-12-27,21.306770518665274
725,2015-12-28,10.646795352082457
726,2015-12-29,18.485030293902383
727,2015-12-30,-17.212098822929423
728,2015-12-31,-10.647668960103777
729,2016-01-01,-11.922409536207827
730,2016-01-02,6.698471536353742
731,2016-01-03,0.39694699930514926
732,2016-01-04,51.48486571374383
733,2016-01-05,-8.225293176589336
734,2016-01-06,4.103606841910684
735,2016-01-07,10.488927392084145
736,2016-01-08,-13.314686463873432
737,2016-01-09,-30.81421378168718
738,2016-01-10,-13.930821333087104
739,2016-01-11,44.260498659739625
740,2016-01-12,15.114533406037534
741,2016-01-13,-3.181786362391458
742,2016-01-14,-3.8878762899598627
743,2016-01-15,2.3517575341124246
744,2016-01-16,-52.60668816207462
745,2016-01-17,7.069852139552739
746,2016-01-18,36.52230035657669
747,2016-01-19,12.045364042394999
748,2016-01-20,18.48472948289844
749,2016-01-21,-7.577234291396453
750,2016-01-22,-20.42259237730257
751,2016-01-23,-37.442247285847536
752,2016-01-24,-5.942570686893728
753,2016-01-25,68.24096580247131
754,2016-01-26,-24.766048569481374
755,2016-01-27,2.251750874205732
756,2016-01-28,2.355950014995159
757,2016-01-29,-7.093444234379749
758,2016-01-30,-14.088622810208728
759,2016-01-31,-30.670791726679592
760,2016-02-01,44.08233076415479
761,2016-02-02,8.435501041970427
762,2016-02-03,1.8489258257734627
763,2016-02-04,6.731999709561856
764,2016-02-05,-13.970953764150146
765,2016-02-06,-46.360775695644016
766,2016-02-07,-1.7368775300173251
767,2016-02-08,51.71120049963853
768,2016-02-09,25.39304141386299
769,2016-02-10,-12.974843943476767
770,2016-02-11,0.023304993613780592
771,2016-02-12,-12.713559977625708
772,2016-02-13,-49.20835139955371
773,2016-02-14,2.427256061742791
774,2016-02-15,26.403267875134894
775,2016-02-16,10.348601480666835
776,2016-02-17,9.076088541871496
777,2016-02-18,4.19148706510512
778,2016-02-19,-15.799866631597762
779,2016-02-20,-34.59336431664793
780,2016-02-21,2.5304048213327097
781,2016-02-22,58.898175807681554
782,2016-02-23,4.3097121054064385
783,2016-02-24,-9.866074496998404
784,2016-02-25,4.406298477196126
785,2016-02-26,-16.213720918172626
786,2016-02-27,-51.95870085922259
787,2016-02-28,7.6464761465990865
788,2016-02-29,50.4383808465817
789,2016-03-01,12.248505205756262
790,2016-03-02,-14.689644198512577
791,2016-03-03,11.150925609370374
792,2016-03-04,-17.017933818115196
793,2016-03-05,-43.90313382387935
794,2016-03-06,-3.379073914872915
795,2016-03-07,51.57756843756172
796,2016-03-08,8.507507866965137
797,2016-03-09,5.6438860842993375
798,2016-03-10,-9.348321679576733
799,2016-03-11,-6.516607874106774
800,2016-03-12,-48.578887299074786
801,2016-03-13,7.551196785989622
802,2016-03-14,40.40238992942807
803,2016-03-15,12.88294467090047
804,2016-03-16,0.1396465691032003
805,2016-03-17,-3.5952256761671215
806,2016-03-18,-11.531876866959045
807,2016-03-19,-39.0924327439038
808,2016-03-20,-5.373491649247886
809,2016-03-21,37.64452834767232
810,2016-03-22,8.128394979768235
811,2016-03-23,0.47793198266829884
812,2016-03-24,-1.136721787590426
813,2016-03-25,-36.84137557466217
814,2016-03-26,-13.692710213129292
815,2016-03-27,9.285132210535883
816,2016-03-28,35.053956228711975
817,2016-03-29,-2.3490491461672405
818,2016-03-30,15.470088150232483
819,2016-03-31,-10.487655140702891
820,2016-04-01,-10.89034915462838
821,2016-04-02,-33.14020644709414
822,2016-04-03,2.438567014933871
823,2016-04-04,44.865300885400124
824,2016-04-05,18.110985667497864
825,2016-04-06,-16.290675109003377
826,2016-04-07,5.143528171250113
827,2016-04-08,-23.844727660376023
828,2016-04-09,-12.957038268686354
829,2016-04-10,-12.959388806933411
830,2016-04-11,42.86513103549688
831,2016-04-12,13.711137105823944
832,2016-04-13,-8.421178198362453
833,2016-04-14,-6.362902181747497
834,2016-04-15,-1.0280791783966823
835,2016-04-16,-41.04582637202577
836,2016-04-17,7.4365859080352275
837,2016-04-18,37.982506767918586
838,2016-04-19,14.854651083772843
839,2016-04-20,-5.685018993557879
840,2016-04-21,-9.216750337796075
841,2016-04-22,-3.395898616085433
842,2016-04-23,-42.652623985987866
843,2016-04-24,-3.0277916394637394
844,2016-04-25,56.94940812833432
845,2016-04-26,-4.069194577598708
846,2016-04-27,20.30762072773018
847,2016-04-28,-12.290700108786643
848,2016-04-29,-19.464631846465075
849,2016-04-30,-39.22171123872727
850,2016-05-01,8.000056422747262
851,2016-05-02,38.33060352776298
852,2016-05-03,33.96870404440265
853,2016-05-04,-31.02413733104255
854,2016-05-05,-4.376313668402381
855,2016-05-06,-7.593389483541963
856,2016-05-07,-27.17694670387393
857,2016-05-08,-9.782526702303027
858,2016-05-09,52.62548444956224
859,2016-05-10,-1.0964755773279387
860,2016-05-11,3.33414676439134
861,2016-05-12,4.211318584244987
862,2016-05-13,-28.83211740905782
863,2016-05-14,-25.510419215631874
864,2016-05-15,-3.9246303468687698
865,2016-05-16,55.88198877680658
866,2016-05-17,0.4954775868669686
867,2016-05-18,-9.359671217280896
868,2016-05-19,0.35481945934086884
869,2016-05-20,-20.756098280549526
870,2016-05-21,-34.61500000496482
871,2016-05-22,2.761053303189854
872,2016-05-23,48.070516019671864
873,2016-05-24,-6.034395232634957
874,2016-05-25,7.200079027625061
875,2016-05-26,-1.6473280201554714
876,2016-05-27,-1.2047459275663726
877,2016-05-28,-39.466881069110386
878,2016-05-29,-5.307742725429427
879,2016-05-30,15.451223973243351
880,2016-05-31,21.55167084337286
881,2016-06-01,-1.2092480976624456
882,2016-06-02,2.8803178398289333
883,2016-06-03,-5.73644622815474
884,2016-06-04,-42.59439670442653
885,2016-06-05,8.139310357810485
886,2016-06-06,34.8269485111193
887,2016-06-07,10.425485876168903
888,2016-06-08,5.839151053862454
889,2016-06-09,-12.155033828685262
890,2016-06-10,-3.5677428552406365
891,2016-06-11,-37.68723078557945
892,2016-06-12,-3.6483326455904144
893,2016-06-13,44.40731594413547
894,2016-06-14,-2.10306666964904
895,2016-06-15,4.060569120244955
896,2016-06-16,-4.3890493789132625
897,2016-06-17,3.242144043337134
898,2016-06-18,-39.610975005582326
899,2016-06-19,-8.60967440044706
900,2016-06-20,43.27457979717562
901,2016-06-21,4.997872914884272
902,2016-06-22,1.9444122695449446
903,2016-06-23,-6.373750654253965
904,2016-06-24,37.30709328279422
905,2016-06-25,-72.88223676852893
906,2016-06-26,-5.851698689999619
907,2016-06-27,52.038972584215394
908,2016-06-28,12.549968816182185
909,2016-06-29,-15.206954072138998
910,2016-06-30,-7.6996355893733766
911,2016-07-01,-4.031996945202178
912,2016-07-02,-38.05960867139656
913,2016-07-03,-2.0758014591709846
914,2016-07-04,30.32372911605093
915,2016-07-05,12.168970991891667
916,2016-07-06,-1.209512569132372
917,2016-07-07,17.598216250534016
918,2016-07-08,-28.62958113276726
919,2016-07-09,-12.52823348685171
920,2016-07-10,9.165977661664297
921,2016-07-11,23.325144561150786
922,2016-07-12,-1.366490318225022
923,2016-07-13,7.291391575510446
924,2016-07-14,-15.333166739589002
925,2016-07-15,-9.079696297807404
926,2016-07-16,-38.44245540903325
927,2016-07-17,7.720440042281407
928,2016-07-18,32.556378734254665
929,2016-07-19,3.8362675808763638
930,2016-07-20,7.469632772542935
931,2016-07-21,-9.850374902410623
932,2016-07-22,-3.1235095285446666
933,2016-07-23,-34.431721531512856
934,2016-07-24,6.726058169109056
935,2016-07-25,30.6494447228803
936,2016-07-26,3.8882473878398494
937,2016-07-27,11.626712487516258
938,2016-07-28,-11.45041986317982
939,2016-07-29,-2.7038620046748787
940,2016-07-30,-32.34380466265284
941,2016-07-31,0.41284548773001556
942,2016-08-01,36.34354693029437
943,2016-08-02,0.5218183019135421
944,2016-08-03,12.05552738487041
945,2016-08-04,9.26984646241673
946,2016-08-05,-14.46428954926362
947,2016-08-06,-48.016628250309594
948,2016-08-07,-5.836794594096023
949,2016-08-08,42.20905758546081
950,2016-08-09,15.740505376145343
951,2016-08-10,-1.3726386041769385
952,2016-08-11,21.460301698355476
953,2016-08-12,-37.04306827156222
954,2016-08-13,-32.8315157038119
955,2016-08-14,-1.1526896278791634
956,2016-08-15,38.58648401410937
957,2016-08-16,9.545189570209358
958,2016-08-17,-13.878249846809027
959,2016-08-18,11.905531819030731
960,2016-08-19,-17.576003359827613
961,2016-08-20,-32.34206093649847
962,2016-08-21,5.094017633256798
963,2016-08-22,39.817627399642895
964,2016-08-23,-0.8118621611776011
965,2016-08-24,-0.9927571221454193
966,2016-08-25,-3.21555060194993
967,2016-08-26,0.9947379359228611
968,2016-08-27,-45.98492110899369
969,2016-08-28,24.57192515834719
970,2016-08-29,22.683709075010924
971,2016-08-30,-2.3343350940997865
972,2016-08-31,4.399710035304905
973,2016-09-01,3.9740494699315634
974,2016-09-02,-14.985750345199982
975,2016-09-03,-29.741089972549624
976,2016-09-04,27.711669171309502
977,2016-09-05,-4.67977900988274
978,2016-09-06,23.60804419525569
979,2016-09-07,1.8503766308051992
980,2016-09-08,-2.5302639505749145
981,2016-09-09,3.611873875102595
982,2016-09-10,-52.307636041993405
983,2016-09-11,2.387763754115938
984,2016-09-12,45.99040579809921
985,2016-09-13,0.24324735351597546
986,2016-09-14,3.6949786060992493
987,2016-09-15,0.20899715070950783
988,2016-09-16,-10.853554411939296
989,2016-09-17,-34.60310657473179
990,2016-09-18,8.252519397816855
991,2016-09-19,31.001833166732435
992,2016-09-20,9.355160557756813
993,2016-09-21,-5.2128889640598075
994,2016-09-22,20.536005601100545
995,2016-09-23,-19.752246374392552
996,2016-09-24,-39.14389212637972
997,2016-09-25,7.3079872618993145
998,2016-09-26,34.331439052670845
999,2016-09-27,3.5195649055603804
1000,2016-09-28,9.189441779791938
1001,2016-09-29,-12.441218944766282
1002,2016-09-30,-1.4623999194981916
1003,2016-10-01,-30.68208925616807
1004,2016-10-02,-6.422340748950959
1005,2016-10-03,30.14767836871342
1006,2016-10-04,11.936311468849222
1007,2016-10-05,-4.067180485980952
1008,2016-10-06,-10.12902220515823
1009,2016-10-07,-0.5288711609166863
1010,2016-10-08,-35.14997228817343
1011,2016-10-09,3.697309721809378
1012,2016-10-10,47.08245629406301
1013,2016-10-11,4.514916275954867
1014,2016-10-12,-6.559491450832137
1015,2016-10-13,-6.681533217935107
1016,2016-10-14,0.04533201904675406
1017,2016-10-15,-46.84301152863522
1018,2016-10-16,12.988488035318046
1019,2016-10-17,35.585816114755445
1020,2016-10-18,6.758107348265193
1021,2016-10-19,-1.807084676446326
1022,2016-10-20,-9.217333048274357
1023,2016-10-21,-4.205929064358828
1024,2016-10-22,-38.78649542541724
1025,2016-10-23,11.410722354109446
1026,2016-10-24,48.520889516799286
1027,2016-10-25,-6.634662881277641
1028,2016-10-26,5.562117742248433
1029,2016-10-27,-9.268870550539493
1030,2016-10-28,-11.740204558191879
1031,2016-10-29,-36.64643194117599
1032,2016-10-30,10.314819759529197
1033,2016-10-31,41.776290278497235
1034,2016-11-01,17.34478154910227
1035,2016-11-02,1.9910392126238672
1036,2016-11-03,-6.028644287302182
1037,2016-11-04,-12.174490963982961
1038,2016-11-05,-43.59997535798206
1039,2016-11-06,6.280173601856899
1040,2016-11-07,56.812487828121654
1041,2016-11-08,-10.005891986329765
1042,2016-11-09,60.536656760742
1043,2016-11-10,-23.208068442895108
1044,2016-11-11,-48.615177286739744
1045,2016-11-12,-34.448758025779256
1046,2016-11-13,6.086514279194392
1047,2016-11-14,62.708357097693394
1048,2016-11-15,-4.341934310900109
1049,2016-11-16,1.856543426675467
1050,2016-11-17,-4.872851526143785
1051,2016-11-18,-13.30244349745745
1052,2016-11-19,-55.39211446473311
1053,2016-11-20,3.949575079530864
1054,2016-11-21,40.073269336002504
1055,2016-11-22,19.230906108046476
1056,2016-11-23,-31.22049173428357
1057,2016-11-24,-9.118217174769466
1058,2016-11-25,-10.38076568852721
1059,2016-11-26,-16.781168815453096
1060,2016-11-27,8.766600845849759
1061,2016-11-28,45.007291070688986
1062,2016-11-29,-2.884393798978342
1063,2016-11-30,17.119698185582315
1064,2016-12-01,-9.329363792845923
1065,2016-12-02,-17.16281364610464
1066,2016-12-03,-41.301429187455874
1067,2016-12-04,13.487275541492137
1068,2016-12-05,43.098558225444386
1069,2016-12-06,-2.414530871061381
1070,2016-12-07,24.867045512389517
1071,2016-12-08,-18.87087051526968
1072,2016-12-09,-14.297772314840548
1073,2016-12-10,-49.46504137995309
1074,2016-12-11,1.8906090457429232
1075,2016-12-12,62.82937082128725
1076,2016-12-13,22.77409012508724
1077,2016-12-14,-25.435845689900624
1078,2016-12-15,-15.567971888465058
1079,2016-12-16,1.3616439464189591
1080,2016-12-17,-49.04975301817216
1081,2016-12-18,-5.2887062481694915
1082,2016-12-19,48.45291443942455
1083,2016-12-20,7.961991721945094
1084,2016-12-21,-4.461450907601999
1085,2016-12-22,-19.968624639884812
1086,2016-12-23,-10.121137406140216
1087,2016-12-24,-24.990486973327158
1088,2016-12-25,10.168171458514188
1089,2016-12-26,-3.6153953792918703
1090,2016-12-27,14.196251629592684
1091,2016-12-28,5.556282196744066
1092,2016-12-29,3.839956510464674
1093,2016-12-30,-2.745405654370537
1094,2016-12-31,-29.543786348453597
1095,2017-01-01,9.907059464840508
1096,2017-01-02,15.954930817232668
1097,2017-01-03,25.79992639892109
1098,2017-01-04,6.818232348704707
1099,2017-01-05,3.0270584266740057
1100,2017-01-06,7.231609781937083
1101,2017-01-07,-54.817161603652806
1102,2017-01-08,5.871149045722101
1103,2017-01-09,60.01544474100013
1104,2017-01-10,-8.63329937430854
1105,2017-01-11,11.282274930958542
1106,2017-01-12,-14.302733406174726
1107,2017-01-13,5.175132752820714
1108,2017-01-14,-55.5352811214365
1109,2017-01-15,-1.4031311242343627
1110,2017-01-16,36.873210562976716
1111,2017-01-17,17.871827121027387
1112,2017-01-18,3.0271125744471603
1113,2017-01-19,-1.7221682895667692
1114,2017-01-20,-9.810706340127807
1115,2017-01-21,-42.46822704609045
1116,2017-01-22,1.7945200299616004
1117,2017-01-23,50.022122905895024
1118,2017-01-24,6.465363676326821
1119,2017-01-25,-2.8745928492971493
1120,2017-01-26,-1.3007832609002858
1121,2017-01-27,-17.952579712956172
1122,2017-01-28,-35.0479261047925
1123,2017-01-29,1.274841666169991
1124,2017-01-30,53.8742321555645
1125,2017-01-31,4.252977019359405
1126,2017-02-01,-5.091784316024603
1127,2017-02-02,-3.197017032577179
1128,2017-02-03,-13.738227248172633
1129,2017-02-04,-40.39426622356646
1130,2017-02-05,0.3596041406556742
1131,2017-02-06,49.58120891687223
1132,2017-02-07,11.574810159635726
1133,2017-02-08,-18.483063721464454
1134,2017-02-09,0.4762273908859811
1135,2017-02-10,-8.810951089914074
1136,2017-02-11,-36.59017498199837
1137,2017-02-12,6.299835928839078
1138,2017-02-13,38.49564536635461
1139,2017-02-14,-0.7376882153465375
1140,2017-02-15,10.30615673413053
1141,2017-02-16,-4.105299460236436
1142,2017-02-17,-7.9306343335018274
1143,2017-02-18,-40.731903807609406
1144,2017-02-19,4.096458409868153
1145,2017-02-20,30.040468097690013
1146,2017-02-21,20.68770148272286
1147,2017-02-22,11.016542328533141
1148,2017-02-23,-2.5760837871863163
1149,2017-02-24,-19.384841530845446
1150,2017-02-25,-42.27383996112431
1151,2017-02-26,4.693202282578725
1152,2017-02-27,42.7120893276085
1153,2017-02-28,8.172188194279673
1154,2017-03-01,5.3184047648226995
1155,2017-03-02,0.6893125125035708
1156,2017-03-03,-7.64945877031284
1157,2017-03-04,-42.684479389780634
1158,2017-03-05,-7.295302570127167
1159,2017-03-06,57.81622532333238
1160,2017-03-07,-2.1777524377378454
1161,2017-03-08,-5.872233595993799
1162,2017-03-09,0.35853231628329646
1163,2017-03-10,14.558246263123136
1164,2017-03-11,-61.68067942990002
1165,2017-03-12,-1.9926878311595078
1166,2017-03-13,54.38355384906021
1167,2017-03-14,1.7380672151988716
1168,2017-03-15,-10.279726140062586
1169,2017-03-16,-1.611160279422971
1170,2017-03-17,-1.5471325927703024
1171,2017-03-18,-49.47744802792534
1172,2017-03-19,2.6163560949459566
1173,2017-03-20,64.9679036658618
1174,2017-03-21,-13.786533060131612
1175,2017-03-22,5.326141811286798
1176,2017-03-23,-9.145084581902859
1177,2017-03-24,-18.12943373396949
1178,2017-03-25,-17.57353673314041
1179,2017-03-26,-7.639918188410584
1180,2017-03-27,53.929979005983476
1181,2017-03-28,8.683609771016062
1182,2017-03-29,-6.158000304883124
1183,2017-03-30,-5.9576918650090445
1184,2017-03-31,-12.316968831288872
1185,2017-04-01,-45.681242468124175
1186,2017-04-02,7.852178293642379
1187,2017-04-03,40.593252249130046
1188,2017-04-04,23.786223404102078
1189,2017-04-05,-15.230152109928456
1190,2017-04-06,-3.809507558349731
1191,2017-04-07,-15.908876235288623
1192,2017-04-08,-46.746349844813025
1193,2017-04-09,14.501627745433678
1194,2017-04-10,78.3976336255797
1195,2017-04-11,-31.35412863150339
1196,2017-04-12,-0.5718052103779193
1197,2017-04-13,-14.06370378869748
1198,2017-04-14,-26.704235710725015
1199,2017-04-15,-22.198750189714165
1200,2017-04-16,2.340473670255197
1201,2017-04-17,58.93962641932695
1202,2017-04-18,1.8740409583923414
1203,2017-04-19,8.503427811253815
1204,2017-04-20,-2.1443121792550106
1205,2017-04-21,-12.980197865521781
1206,2017-04-22,-44.17208818967583
1207,2017-04-23,-1.902760847240097
1208,2017-04-24,66.62350880771349
1209,2017-04-25,1.1724641404941032
1210,2017-04-26,-6.853805102785206
1211,2017-04-27,4.017572901305969
1212,2017-04-28,-27.502595905019568
1213,2017-04-29,-39.32448548743873
1214,2017-04-30,17.445790441672777
1215,2017-05-01,41.13824210908485
1216,2017-05-02,11.551039605754726
1217,2017-05-03,2.2543362739620765
1218,2017-05-04,-0.036110424010361325
1219,2017-05-05,-20.241633293726206
1220,2017-05-06,-47.78688212918029
1221,2017-05-07,4.489703120340847
1222,2017-05-08,56.8301693233924
1223,2017-05-09,4.3129409225809
1224,2017-05-10,-0.8505528659214423
1225,2017-05-11,-3.9237659034023094
1226,2017-05-12,-22.377220635772247
1227,2017-05-13,-34.77740030318613
1228,2017-05-14,-11.791354668954474
1229,2017-05-15,66.18053474192016
1230,2017-05-16,-5.141530509580932
1231,2017-05-17,-3.8208777570623247
1232,2017-05-18,7.246892241198061
1233,2017-05-19,-20.83485692335006
1234,2017-05-20,-36.8017928128045
1235,2017-05-21,-3.6303910714500853
1236,2017-05-22,54.14199462213225
1237,2017-05-23,-0.41726498932650546
1238,2017-05-24,-6.70459544249359
1239,2017-05-25,1.181257756465341
1240,2017-05-26,-19.38760955291656
1241,2017-05-27,-23.800868068135742
1242,2017-05-28,-10.012171056034529
1243,2017-05-29,39.06005197783638
1244,2017-05-30,11.138045861949935
1245,2017-05-31,6.138449774150194
1246,2017-06-01,13.074262688628135
1247,2017-06-02,21.892390419949557
1248,2017-06-03,-53.47302395372164
1249,2017-06-04,-23.88571736879787
1250,2017-06-05,43.3797637745631
1251,2017-06-06,8.165947337741796
1252,2017-06-07,0.2720523241500364
1253,2017-06-08,-8.964299099085968
1254,2017-06-09,-12.56616280137458
1255,2017-06-10,-35.84147650305591
1256,2017-06-11,2.849750686321501
1257,2017-06-12,31.601532949713047
1258,2017-06-13,2.916630006512088
1259,2017-06-14,10.73302177374035
1260,2017-06-15,-10.092058998230986
1261,2017-06-16,-3.9092080211149525
1262,2017-06-17,-37.51105033774647
1263,2017-06-18,1.8866165101418009
1264,2017-06-19,34.69811950407343
1265,2017-06-20,3.622631797245594
1266,2017-06-21,-0.22056830795784926
1267,2017-06-22,-2.901243785350698
1268,2017-06-23,10.200397481597344
1269,2017-06-24,-49.136078684973185
1270,2017-06-25,8.0202366517618
1271,2017-06-26,35.86137843058614
1272,2017-06-27,2.110364306097661
1273,2017-06-28,-7.16856188487283
1274,2017-06-29,-0.10964777886719684
1275,2017-06-30,-3.21171016226641
1276,2017-07-01,-29.45691325697938
1277,2017-07-02,-7.210937484353509
1278,2017-07-03,31.189013825701693
1279,2017-07-04,-10.907869869531206
1280,2017-07-05,14.94348531244217
1281,2017-07-06,6.021358056470934
1282,2017-07-07,-2.0430105659805537
1283,2017-07-08,-40.948301855348156
1284,2017-07-09,4.102587984547843
1285,2017-07-10,39.714213657246844
1286,2017-07-11,-6.021168679392835
1287,2017-07-12,6.093598765931556
1288,2017-07-13,3.6667491629435145
1289,2017-07-14,-13.03672723113175
1290,2017-07-15,-38.82615989363737
1291,2017-07-16,5.962213380964815
1292,2017-07-17,43.86791233017162
1293,2017-07-18,-3.190520413003328
1294,2017-07-19,5.535455115251506
1295,2017-07-20,-11.473354475653965
1296,2017-07-21,-8.82766864892604
1297,2017-07-22,-24.179125580258727
1298,2017-07-23,4.399466134736415
1299,2017-07-24,24.84224501086396
1300,2017-07-25,22.551784429642275
1301,2017-07-26,-9.910943701493967
1302,2017-07-27,12.688502050450525
1303,2017-07-28,-10.758329542689475
1304,2017-07-29,-41.42145848178169
1305,2017-07-30,11.01764002665295
1306,2017-07-31,29.94876547436143
1307,2017-08-01,-2.0204588727467248
1308,2017-08-02,0.21913561062495351
1309,2017-08-03,0.6727350167827774
1310,2017-08-04,-4.572481802305176
1311,2017-08-05,-35.12793709098451
1312,2017-08-06,-4.426338532020538
1313,2017-08-07,41.845695994233814
1314,2017-08-08,7.094604914384481
1315,2017-08-09,-10.862551361310247
1316,2017-08-10,3.706138664876344
1317,2017-08-11,-14.403545388239886
1318,2017-08-12,-28.957984923191113
1319,2017-08-13,-1.226158332220727
1320,2017-08-14,34.63464698949718
1321,2017-08-15,-1.3450387079540516
1322,2017-08-16,5.320526347961886
1323,2017-08-17,14.909003757124518
1324,2017-08-18,-12.727054932801797
1325,2017-08-19,-40.3404827756904
1326,2017-08-20,3.5389218009614223
1327,2017-08-21,36.266515768083806
1328,2017-08-22,6.276148877432303
1329,2017-08-23,9.725354726366717
1330,2017-08-24,-6.243444515571742
1331,2017-08-25,-12.418350339710155
1332,2017-08-26,-19.354351759299302
1333,2017-08-27,-16.188177918969405
1334,2017-08-28,50.45111859321391
1335,2017-08-29,-5.967777612731528
1336,2017-08-30,-9.603233204535004
1337,2017-08-31,2.969807363738867
1338,2017-09-01,-11.589784373594474
1339,2017-09-02,-15.254232371891701
1340,2017-09-03,-10.03709759963487
1341,2017-09-04,19.647819078796758
1342,2017-09-05,32.58749603365976
1343,2017-09-06,-9.918001474403974
1344,2017-09-07,0.14767513396171922
1345,2017-09-08,-14.608441145857709
1346,2017-09-09,-30.98975332548115
1347,2017-09-10,16.85995025501681
1348,2017-09-11,39.17150478901521
1349,2017-09-12,2.1890193171940235
1350,2017-09-13,-10.109211468663663
1351,2017-09-14,-1.3412865305766286
1352,2017-09-15,-4.8594563674501
1353,2017-09-16,-35.248801555490246
1354,2017-09-17,4.210799422842572
1355,2017-09-18,37.21421184084851
1356,2017-09-19,10.692233065426812
1357,2017-09-20,-4.049452729367444
1358,2017-09-21,2.16527898645463
1359,2017-09-22,2.010698594578324
1360,2017-09-23,-58.128349507401424
1361,2017-09-24,3.0339368588587963
1362,2017-09-25,44.36827886490597
1363,2017-09-26,7.945996661152797
1364,2017-09-27,-6.810298083486104
1365,2017-09-28,2.2316286977532025
1366,2017-09-29,-18.3766562935484
1367,2017-09-30,-32.28446615851013
1368,2017-10-01,14.141669531359717
1369,2017-10-02,29.698811335188733
1370,2017-10-03,16.971955311028548
1371,2017-10-04,-6.540657490127965
1372,2017-10-05,2.7230089001662514
1373,2017-10-06,-20.351735084889544
1374,2017-10-07,-33.07812196933316
1375,2017-10-08,7.128178661042839
1376,2017-10-09,54.5602368928619
1377,2017-10-10,8.99065276492148
1378,2017-10-11,-18.233066242407425
1379,2017-10-12,3.1109810429000264
1380,2017-10-13,-4.2340888540152175
1381,2017-10-14,-46.72660182207415
1382,2017-10-15,8.139061062384307
1383,2017-10-16,42.12651630128817
1384,2017-10-17,0.5668704274647436
1385,2017-10-18,4.83122336623414
1386,2017-10-19,-14.338267636645783
1387,2017-10-20,-2.8584563526835534
1388,2017-10-21,-39.13110854452969
1389,2017-10-22,1.7107923403794165
1390,2017-10-23,47.890825671892294
1391,2017-10-24,23.804076128301208
1392,2017-10-25,-23.079093614184615
1393,2017-10-26,16.01367853971244
1394,2017-10-27,3.9646494578496676
1395,2017-10-28,-72.2309052661432
1396,2017-10-29,16.819749921371184
1397,2017-10-30,38.105564670189366
1398,2017-10-31,11.700393851343534
1399,2017-11-01,2.2733601796546323
1400,2017-11-02,-17.134892571900128
1401,2017-11-03,0.647319380838835
1402,2017-11-04,-43.80959768530294
1403,2017-11-05,12.069926432684051
1404,2017-11-06,37.741807711031946
1405,2017-11-07,1.000776323471081
1406,2017-11-08,4.020646372040071
1407,2017-11-09,15.380574297727534
1408,2017-11-10,-33.89317349186488
1409,2017-11-11,-39.55662754936725
1410,2017-11-12,2.192616407330776
1411,2017-11-13,55.71842439086654
1412,2017-11-14,5.8501603082290305
1413,2017-11-15,13.206027127574762
1414,2017-11-16,-26.857671828607543
1415,2017-11-17,-8.228444647037747
1416,2017-11-18,-37.61143769673718
1417,2017-11-19,1.9760917976265397
1418,2017-11-20,55.3340865210357
1419,2017-11-21,-8.046807223396703
1420,2017-11-22,-14.206037643105049
1421,2017-11-23,-16.903027446093564
1422,2017-11-24,6.51459849049709
1423,2017-11-25,-32.62289360271722
1424,2017-11-26,3.0557031660729064
1425,2017-11-27,51.61270266551883
1426,2017-11-28,30.07192587297289
1427,2017-11-29,-19.669353467832945
1428,2017-11-30,-4.882034188223268
1429,2017-12-01,-11.635657282650563
1430,2017-12-02,-42.548873377209446
1431,2017-12-03,-3.2438468585399125
1432,2017-12-04,48.44108491887447
1433,2017-12-05,28.167412604996613
1434,2017-12-06,-20.019092436931096
1435,2017-12-07,3.6107665669629156
1436,2017-12-08,-0.17909720885215094
1437,2017-12-09,-60.62998720486911
1438,2017-12-10,4.072033218961845
1439,2017-12-11,53.65596091163752
1440,2017-12-12,-3.116599699392163
1441,2017-12-13,14.415062243200529
1442,2017-12-14,-9.10848098456462
1443,2017-12-15,-13.880592339193354
1444,2017-12-16,-50.242357988097744
1445,2017-12-17,9.093225759722214
1446,2017-12-18,38.13467283230655
1447,2017-12-19,3.986595729273811
1448,2017-12-20,-9.436738937312953
1449,2017-12-21,-3.5710124715418856
1450,2017-12-22,-10.509866538540928
1451,2017-12-23,-32.39478676039584
1452,2017-12-24,-8.727465098844949
1453,2017-12-25,3.5098412164598405
1454,2017-12-26,17.769952473430887
1455,2017-12-27,7.722642337211169
1456,2017-12-28,1.2678375093750545
1457,2017-12-29,6.027903050238368
1458,2017-12-30,-27.426426869507857
1459,2017-12-31,-2.8688220342766115
1460,2018-01-01,3.321140648429525
1461,2018-01-02,43.32661198538152
1462,2018-01-03,10.894043297433779
1463,2018-01-04,9.813110595072576
1464,2018-01-05,-22.423255943476523
1465,2018-01-06,-32.47669893095902
1466,2018-01-07,5.900967418211733
1467,2018-01-08,48.693415195640206
1468,2018-01-09,10.015362953171808
1469,2018-01-10,-13.962861382608322
1470,2018-01-11,7.083159047878108
1471,2018-01-12,-10.038205262931474
1472,2018-01-13,-50.22245771189873
1473,2018-01-14,0.9539610012587817
1474,2018-01-15,32.13886209459548
1475,2018-01-16,27.83661403869558
1476,2018-01-17,13.42236862143142
1477,2018-01-18,-18.03018395547812
1478,2018-01-19,-4.181779687836071
1479,2018-01-20,-48.587541410627296
1480,2018-01-21,-4.732568040736657
1481,2018-01-22,56.27376873834305
1482,2018-01-23,25.124003592567973
1483,2018-01-24,-4.8649233339985845
1484,2018-01-25,-15.918936360243288
1485,2018-01-26,-9.404324159498557
1486,2018-01-27,-43.93673879194871
1487,2018-01-28,4.926598882130718
1488,2018-01-29,40.980791117869536
1489,2018-01-30,17.171882471203034
1490,2018-01-31,4.976611107262669
1491,2018-02-01,-3.539474559741957e-05
1492,2018-02-02,-9.838504366094254
1493,2018-02-03,-58.59349037867068
1494,2018-02-04,3.852968015913852
1495,2018-02-05,53.777240091398724
1496,2018-02-06,46.94694679296773
1497,2018-02-07,-29.478355784402186
1498,2018-02-08,-3.6424665943425962
1499,2018-02-09,-1.2437869936806725
1500,2018-02-10,-58.558004667116805
1501,2018-02-11,2.795893870302538
1502,2018-02-12,35.22577373487683
1503,2018-02-13,18.480263703644116
1504,2018-02-14,-12.938202810747919
1505,2018-02-15,7.159768328860461
1506,2018-02-16,-14.832355122668764
1507,2018-02-17,-51.48992402466186
1508,2018-02-18,-4.012931111193907
1509,2018-02-19,30.837072640842198
1510,2018-02-20,28.10497918686064
1511,2018-02-21,1.0644057665340814
1512,2018-02-22,6.61369874978597
1513,2018-02-23,-18.021516506308224
1514,2018-02-24,-40.516623338453854
1515,2018-02-25,7.541089593755364
1516,2018-02-26,55.11188231221734
1517,2018-02-27,-0.07169161985762176
1518,2018-02-28,-10.472636449180836
1519,2018-03-01,-4.829002540996614
1520,2018-03-02,-10.266195744727654
1521,2018-03-03,-37.70694097790452
1522,2018-03-04,1.886206121852657
1523,2018-03-05,45.87099121539426
1524,2018-03-06,2.232202945247319
1525,2018-03-07,1.004784176745663
1526,2018-03-08,5.32153762906727
1527,2018-03-09,-16.55091030206139
1528,2018-03-10,-45.73274691173438
1529,2018-03-11,5.210170083382585
1530,2018-03-12,48.117863138231435
1531,2018-03-13,7.7436328652495385
1532,2018-03-14,-2.5440473573632736
1533,2018-03-15,-10.940772465734382
1534,2018-03-16,-0.3619884429203978
1535,2018-03-17,-43.31056170334204
1536,2018-03-18,9.659514792916537
1537,2018-03-19,49.95230635827057
1538,2018-03-20,-9.619965011724666
1539,2018-03-21,-4.721334948678229
1540,2018-03-22,5.3518139691204905
1541,2018-03-23,-0.17059916121725924
1542,2018-03-24,-59.30793614878237
1543,2018-03-25,2.1526730985377105
1544,2018-03-26,56.757003595194774
1545,2018-03-27,12.265095544418498
1546,2018-03-28,-3.6536758644026395
1547,2018-03-29,-16.891238060343845
1548,2018-03-30,-22.986117384571603
1549,2018-03-31,-24.595720531149308
1550,2018-04-01,-4.542797084981711
1551,2018-04-02,48.91329725171884
1552,2018-04-03,19.347514824130542
1553,2018-04-04,-11.592026821343506
1554,2018-04-05,-6.569218035214046
1555,2018-04-06,9.536280780431497
1556,2018-04-07,-41.639993121647564
1557,2018-04-08,-13.188889602174529
1558,2018-04-09,68.98168751368381
1559,2018-04-10,-13.577661986066296
1560,2018-04-11,13.51765952938437
1561,2018-04-12,-19.32845347315104
1562,2018-04-13,-4.838012853549018
1563,2018-04-14,-39.26026104610449
1564,2018-04-15,-4.288334906500622
1565,2018-04-16,54.37839419138994
1566,2018-04-17,-3.584720060602981
1567,2018-04-18,14.406920826094652
1568,2018-04-19,-6.569084398084727
1569,2018-04-20,-8.053068739262793
1570,2018-04-21,-53.020319442417694
1571,2018-04-22,6.199916438076178
1572,2018-04-23,57.18445993764251
1573,2018-04-24,-2.537396509880225
1574,2018-04-25,-8.443243230185372
1575,2018-04-26,6.138890423582647
1576,2018-04-27,5.26584383741472
1577,2018-04-28,-63.44778149658742
1578,2018-04-29,1.330043347886531
1579,2018-04-30,60.663708062871656
1580,2018-05-01,3.9092630607562255
1581,2018-05-02,-7.29715781988283
1582,2018-05-03,-0.8232406720844064
1583,2018-05-04,-14.839851392413335
1584,2018-05-05,-37.453578437114594
1585,2018-05-06,-4.208831919442431
1586,2018-05-07,51.47430263791782
1587,2018-05-08,1.6308787952633699
1588,2018-05-09,-3.9584979119711905
1589,2018-05-10,14.339614631166047
1590,2018-05-11,-12.36903409540752
1591,2018-05-12,-47.370624155767366
1592,2018-05-13,6.586094456885015
1593,2018-05-14,38.14895149172015
1594,2018-05-15,17.214560074343122
1595,2018-05-16,-13.496071387705074
1596,2018-05-17,1.6693302498507712
1597,2018-05-18,-19.69792763288268
1598,2018-05-19,-36.939043826737304
1599,2018-05-20,6.925292547989159
1600,2018-05-21,59.09287847739678
1601,2018-05-22,-3.1502314418459085
1602,2018-05-23,-5.276801526818671
1603,2018-05-24,-3.8940514757576548
1604,2018-05-25,-21.72931971450428
1605,2018-05-26,-37.28789806525245
1606,2018-05-27,2.4581556295529032
1607,2018-05-28,19.882747468009832
1608,2018-05-29,36.803197356965526
1609,2018-05-30,-0.9107566931710248
1610,2018-05-31,-3.2099352277910835
1611,2018-06-01,-7.0314506224405395
1612,2018-06-02,-44.62552129060493
1613,2018-06-03,2.899992506915078
1614,2018-06-04,53.6321579330682
1615,2018-06-05,-0.5838512658696493
1616,2018-06-06,6.019589817614021
1617,2018-06-07,-4.547682176540391
1618,2018-06-08,-6.682235388228783
1619,2018-06-09,-52.06646852863846
1620,2018-06-10,1.178720324778773
1621,2018-06-11,56.7269831512703
1622,2018-06-12,-14.265254595581759
1623,2018-06-13,10.430439003970621
1624,2018-06-14,-2.658499712511034
1625,2018-06-15,-12.157103064322333
1626,2018-06-16,-44.55371348894964
1627,2018-06-17,0.40900406406081885
1628,2018-06-18,47.12023750639408
1629,2018-06-19,2.7123459003210804
1630,2018-06-20,0.3396799710551278
1631,2018-06-21,-1.2859634327230585
1632,2018-06-22,0.3723271919346997
1633,2018-06-23,-41.63785481244511
1634,2018-06-24,-6.863423574151937
1635,2018-06-25,50.08463949806314
1636,2018-06-26,8.710640289891668
1637,2018-06-27,-3.7765031931380966
1638,2018-06-28,-11.300979197244086
1639,2018-06-29,-2.343453792526531
1640,2018-06-30,-34.302974331564336
1641,2018-07-01,-0.5141468709911613
1642,2018-07-02,33.65829093536669
1643,2018-07-03,6.115832778354855
1644,2018-07-04,-1.509704051378721
1645,2018-07-05,-1.9748137870192233
1646,2018-07-06,-5.055873939957931
1647,2018-07-07,-38.29928280223863
1648,2018-07-08,4.453367564770259
1649,2018-07-09,41.784972249562585
1650,2018-07-10,-3.3172849328722114
1651,2018-07-11,-1.7328924385468083
1652,2018-07-12,11.523170845940685
1653,2018-07-13,-13.792914443791286
1654,2018-07-14,-40.86908673476047
1655,2018-07-15,2.4901016276868795
1656,2018-07-16,46.992111799715744
1657,2018-07-17,7.241913138319831
1658,2018-07-18,-4.48472952173871
1659,2018-07-19,-6.302962581018996
1660,2018-07-20,-4.933433756977601
1661,2018-07-21,-39.765361425699965
1662,2018-07-22,16.63682760692823
1663,2018-07-23,30.220084425320298
1664,2018-07-24,5.534038942851219
1665,2018-07-25,-2.036882848848787
1666,2018-07-26,11.691581620390652
1667,2018-07-27,-11.492318554788488
1668,2018-07-28,-45.61868276224485
1669,2018-07-29,4.07135281479849
1670,2018-07-30,40.65360468351352
1671,2018-07-31,11.545338076434
1672,2018-08-01,3.5058825749468623
1673,2018-08-02,-11.188734175089701
1674,2018-08-03,-2.287049495297712
1675,2018-08-04,-42.937818349586784
1676,2018-08-05,-2.39497827762132
1677,2018-08-06,34.748444496002406
1678,2018-08-07,9.87103639229567
1679,2018-08-08,5.277341460925364
1680,2018-08-09,-11.848500210869686
1681,2018-08-10,-10.757675234385863
1682,2018-08-11,-26.786410899968047
1683,2018-08-12,-0.5402633575715012
1684,2018-08-13,35.044706914626694
1685,2018-08-14,3.065888009287841
1686,2018-08-15,-2.734278848977679
1687,2018-08-16,-1.6165043838019377
1688,2018-08-17,-3.8725192448979326
1689,2018-08-18,-32.44988579353796
1690,2018-08-19,11.91721908309709
1691,2018-08-20,30.231895412389733
1692,2018-08-21,5.034817338556184
1693,2018-08-22,5.385099923629582
1694,2018-08-23,-11.039779356641736
1695,2018-08-24,-4.177512626315519
1696,2018-08-25,-32.8044294414966
1697,2018-08-26,-0.8917907330914728
1698,2018-08-27,35.97187955918186
1699,2018-08-28,15.147039312222196
1700,2018-08-29,8.407726308419605
1701,2018-08-30,-3.962734713400038
1702,2018-08-31,-13.493871510991115
1703,2018-09-01,-37.05408049086692
1704,2018-09-02,-2.320154775842778
1705,2018-09-03,17.334639978539407
1706,2018-09-04,16.14978277632344
1707,2018-09-05,16.54104307831008
1708,2018-09-06,-3.767046345020674
1709,2018-09-07,-10.351814675745747
1710,2018-09-08,-30.685595061977136
1711,2018-09-09,-7.663514407163529
1712,2018-09-10,39.861222858169384
1713,2018-09-11,12.1162062308808
1714,2018-09-12,-8.199739961179745
1715,2018-09-13,-0.44773009946664505
1716,2018-09-14,-1.9157678146617607
1717,2018-09-15,-29.2005463013879
1718,2018-09-16,-1.7221710331852214
1719,2018-09-17,35.347105567364956
1720,2018-09-18,18.82212237329661
1721,2018-09-19,-9.463362732225049
1722,2018-09-20,0.24419531605732422
1723,2018-09-21,-10.20260521886881
1724,2018-09-22,-39.97365847924057
1725,2018-09-23,-5.165077866464747
1726,2018-09-24,53.0960194724714
1727,2018-09-25,0.6825531942021031
1728,2018-09-26,8.899028984860584
1729,2018-09-27,-17.98339893867812
1730,2018-09-28,-9.116951691756414
1731,2018-09-29,-35.189780991885534
1732,2018-09-30,5.380994816530948
1733,2018-10-01,36.83241486522307
1734,2018-10-02,7.820425029379414
1735,2018-10-03,-6.069212055270677
1736,2018-10-04,2.6817099098539208
1737,2018-10-05,-9.55926366885851
1738,2018-10-06,-29.915837343015834
1739,2018-10-07,-4.739450311311401
1740,2018-10-08,51.09938374984557
1741,2018-10-09,1.7268954457532746
1742,2018-10-10,6.5612700030533215
1743,2018-10-11,16.63450707360849
1744,2018-10-12,-25.06212348089048
1745,2018-10-13,-47.165976278298224
1746,2018-10-14,8.543677189153067
1747,2018-10-15,48.67485714027264
1748,2018-10-16,10.658489564715444
1749,2018-10-17,-20.765091864645385
1750,2018-10-18,6.448264450420237
1751,2018-10-19,-15.127766618232046
1752,2018-10-20,-46.0694138438785
1753,2018-10-21,11.273871701075459
1754,2018-10-22,39.514786673521215
1755,2018-10-23,26.12249372402584
1756,2018-10-24,-10.258063823790053
1757,2018-10-25,2.837863457427103
1758,2018-10-26,-9.18182436977668
1759,2018-10-27,-59.72756884268279
1760,2018-10-28,21.439682322357836
1761,2018-10-29,35.8214196479712
1762,2018-10-30,0.5990234787387809
1763,2018-10-31,13.462697665880567
1764,2018-11-01,-21.33081596926896
1765,2018-11-02,-0.992083853096898
1766,2018-11-03,-35.800844612433224
1767,2018-11-04,-5.009201775148765
1768,2018-11-05,52.192488826752935
1769,2018-11-06,-3.1717078725091152
1770,2018-11-07,12.869018243175233
1771,2018-11-08,-14.750408151795796
1772,2018-11-09,-18.764545966702237
1773,2018-11-10,-34.055889934323716
1774,2018-11-11,6.3275705474722255
1775,2018-11-12,47.573326680737104
1776,2018-11-13,5.556153052696564
1777,2018-11-14,5.458938188186002
1778,2018-11-15,-5.125961936638531
1779,2018-11-16,-12.054945311921283
1780,2018-11-17,-50.10631379832657
1781,2018-11-18,6.736293124447303
1782,2018-11-19,44.46508900137223
1783,2018-11-20,19.145488533430626
1784,2018-11-21,-21.423665830749304
1785,2018-11-22,-27.458604103108385
1786,2018-11-23,-2.7875138238117145
1787,2018-11-24,-14.67989004515076
1788,2018-11-25,13.577894575897524
1789,2018-11-26,44.014053451592346
1790,2018-11-27,3.898329722929684
1791,2018-11-28,0.9061015744264369
1792,2018-11-29,3.979008776255698
1793,2018-11-30,-20.561408231686173
1794,2018-12-01,-43.36960273486421
1795,2018-12-02,5.194552985081436
1796,2018-12-03,51.10663325126775
1797,2018-12-04,12.779639919106373
1798,2018-12-05,-15.429263458344106
1799,2018-12-06,7.534251843277933
1800,2018-12-07,-20.91570557410041
1801,2018-12-08,-39.156624181189194
1802,2018-12-09,0.31435171391484235
1803,2018-12-10,53.77758909813274
1804,2018-12-11,-4.525152591481752
1805,2018-12-12,-2.301399045130386
1806,2018-12-13,-2.1748179660822524
1807,2018-12-14,-11.532199789595236
1808,2018-12-15,-34.477651945177485
1809,2018-12-16,-4.603474725766046
1810,2018-12-17,36.35592574608173
1811,2018-12-18,13.027122426895398
1812,2018-12-19,-2.0341093792411478
1813,2018-12-20,3.094260492160741
1814,2018-12-21,-7.760826302549998
1815,2018-12-22,-32.15000359716673
1816,2018-12-23,-27.839579009303964
1817,2018-12-24,37.886771371450386
1818,2018-12-25,-22.171555473039664
1819,2018-12-26,35.31812366092977
1820,2018-12-27,-2.94406320169007
1821,2018-12-28,-1.5210967132132762
1822,2018-12-29,-38.189832807582015
1823,2018-12-30,-1.794267806438187
1824,2018-12-31,25.116623541672386
1825,2019-01-01,-8.665917313266814
1826,2019-01-02,31.994131862833335
1827,2019-01-03,15.22029902808809
1828,2019-01-04,-13.496828666923184
1829,2019-01-05,-32.41196428940821
1830,2019-01-06,-4.52884210712072
1831,2019-01-07,40.838092163860495
1832,2019-01-08,29.412046131369944
1833,2019-01-09,-18.5449489647944
1834,2019-01-10,8.401352248203452
1835,2019-01-11,-18.09923069662157
1836,2019-01-12,-43.08830516012238
1837,2019-01-13,-3.2071874176247936
1838,2019-01-14,53.87151876672463
1839,2019-01-15,-1.7121764713437684
1840,2019-01-16,2.675305979656191
1841,2019-01-17,-4.553558208433566
1842,2019-01-18,-0.41684253756569195
1843,2019-01-19,-47.11948601990584
1844,2019-01-20,6.196764889251339
1845,2019-01-21,28.30183850822306
1846,2019-01-22,16.21285778469238
1847,2019-01-23,6.302115636174649
1848,2019-01-24,-4.6753051141444795
1849,2019-01-25,-13.882285452819193
1850,2019-01-26,-44.01946236961632
1851,2019-01-27,24.24503634842196
1852,2019-01-28,40.971461203116974
1853,2019-01-29,-12.980154103990792
1854,2019-01-30,10.250638890633292
1855,2019-01-31,4.182320380066352
1856,2019-02-01,-15.918593937350071
1857,2019-02-02,-32.97662689274633
1858,2019-02-03,-7.068306264178492
1859,2019-02-04,35.17760067097669
1860,2019-02-05,20.425457963988077
1861,2019-02-06,-1.5830791161860565
1862,2019-02-07,6.324342066635078
1863,2019-02-08,-14.256986103764728
1864,2019-02-09,-42.32189978350031
1865,2019-02-10,-0.30559340509493704
1866,2019-02-11,44.32027485557911
1867,2019-02-12,8.716090246680734
1868,2019-02-13,3.9649602387515186
1869,2019-02-14,-4.492638211408832
1870,2019-02-15,-21.094626199912977
1871,2019-02-16,-31.510631303780414
1872,2019-02-17,-3.8169262889343467
1873,2019-02-18,26.275703006676213
1874,2019-02-19,38.789802269908066
1875,2019-02-20,-21.153173094118884
1876,2019-02-21,10.067713395348875
1877,2019-02-22,12.246744745695917
1878,2019-02-23,-65.78989381100209
1879,2019-02-24,-2.253885395053759
1880,2019-02-25,59.41469922120967
1881,2019-02-26,3.2218842481997547
1882,2019-02-27,-10.259270828466665
1883,2019-02-28,0.6662661550344223
1884,2019-03-01,-1.4502126119519174
1885,2019-03-02,-58.731745439537825
1886,2019-03-03,27.336158774362
1887,2019-03-04,26.809187164034512
1888,2019-03-05,22.361090792595387
1889,2019-03-06,-9.417792740309268
1890,2019-03-07,-9.453139328270847
1891,2019-03-08,-13.857377672578323
1892,2019-03-09,-39.52553851460218
1893,2019-03-10,7.916724613014969
1894,2019-03-11,50.72183901074491
1895,2019-03-12,6.87852261407847
1896,2019-03-13,-11.000826176114817
1897,2019-03-14,-1.0231256445364048
1898,2019-03-15,-6.0989938435641236
1899,2019-03-16,-48.502802429922376
1900,2019-03-17,18.79409013601666
1901,2019-03-18,36.51516771875394
1902,2019-03-19,9.610743471195425
1903,2019-03-20,1.7593070913461588
1904,2019-03-21,-3.4673517373731446
1905,2019-03-22,-15.069755299496975
1906,2019-03-23,-47.68019097526743
1907,2019-03-24,2.2316070622823334
1908,2019-03-25,50.89011583622076
1909,2019-03-26,1.2988443130394838
1910,2019-03-27,6.207461240841347
1911,2019-03-28,-9.630130015802921
1912,2019-03-29,15.521820631721459
1913,2019-03-30,-53.63858873234172
1914,2019-03-31,-9.309939626683887
1915,2019-04-01,49.425373352532546
1916,2019-04-02,12.588361176534606
1917,2019-04-03,4.385974245473094
1918,2019-04-04,-9.187367428561648
1919,2019-04-05,-15.864725368320723
1920,2019-04-06,-42.65088846259245
1921,2019-04-07,0.7619411076600876
1922,2019-04-08,52.99676736917976
1923,2019-04-09,8.60056241933825
1924,2019-04-10,0.2170716535220485
1925,2019-04-11,1.6835967369138147
1926,2019-04-12,-23.702746131962652
1927,2019-04-13,-48.87296370427592
1928,2019-04-14,12.796250234992
1929,2019-04-15,50.438291737793655
1930,2019-04-16,-10.047798404913568
1931,2019-04-17,13.448806462059414
1932,2019-04-18,-8.540163660004524
1933,2019-04-19,-32.78479990895567
1934,2019-04-20,-20.49776814612253
1935,2019-04-21,3.7921053586983655
1936,2019-04-22,40.2469689337609
1937,2019-04-23,37.36039221221445
1938,2019-04-24,-22.16914408906765
1939,2019-04-25,9.022543628783136
1940,2019-04-26,-18.46490368481512
1941,2019-04-27,-46.965758235279836
1942,2019-04-28,12.939409464629334
1943,2019-04-29,37.42369575887433
1944,2019-04-30,9.178397179624776
1945,2019-05-01,2.031451708744569
1946,2019-05-02,0.9553604499504385
1947,2019-05-03,0.3537326509415894
1948,2019-05-04,-52.99846020816408
1949,2019-05-05,-1.3820356925828259
1950,2019-05-06,57.151844104995284
1951,2019-05-07,10.603411185833803
1952,2019-05-08,-18.942708312895952
1953,2019-05-09,5.803589320823855
1954,2019-05-10,-9.583240580844672
1955,2019-05-11,-53.2866683131668
1956,2019-05-12,0.7280008858644664
1957,2019-05-13,67.98994625055478
1958,2019-05-14,9.546160290990452
1959,2019-05-15,-18.88065705154968
1960,2019-05-16,0.6929947951938805
1961,2019-05-17,-9.12968378864517
1962,2019-05-18,-55.63610230591422
1963,2019-05-19,14.250079657407131
1964,2019-05-20,53.541814442652374
1965,2019-05-21,-6.711736040911045
1966,2019-05-22,-9.589070375361718
1967,2019-05-23,4.412892857784937
1968,2019-05-24,-3.7098773149079527
1969,2019-05-25,-53.89208847948215
1970,2019-05-26,4.676551203536287
1971,2019-05-27,20.11288973271928
1972,2019-05-28,29.83183760008018
1973,2019-05-29,4.443912142445653
1974,2019-05-30,-1.8850655901333204
1975,2019-05-31,-12.034867233378383
1976,2019-06-01,-41.91346138600496
1977,2019-06-02,10.260422263911135
1978,2019-06-03,41.359342150939206
1979,2019-06-04,5.117784924446918
1980,2019-06-05,-2.9363320706928233
1981,2019-06-06,3.6165918750162374
1982,2019-06-07,-19.332150347387188
1983,2019-06-08,-40.22854270278911
1984,2019-06-09,8.432555422048653
1985,2019-06-10,40.200822092211475
1986,2019-06-11,2.7479397196877287
1987,2019-06-12,-0.25425900124386963
1988,2019-06-13,18.70225919387122
1989,2019-06-14,-19.22709240708832
1990,2019-06-15,-48.75631932386124
1991,2019-06-16,10.269585427811563
1992,2019-06-17,36.89905524161472
1993,2019-06-18,0.14778911800382047
1994,2019-06-19,2.882882015366165
1995,2019-06-20,4.192550915917609
1996,2019-06-21,-7.664848914987977
1997,2019-06-22,-47.71367161768353
1998,2019-06-23,6.844568137621053
1999,2019-06-24,33.76424219517416
2000,2019-06-25,10.233757023008026
2001,2019-06-26,-4.474448340513289
2002,2019-06-27,1.634110511573945
2003,2019-06-28,-11.433350397380176
2004,2019-06-29,-38.25268437970129
2005,2019-06-30,5.381804943344729
2006,2019-07-01,39.212943900972306
2007,2019-07-02,-6.195526488258314
2008,2019-07-03,3.4710729599964685
2009,2019-07-04,-15.709098660057663
2010,2019-07-05,11.238441312233132
2011,2019-07-06,-38.64941526288361
2012,2019-07-07,8.125756262134239
2013,2019-07-08,32.730099107888634
2014,2019-07-09,13.63383961603593
2015,2019-07-10,-8.567814928008929
2016,2019-07-11,4.868566137919047
2017,2019-07-12,-14.432804127511998
2018,2019-07-13,-37.40255571343323
2019,2019-07-14,2.004709070533714
2020,2019-07-15,44.04850534044278
2021,2019-07-16,9.669725234525783
2022,2019-07-17,-0.4008854135033695
2023,2019-07-18,-8.841337280650787
2024,2019-07-19,3.460999233492206
2025,2019-07-20,-29.365363855022743
2026,2019-07-21,-5.417837670668377
2027,2019-07-22,34.973842201667125
2028,2019-07-23,-7.13187186258655
2029,2019-07-24,-0.701424765784532
2030,2019-07-25,-0.1911919547877355
2031,2019-07-26,8.041226943798808
2032,2019-07-27,-52.21766483709744
2033,2019-07-28,10.78521871054218
2034,2019-07-29,34.97783548335374
2035,2019-07-30,17.757061066223713
2036,2019-07-31,-0.328866482732653
2037,2019-08-01,-1.8548583794915459
2038,2019-08-02,-14.256612635668274
2039,2019-08-03,-38.07153537473584
2040,2019-08-04,-2.5894799056489326
2041,2019-08-05,48.940875430298966
2042,2019-08-06,14.401182847491691
2043,2019-08-07,-14.363077192744683
2044,2019-08-08,2.269410008484699
2045,2019-08-09,-6.037901769061311
2046,2019-08-10,-43.43600616709576
2047,2019-08-11,13.106173670141063
2048,2019-08-12,30.19844354214747
2049,2019-08-13,13.230102616799904
2050,2019-08-14,-3.858672969093376
2051,2019-08-15,1.2367780563998154
2052,2019-08-16,0.4517187408030354
2053,2019-08-17,-52.31618322425957
2054,2019-08-18,7.910914497366336
2055,2019-08-19,48.22229011930053
2056,2019-08-20,-9.758475616038496
2057,2019-08-21,-4.865722362995237
2058,2019-08-22,-0.6374057654068439
2059,2019-08-23,6.963437474181121
2060,2019-08-24,-53.185140165169386
2061,2019-08-25,12.539123054557601
2062,2019-08-26,40.52678811260641
2063,2019-08-27,4.005714041749907
2064,2019-08-28,9.508771018313498
2065,2019-08-29,3.8677778244266827
2066,2019-08-30,-27.284605300939017
2067,2019-08-31,-39.88966841804934
2068,2019-09-01,-1.126582907563465
2069,2019-09-02,22.825218869196817
2070,2019-09-03,22.549555550279337
2071,2019-09-04,11.061359437354078
2072,2019-09-05,0.2804586490184334
2073,2019-09-06,-9.483290492787333
2074,2019-09-07,-47.39541933420808
2075,2019-09-08,6.2736417319238456
2076,2019-09-09,47.261026464662
2077,2019-09-10,6.832174458816334
2078,2019-09-11,-8.340224413672802
2079,2019-09-12,9.531732912092254
2080,2019-09-13,-8.872563416760288
2081,2019-09-14,-43.198512239435914
2082,2019-09-15,3.414132099719752
2083,2019-09-16,53.453607264443065
2084,2019-09-17,-3.4313571120163924
2085,2019-09-18,6.0554153939816056
2086,2019-09-19,4.817705657877805
2087,2019-09-20,6.219922019846585
2088,2019-09-21,-60.207298320030084
2089,2019-09-22,-5.504937054728152
2090,2019-09-23,48.27941410520205
2091,2019-09-24,14.106191299357352
2092,2019-09-25,-4.796898443081583
2093,2019-09-26,-1.9406487714663119
2094,2019-09-27,-6.01419760882141
2095,2019-09-28,-62.43876213013537
2096,2019-09-29,26.419807514642354
2097,2019-09-30,36.79791689353748
2098,2019-10-01,-5.646824746289727
2099,2019-10-02,-3.7760681898447377
2100,2019-10-03,3.5894625887239036
2101,2019-10-04,-12.09684979012051
2102,2019-10-05,-39.853105427225934
2103,2019-10-06,1.4188574585515792
2104,2019-10-07,43.06449120701779
2105,2019-10-08,-1.5392354667801262
2106,2019-10-09,2.7304225746702255
2107,2019-10-10,4.008836253659202
2108,2019-10-11,-4.935111695720023
2109,2019-10-12,-48.65676362558674
2110,2019-10-13,6.404225837826727
2111,2019-10-14,39.59474281999814
2112,2019-10-15,13.603333740124937
2113,2019-10-16,0.5854037538845106
2114,2019-10-17,9.614526417564859
2115,2019-10-18,-28.626804548814977
2116,2019-10-19,-30.785407077870264
2117,2019-10-20,-3.3385434833712866
2118,2019-10-21,58.87904131221021
2119,2019-10-22,-14.216546704608934
2120,2019-10-23,5.089346869164211
2121,2019-10-24,-8.793827886431895
2122,2019-10-25,9.030078643897243
2123,2019-10-26,-55.492243153876444
2124,2019-10-27,-4.027705114821258
2125,2019-10-28,58.754277075186835
2126,2019-10-29,11.825451051588958
2127,2019-10-30,9.514341688335303
2128,2019-10-31,-15.38196958787281
2129,2019-11-01,-21.413199536548003
2130,2019-11-02,-36.57847800230875
2131,2019-11-03,1.994349473549505
2132,2019-11-04,52.82475233445105
2133,2019-11-05,6.396622539738621
2134,2019-11-06,2.3238436863773413
2135,2019-11-07,2.7819207807561495
2136,2019-11-08,-19.35413894570828
2137,2019-11-09,-52.70229037916228
2138,2019-11-10,5.889541740974185
2139,2019-11-11,38.5851561003851
2140,2019-11-12,9.193178821231838
2141,2019-11-13,3.8976959377848623
2142,2019-11-14,4.39450896861485
2143,2019-11-15,3.5809457302074676
2144,2019-11-16,-62.6596463123397
2145,2019-11-17,18.66212440827302
2146,2019-11-18,42.042505092332696
2147,2019-11-19,16.746247559376375
2148,2019-11-20,-18.821301040041533
2149,2019-11-21,8.309073616322467
2150,2019-11-22,-5.884698530079086
2151,2019-11-23,-57.72865568320375
2152,2019-11-24,3.3807223699852056
2153,2019-11-25,41.43089214773674
2154,2019-11-26,7.042753254129192
2155,2019-11-27,-1.6805314307630954
2156,2019-11-28,-31.94840009621032
2157,2019-11-29,-4.599775095423936
2158,2019-11-30,-19.24597258960048
2159,2019-12-01,4.205822970013827
2160,2019-12-02,44.505047677429374
2161,2019-12-03,12.127129678028188
2162,2019-12-04,6.755910070511135
2163,2019-12-05,-8.196144824751139
2164,2019-12-06,5.283673947689429
2165,2019-12-07,-63.40761884815083
2166,2019-12-08,5.220514641615679
2167,2019-12-09,45.56323557244072
2168,2019-12-10,-2.0203040466128845
2169,2019-12-11,16.60194746235969
2170,2019-12-12,-2.9533551197287156
2171,2019-12-13,-3.4099716698941385
2172,2019-12-14,-58.71743680410619
2173,2019-12-15,3.40709261680283
2174,2019-12-16,58.86027664741892
2175,2019-12-17,-11.288890918426738
2176,2019-12-18,-4.881057208477136
2177,2019-12-19,1.181588392555725
2178,2019-12-20,-8.80804845331467
2179,2019-12-21,-46.96228820947082
2180,2019-12-22,-2.4909086001468257
2181,2019-12-23,51.25687313352609
2182,2019-12-24,-10.807710721162463
2183,2019-12-25,-36.613531755159094
2184,2019-12-26,33.68687387375197
2185,2019-12-27,1.6734763645743387
2186,2019-12-28,-31.51209527922885
2187,2019-12-29,7.580501054637038
2188,2019-12-30,26.32015980786685
2189,2019-12-31,-8.414658226045635
2190,2020-01-01,-20.43652840607579
