,date,first_component
0,2014-01-15,0.20809764252513085
1,2014-01-16,0.5755315372283977
2,2014-01-17,0.32691401071587156
3,2014-01-18,0.49444670496951526
4,2014-01-19,0.46814693043522837
5,2014-01-20,0.6011613963455869
6,2014-01-21,0.78136346926691
7,2014-01-22,0.5271478398173044
8,2014-01-23,0.5083733731427927
9,2014-01-24,0.6169121650888005
10,2014-01-25,0.30979502240475876
11,2014-01-26,0.28380193022881395
12,2014-01-27,0.3114180293515063
13,2014-01-28,0.3208363932047073
14,2014-01-29,0.44399919980683217
15,2014-01-30,0.34739308680333014
16,2014-01-31,0.34561114384452357
17,2014-02-01,0.3989127948697007
18,2014-02-02,0.24357896741298157
19,2014-02-03,0.16376341632289795
20,2014-02-04,0.12549987193684012
21,2014-02-05,0.23318355234790983
22,2014-02-06,0.2251118372871855
23,2014-02-07,0.26034679132689986
24,2014-02-08,0.3684507981127198
25,2014-02-09,0.34762487529199193
26,2014-02-10,0.4618722809258329
27,2014-02-11,0.2954054604288831
28,2014-02-12,0.365026994782239
29,2014-02-13,0.23641114360549406
30,2014-02-14,0.4876770090570073
31,2014-02-15,0.3648954036328844
32,2014-02-16,0.8416211873633579
33,2014-02-17,0.5590315736888003
34,2014-02-18,0.4280280562693515
35,2014-02-19,0.2502521160138678
36,2014-02-20,0.15421464394378157
37,2014-02-21,-0.24474454406801413
38,2014-02-22,-0.10140375867326165
39,2014-02-23,-0.1812430634513665
40,2014-02-24,-0.24030166002698933
41,2014-02-25,0.03369589558004256
42,2014-02-26,-0.30171922243627786
43,2014-02-27,-0.29580282617297093
44,2014-02-28,-0.36706621882739354
45,2014-03-01,-0.1856248485432977
46,2014-03-02,-0.4396608352491488
47,2014-03-03,-0.39412319470632434
48,2014-03-04,-0.351939294563066
49,2014-03-05,-0.26728510595348987
50,2014-03-06,-0.15412424148891962
51,2014-03-07,-0.17709672644117258
52,2014-03-08,-0.21628882652088174
53,2014-03-09,-0.16739248223045952
54,2014-03-10,-0.11957213078189464
55,2014-03-11,-0.23120967939158965
56,2014-03-12,-0.044764382220802944
57,2014-03-13,0.023658149285457244
58,2014-03-14,0.4149233078460432
59,2014-03-15,0.26418682797365967
60,2014-03-16,0.2820200949813605
61,2014-03-17,0.3382970233914858
62,2014-03-18,0.29958840150673544
63,2014-03-19,0.233551815121018
64,2014-03-20,0.2510860870298515
65,2014-03-21,0.3011192500498697
66,2014-03-22,0.12292251767409997
67,2014-03-23,-0.007151166335430524
68,2014-03-24,0.04945763902216839
69,2014-03-25,0.06725564561813736
70,2014-03-26,-0.14991457786572543
71,2014-03-27,-0.08047053190756573
72,2014-03-28,-0.019937831856951447
73,2014-03-29,-0.10893682039852509
74,2014-03-30,-0.16212642922163195
75,2014-03-31,-0.3506023756892382
76,2014-04-01,-0.11084262531576022
77,2014-04-02,-0.262445655414123
78,2014-04-03,-0.14966385615665492
79,2014-04-04,-0.01760795989814289
80,2014-04-05,-0.21274200452144612
81,2014-04-06,0.09468220798000188
82,2014-04-07,-0.22356159079581395
83,2014-04-08,-0.20071389663497932
84,2014-04-09,-0.17424908080195856
85,2014-04-10,-0.20146545334255633
86,2014-04-11,-0.11756934063334529
87,2014-04-12,-0.18428355234287908
88,2014-04-13,-0.07940740996926494
89,2014-04-14,-0.24514911875056616
90,2014-04-15,-0.23770830302830231
91,2014-04-16,-0.1614073214228261
92,2014-04-17,-0.13564378692285525
93,2014-04-18,-0.07397703028519774
94,2014-04-19,-0.009759600330423442
95,2014-04-20,0.02574329233140008
96,2014-04-21,0.042211113555819316
97,2014-04-22,0.01219774737708401
98,2014-04-23,0.1489247828369509
99,2014-04-24,0.06332347642885325
100,2014-04-25,0.07488553300663711
101,2014-04-26,-0.018726556211973652
102,2014-04-27,0.15777297889271885
103,2014-04-28,0.03946377976294038
104,2014-04-29,-0.05623901898088329
105,2014-04-30,-0.0238075434297881
106,2014-05-01,-0.06886817646065428
107,2014-05-02,-0.18243427083201375
108,2014-05-03,-0.08247478861693464
109,2014-05-04,-0.06150367917529265
110,2014-05-05,-0.04516627412466649
111,2014-05-06,0.05249940757778576
112,2014-05-07,0.1810853442383114
113,2014-05-08,-0.22007264079058175
114,2014-05-09,-0.13980713568048356
115,2014-05-10,0.06068693688084466
116,2014-05-11,0.013395582609193863
117,2014-05-12,0.10715232734116215
118,2014-05-13,0.16273898152977884
119,2014-05-14,0.14760437836462587
120,2014-05-15,0.06832449571118385
121,2014-05-16,0.3099039712398461
122,2014-05-17,0.23155166677605904
123,2014-05-18,0.26385109874992196
124,2014-05-19,0.05879782027615773
125,2014-05-20,0.15141291788501332
126,2014-05-21,0.26464137601564697
127,2014-05-22,0.161235724415006
128,2014-05-23,0.21304135556191844
129,2014-05-24,0.25421564434686716
130,2014-05-25,0.3351109702880179
131,2014-05-26,0.4878275952863738
132,2014-05-27,0.12465977123585338
133,2014-05-28,0.4705801820192233
134,2014-05-29,0.29256480012590547
135,2014-05-30,0.19064694695234055
136,2014-05-31,0.29208084127191947
137,2014-06-01,0.27598415570819995
138,2014-06-02,0.5867069774582863
139,2014-06-03,0.5028461667470603
140,2014-06-04,0.5426460615584077
141,2014-06-05,0.6465443360260295
142,2014-06-06,0.5707051458406309
143,2014-06-07,0.23941855995268574
144,2014-06-08,0.13272943786422475
145,2014-06-09,0.05461706181914977
146,2014-06-10,0.012738264094829517
147,2014-06-11,0.25977049623260706
148,2014-06-12,0.06489939900423294
149,2014-06-13,-0.02183167825921662
150,2014-06-14,-0.0847825208131584
151,2014-06-15,-0.11892241054306543
152,2014-06-16,-0.2022980563967291
153,2014-06-17,-0.11790945995976893
154,2014-06-18,0.2550162503646254
155,2014-06-19,0.0664516291155854
156,2014-06-20,0.0700491804646149
157,2014-06-21,0.13863114818082037
158,2014-06-22,0.23223559576093075
159,2014-06-23,0.24016497232941048
160,2014-06-24,0.26416071108170625
161,2014-06-25,0.25341477956417224
162,2014-06-26,0.2980603605744993
163,2014-06-27,0.38215420373017356
164,2014-06-28,0.33013970482610966
165,2014-06-29,0.38630784296368414
166,2014-06-30,0.57296836280671
167,2014-07-01,0.312564954635014
168,2014-07-02,0.24920756506663438
169,2014-07-03,0.06838355358854709
170,2014-07-04,0.042012383490644914
171,2014-07-05,0.0006420809596492807
172,2014-07-06,-0.003497542348375681
173,2014-07-07,-0.09402731871583678
174,2014-07-08,-0.13020776360851083
175,2014-07-09,-0.170883713559188
176,2014-07-10,-0.1555275013373441
177,2014-07-11,-0.03551506961796197
178,2014-07-12,-0.19584443249656122
179,2014-07-13,-0.08165594715492083
180,2014-07-14,-0.30369773186486637
181,2014-07-15,-0.22511797551659007
182,2014-07-16,-0.018424608144901572
183,2014-07-17,-0.3213685966481542
184,2014-07-18,-0.1765641938152994
185,2014-07-19,-0.1097519642703629
186,2014-07-20,-0.11656378641887444
187,2014-07-21,0.005801996614781405
188,2014-07-22,-0.052451477779806875
189,2014-07-23,-0.16609416798212678
190,2014-07-24,-0.20216327733836145
191,2014-07-25,-0.20070810462550298
192,2014-07-26,-0.038146655477094935
193,2014-07-27,0.010218708758801428
194,2014-07-28,0.06844903436822311
195,2014-07-29,0.12376923075819464
196,2014-07-30,0.0639712501582437
197,2014-07-31,0.17027960939415387
198,2014-08-01,0.18102144224150765
199,2014-08-02,0.09321504097951193
200,2014-08-03,0.09760849787620264
201,2014-08-04,0.017398443964348302
202,2014-08-05,0.11762828396865747
203,2014-08-06,0.23135579001507098
204,2014-08-07,0.24436178485564525
205,2014-08-08,0.11256308359250004
206,2014-08-09,0.1097960788384582
207,2014-08-10,0.1649800929834854
208,2014-08-11,0.3369624941752355
209,2014-08-12,0.24389111153058032
210,2014-08-13,0.19372984375280525
211,2014-08-14,0.27214224622391464
212,2014-08-15,0.3138696259684953
213,2014-08-16,0.2988734534899532
214,2014-08-17,0.2742469030246811
215,2014-08-18,0.44510764607819514
216,2014-08-19,0.47312779548246875
217,2014-08-20,0.44884162859455273
218,2014-08-21,0.40348546597698115
219,2014-08-22,0.30461176157582887
220,2014-08-23,0.14844268150060566
221,2014-08-24,0.06126432856789733
222,2014-08-25,0.0551248340477594
223,2014-08-26,0.05346356731355972
224,2014-08-27,0.09934466774357471
225,2014-08-28,0.14031638975641203
226,2014-08-29,0.06415383189072264
227,2014-08-30,-0.015179959818949635
228,2014-08-31,0.06844928163594492
229,2014-09-01,-0.028264661324940567
230,2014-09-02,-0.026898986220406092
231,2014-09-03,0.04623099906810056
232,2014-09-04,0.027776591623136296
233,2014-09-05,0.10485699973677069
234,2014-09-06,0.1860332276958967
235,2014-09-07,0.27665253127343103
236,2014-09-08,0.014784994776213596
237,2014-09-09,-0.03854064219174669
238,2014-09-10,-0.07206817376988815
239,2014-09-11,-0.06983570340027341
240,2014-09-12,0.019417978213383574
241,2014-09-13,0.05367360922142823
242,2014-09-14,0.0598272306405833
243,2014-09-15,0.32094187987156886
244,2014-09-16,0.19643143018096507
245,2014-09-17,0.12164444590885438
246,2014-09-18,0.2071906105753781
247,2014-09-19,0.24032932253556896
248,2014-09-20,-0.0014889177412041087
249,2014-09-21,0.1228018657527157
250,2014-09-22,0.21823080252233756
251,2014-09-23,0.38296627223149143
252,2014-09-24,0.541872846222516
253,2014-09-25,0.6404252216996261
254,2014-09-26,0.42440166510652577
255,2014-09-27,0.42442099693870805
256,2014-09-28,0.1660397984104016
257,2014-09-29,-0.009917868669832085
258,2014-09-30,0.1266705822586532
259,2014-10-01,0.06532762951168371
260,2014-10-02,0.1447943934364162
261,2014-10-03,0.16909441906300712
262,2014-10-04,0.1123385868937346
263,2014-10-05,0.12216191733732287
264,2014-10-06,0.018270339961740725
265,2014-10-07,-0.06245658026113136
266,2014-10-08,0.01746021110161387
267,2014-10-09,0.002151252005888959
268,2014-10-10,-0.03276630135182233
269,2014-10-11,0.04921265641487515
270,2014-10-12,0.06929814810598896
271,2014-10-13,-0.0173630444191573
272,2014-10-14,-0.022693592542072476
273,2014-10-15,-0.08509797203041994
274,2014-10-16,-0.06458199682753961
275,2014-10-17,-0.06768031111133298
276,2014-10-18,-0.09712065504384151
277,2014-10-19,-0.05628793621288499
278,2014-10-20,0.0983240260135266
279,2014-10-21,0.1308151711525922
280,2014-10-22,0.18827350503068377
281,2014-10-23,0.1626331602270111
282,2014-10-24,0.15696960883827243
283,2014-10-25,0.04833965755696878
284,2014-10-26,0.027374979628901484
285,2014-10-27,0.08081019450920215
286,2014-10-28,0.17715536844635685
287,2014-10-29,0.22130798706171503
288,2014-10-30,0.21574643092491322
289,2014-10-31,0.21064979478331536
290,2014-11-01,0.30428875803615685
291,2014-11-02,0.4447488959387329
292,2014-11-03,0.35062972396097764
293,2014-11-04,0.28485101949722147
294,2014-11-05,0.3181003512140694
295,2014-11-06,0.21694319958616792
296,2014-11-07,0.21034050544192465
297,2014-11-08,0.32252163649269094
298,2014-11-09,0.30673056585040287
299,2014-11-10,0.1713375548081584
300,2014-11-11,0.3548762445088704
301,2014-11-12,0.3318544787179527
302,2014-11-13,0.62456920889104
303,2014-11-14,0.4851838391206719
304,2014-11-15,0.4499607644465119
305,2014-11-16,0.3787567502225809
306,2014-11-17,0.3744610722909435
307,2014-11-18,0.524758824875751
308,2014-11-19,0.5202179866760501
309,2014-11-20,0.4643355847758199
310,2014-11-21,0.4212496702759496
311,2014-11-22,0.4707943550557685
312,2014-11-23,0.6300703452927131
313,2014-11-24,1.103090765059018
314,2014-11-25,0.9693937783218834
315,2014-11-26,1.0210156572716909
316,2014-11-27,0.4145610110782603
317,2014-11-28,0.46111164473549315
318,2014-11-29,0.47678017700715714
319,2014-11-30,0.6655338168476037
320,2014-12-01,0.5731179474914783
321,2014-12-02,0.9703547252497084
322,2014-12-03,0.8140600007714455
323,2014-12-04,0.7331086125007485
324,2014-12-05,0.6658165598106295
325,2014-12-06,0.5379380022286245
326,2014-12-07,0.39671031476132895
327,2014-12-08,0.33906828132960115
328,2014-12-09,0.22924769003841367
329,2014-12-10,0.21870305561160927
330,2014-12-11,0.23297343738867807
331,2014-12-12,0.31005895978596454
332,2014-12-13,0.17715466876435204
333,2014-12-14,0.10370110849815473
334,2014-12-15,0.10760764490915989
335,2014-12-16,0.158577341945608
336,2014-12-17,0.16218751725017408
337,2014-12-18,0.1019125588873619
338,2014-12-19,0.1894384305275435
339,2014-12-20,0.2404581426521892
340,2014-12-21,0.13475525328505378
341,2014-12-22,0.14450252319799212
342,2014-12-23,0.27546709109070655
343,2014-12-24,0.28120547800807777
344,2014-12-25,0.23053523692870903
345,2014-12-26,0.19649524176813798
346,2014-12-27,0.16420531717772577
347,2014-12-28,0.1882839902695682
348,2014-12-29,0.168353504180677
349,2014-12-30,0.16653411238676544
350,2014-12-31,0.06231705318343254
351,2015-01-01,-0.01301373102793177
352,2015-01-02,0.04198548144287689
353,2015-01-03,0.036096230512031806
354,2015-01-04,0.08250809983745333
355,2015-01-05,0.10417835331592176
356,2015-01-06,0.04624036430658957
357,2015-01-07,-0.021752115117707103
358,2015-01-08,-0.0010812728295465203
359,2015-01-09,0.14706279245212606
360,2015-01-10,0.2654448967502696
361,2015-01-11,0.14149357514204902
362,2015-01-12,-0.021677356524080944
363,2015-01-13,-0.17657530941887192
364,2015-01-14,0.014857058746197154
365,2015-01-15,-0.018206054128087065
366,2015-01-16,0.019880554026322116
367,2015-01-17,0.019080039757429824
368,2015-01-18,-0.03263992505315535
369,2015-01-19,0.06593743604891246
370,2015-01-20,0.13710265093492596
371,2015-01-21,0.02390096383056869
372,2015-01-22,0.11567622689821667
373,2015-01-23,0.03347472056069227
374,2015-01-24,0.10091014982721815
375,2015-01-25,0.23162477743402715
376,2015-01-26,0.23121807962848107
377,2015-01-27,0.10302213089045395
378,2015-01-28,0.1847269094605577
379,2015-01-29,0.29174062231505016
380,2015-01-30,0.24405796322352338
381,2015-01-31,0.27319284431712704
382,2015-02-01,0.3976018092659449
383,2015-02-02,0.4214149898566343
384,2015-02-03,0.11653570949539305
385,2015-02-04,0.2333497057476874
386,2015-02-05,0.18686609402842316
387,2015-02-06,0.16761674142936464
388,2015-02-07,0.2175034365259391
389,2015-02-08,0.22600934003137063
390,2015-02-09,0.40574769451608683
391,2015-02-10,0.3602591112764773
392,2015-02-11,0.5320343628744943
393,2015-02-12,0.34553272913720806
394,2015-02-13,0.405137115199111
395,2015-02-14,0.30014274506013927
396,2015-02-15,0.30100155159224656
397,2015-02-16,0.11852019376608677
398,2015-02-17,0.20195368199151745
399,2015-02-18,0.2570078090339271
400,2015-02-19,0.31247345321433906
401,2015-02-20,0.25330869238004466
402,2015-02-21,0.26190703915726343
403,2015-02-22,0.327494648368668
404,2015-02-23,0.4842596112241973
405,2015-02-24,0.5779008270387718
406,2015-02-25,0.3331433605674149
407,2015-02-26,0.4852701055087033
408,2015-02-27,0.3988154108252568
409,2015-02-28,0.34868288020672233
410,2015-03-01,0.46790622408393445
411,2015-03-02,-0.0069859428460671185
412,2015-03-03,0.05142260840521888
413,2015-03-04,0.05083385447487428
414,2015-03-05,0.017921653787881606
415,2015-03-06,0.09005000158760451
416,2015-03-07,0.21378577911453084
417,2015-03-08,0.01810367607220446
418,2015-03-09,0.023483914804825135
419,2015-03-10,0.010337809605952738
420,2015-03-11,0.051141116191764015
421,2015-03-12,0.03143582862861795
422,2015-03-13,0.14232073290534708
423,2015-03-14,-0.05319865591396299
424,2015-03-15,-0.06796428825554203
425,2015-03-16,-0.11825747470295116
426,2015-03-17,0.18222499448194426
427,2015-03-18,0.2044491725461508
428,2015-03-19,0.2153939339365352
429,2015-03-20,0.18474367973245318
430,2015-03-21,0.15524142817133976
431,2015-03-22,0.17756257863482508
432,2015-03-23,0.16927836675979763
433,2015-03-24,0.14487641349815045
434,2015-03-25,-0.06222685149037223
435,2015-03-26,0.037086959542304745
436,2015-03-27,0.09779554511990964
437,2015-03-28,0.16583628961782457
438,2015-03-29,0.17833621460785884
439,2015-03-30,0.3148152478239789
440,2015-03-31,0.3050915735036891
441,2015-04-01,0.31968316952403536
442,2015-04-02,0.2138998830079588
443,2015-04-03,0.37020931770270815
444,2015-04-04,0.13894924789922034
445,2015-04-05,0.14335254239771794
446,2015-04-06,0.11552239973936143
447,2015-04-07,0.07993778621314125
448,2015-04-08,0.07984473396754832
449,2015-04-09,0.14632720071620695
450,2015-04-10,0.13098931404071934
451,2015-04-11,0.19796019397940984
452,2015-04-12,0.21811337013373805
453,2015-04-13,0.1472274468917331
454,2015-04-14,0.21055266282241608
455,2015-04-15,0.3523469659709836
456,2015-04-16,0.16431062540121816
457,2015-04-17,0.30170505433713735
458,2015-04-18,0.5249212542086928
459,2015-04-19,0.4214438097727281
460,2015-04-20,0.5745130353703292
461,2015-04-21,0.6443078262668501
462,2015-04-22,0.5805237870575801
463,2015-04-23,0.41032882169205187
464,2015-04-24,0.3088580576401671
465,2015-04-25,0.30955276667710013
466,2015-04-26,0.268009251865917
467,2015-04-27,0.22699576683393544
468,2015-04-28,0.1696977896561628
469,2015-04-29,0.19854763301894476
470,2015-04-30,0.14440960587561752
471,2015-05-01,-0.04741692689448461
472,2015-05-02,0.06906821995814824
473,2015-05-03,0.07942468615148239
474,2015-05-04,0.09034537532748378
475,2015-05-05,0.10320014936257628
476,2015-05-06,0.16654786695875676
477,2015-05-07,0.22859778360046865
478,2015-05-08,0.027500575818128512
479,2015-05-09,-0.020644731911501936
480,2015-05-10,0.03535621859462503
481,2015-05-11,0.12726243570945334
482,2015-05-12,0.04222133972396054
483,2015-05-13,0.06127001221951125
484,2015-05-14,0.20537625660389602
485,2015-05-15,0.14602444839014053
486,2015-05-16,0.20365015882898535
487,2015-05-17,0.19141976701558322
488,2015-05-18,0.12835055362789108
489,2015-05-19,0.08911042553310888
490,2015-05-20,0.08175987426964101
491,2015-05-21,0.19578386138958906
492,2015-05-22,0.30020278599092454
493,2015-05-23,0.4470900130901719
494,2015-05-24,0.3869420751248163
495,2015-05-25,0.467489430547014
496,2015-05-26,0.5419425996018602
497,2015-05-27,0.39051347403913794
498,2015-05-28,0.2392095630220487
499,2015-05-29,0.3242224919546823
500,2015-05-30,0.3442556810486426
501,2015-05-31,0.4612905875699435
502,2015-06-01,0.40641239145907126
503,2015-06-02,0.42154561875546936
504,2015-06-03,0.3534322281658765
505,2015-06-04,0.32106316125738
506,2015-06-05,0.34607085700412543
507,2015-06-06,0.30589947442395776
508,2015-06-07,0.39854505846258925
509,2015-06-08,0.30654316433474665
510,2015-06-09,0.5170424074010662
511,2015-06-10,0.39120612581461284
512,2015-06-11,0.3641542835434771
513,2015-06-12,0.4039083962546935
514,2015-06-13,0.3616974186386918
515,2015-06-14,0.5847363408822353
516,2015-06-15,0.5327844298894219
517,2015-06-16,0.6673481975633234
518,2015-06-17,0.742730148742463
519,2015-06-18,0.7406220080659631
520,2015-06-19,0.675757227911866
521,2015-06-20,0.5762472732487873
522,2015-06-21,0.4982069656737715
523,2015-06-22,0.8595268316094415
524,2015-06-23,0.8092542514528854
525,2015-06-24,0.7301070504747132
526,2015-06-25,0.621309751011141
527,2015-06-26,0.5444696285628019
528,2015-06-27,0.4262035256099952
529,2015-06-28,0.5197100068360536
530,2015-06-29,0.24102792820483762
531,2015-06-30,0.3528961143667011
532,2015-07-01,0.42051857948605265
533,2015-07-02,0.3510786824598337
534,2015-07-03,0.36194836020920457
535,2015-07-04,0.3036612067995768
536,2015-07-05,0.426024255968723
537,2015-07-06,0.4672506057276032
538,2015-07-07,0.4652375186313519
539,2015-07-08,0.15104199426448373
540,2015-07-09,0.3634554399557666
541,2015-07-10,0.34259391996299304
542,2015-07-11,0.43193984740066865
543,2015-07-12,0.38571702112661754
544,2015-07-13,0.3635265100310318
545,2015-07-14,0.3252743169112781
546,2015-07-15,0.2245207200475046
547,2015-07-16,0.16954276537623297
548,2015-07-17,0.22888525661183212
549,2015-07-18,0.4603844519972479
550,2015-07-19,0.165090316710614
551,2015-07-20,0.11892854104840028
552,2015-07-21,0.09896097084154461
553,2015-07-22,0.10044295105027015
554,2015-07-23,0.32728191287895386
555,2015-07-24,0.21956337757492472
556,2015-07-25,0.28475237366154843
557,2015-07-26,0.33769411470946176
558,2015-07-27,0.18638577206258078
559,2015-07-28,0.30495072063671913
560,2015-07-29,0.2143405986894459
561,2015-07-30,0.3188585154230135
562,2015-07-31,0.40867856258278473
563,2015-08-01,0.36005696134467474
564,2015-08-02,0.6066131318699542
565,2015-08-03,0.4982105998266293
566,2015-08-04,0.582165498912589
567,2015-08-05,0.4900007452026722
568,2015-08-06,0.45398621093527136
569,2015-08-07,0.46091149743481835
570,2015-08-08,0.5642790179833511
571,2015-08-09,0.38845180985228855
572,2015-08-10,0.3372247068913457
573,2015-08-11,0.49280476881468344
574,2015-08-12,0.3798956860869525
575,2015-08-13,0.4822696655749339
576,2015-08-14,0.4409411096537427
577,2015-08-15,0.4872367897061537
578,2015-08-16,0.41558854293473974
579,2015-08-17,0.3743465277075909
580,2015-08-18,0.3810885329269093
581,2015-08-19,0.44277654377678827
582,2015-08-20,0.1341459818036233
583,2015-08-21,0.17798168926955174
584,2015-08-22,0.20797918829864984
585,2015-08-23,0.2598868426909784
586,2015-08-24,0.29429971067365596
587,2015-08-25,0.3689694568726296
588,2015-08-26,0.34386458046060425
589,2015-08-27,0.2808412562174872
590,2015-08-28,0.2197075764471722
591,2015-08-29,0.12127477878066695
592,2015-08-30,0.15296907102085705
593,2015-08-31,0.14887151095452564
594,2015-09-01,0.14653503735915982
595,2015-09-02,0.031515943091908596
596,2015-09-03,0.07977072576826223
597,2015-09-04,-0.007430319484551836
598,2015-09-05,0.030007683672395553
599,2015-09-06,0.0015554041685562883
600,2015-09-07,-0.020463469862812136
601,2015-09-08,-0.09377497443507281
602,2015-09-09,0.020338410439519426
603,2015-09-10,0.06440333328238118
604,2015-09-11,0.043939638523492815
605,2015-09-12,0.05518495496036766
606,2015-09-13,0.034719185030380524
607,2015-09-14,0.05697487900375443
608,2015-09-15,0.2037857756673069
609,2015-09-16,0.2661490145521732
610,2015-09-17,0.43548476598528496
611,2015-09-18,0.4905240277075655
612,2015-09-19,0.3402980043236365
613,2015-09-20,0.32845078628574986
614,2015-09-21,0.3506970484538239
615,2015-09-22,0.28249566638431967
616,2015-09-23,0.1521535064992486
617,2015-09-24,-0.03516044223650457
618,2015-09-25,0.0602694218960155
619,2015-09-26,0.05273908751151152
620,2015-09-27,0.0648478536932924
621,2015-09-28,0.09102609242024218
622,2015-09-29,-0.0028526435122362063
623,2015-09-30,-0.008215689816811204
624,2015-10-01,0.035004206903152396
625,2015-10-02,-0.07337345583954878
626,2015-10-03,-0.038185951723382044
627,2015-10-04,0.1307374745187986
628,2015-10-05,-0.09075671249328701
629,2015-10-06,-0.04966012600410983
630,2015-10-07,0.04756101093962898
631,2015-10-08,0.14178455549758445
632,2015-10-09,0.12499423917424698
633,2015-10-10,0.1814026016012122
634,2015-10-11,0.266892499686951
635,2015-10-12,0.40667609642011215
636,2015-10-13,0.4895828894429995
637,2015-10-14,0.49325731981116155
638,2015-10-15,0.48722010223636764
639,2015-10-16,0.5081413318847907
640,2015-10-17,0.43042716174125095
641,2015-10-18,0.4965450283285891
642,2015-10-19,0.6905212378492586
643,2015-10-20,0.5766206152074853
644,2015-10-21,0.573481440093821
645,2015-10-22,0.5946279738316367
646,2015-10-23,0.6006552906089785
647,2015-10-24,0.6175909444629877
648,2015-10-25,0.518324223241376
649,2015-10-26,0.6238227004833912
650,2015-10-27,0.3874770511081707
651,2015-10-28,0.40051822712300783
652,2015-10-29,0.23148498914382362
653,2015-10-30,0.14063742498717083
654,2015-10-31,0.3524276865283314
655,2015-11-01,0.28175114439015003
656,2015-11-02,0.19457152679559978
657,2015-11-03,0.269088922628547
658,2015-11-04,0.3009576602834742
659,2015-11-05,0.26708001129645365
660,2015-11-06,0.36915271107389147
661,2015-11-07,0.13765136206344283
662,2015-11-08,-0.014847865768430182
663,2015-11-09,0.018979288191549766
664,2015-11-10,-0.19887961110802171
665,2015-11-11,-0.12599656362942524
666,2015-11-12,-0.03792943571966649
667,2015-11-13,-0.06494691029506187
668,2015-11-14,0.018948367425218382
669,2015-11-15,0.055579118721275855
670,2015-11-16,0.08976534639977249
671,2015-11-17,0.10018882642348445
672,2015-11-18,0.09635557815111347
673,2015-11-19,-0.10791682895194708
674,2015-11-20,0.0035052074454360494
675,2015-11-21,0.12175891776618385
676,2015-11-22,0.20517179042061898
677,2015-11-23,0.24166306700753623
678,2015-11-24,0.18482492059282876
679,2015-11-25,0.15648124008750788
680,2015-11-26,0.19018264766373827
681,2015-11-27,0.2514669866206446
682,2015-11-28,0.20083937267830645
683,2015-11-29,0.11344083008763055
684,2015-11-30,0.04910367293248105
685,2015-12-01,0.027051753710801454
686,2015-12-02,-0.009503941849710228
687,2015-12-03,-0.026669804236405106
688,2015-12-04,0.1785073406426638
689,2015-12-05,0.23255835635990674
690,2015-12-06,0.15194446933671968
691,2015-12-07,0.18214969836915107
692,2015-12-08,0.2785058736142596
693,2015-12-09,0.2790550645865306
694,2015-12-10,0.1686955748840503
695,2015-12-11,0.22846050929059952
696,2015-12-12,0.17302985474124305
697,2015-12-13,0.2766764440478549
698,2015-12-14,0.3598921093421121
699,2015-12-15,0.22371243818293576
700,2015-12-16,0.22629643135087496
701,2015-12-17,0.014438034554946317
702,2015-12-18,0.11107104578749005
703,2015-12-19,0.18323644847245046
704,2015-12-20,0.18934694953856676
705,2015-12-21,0.26003503163023267
706,2015-12-22,0.22272637000180542
707,2015-12-23,0.1566784724424953
708,2015-12-24,0.1233390421957921
709,2015-12-25,0.10043820450877285
710,2015-12-26,0.2812651450151833
711,2015-12-27,0.06047225448113984
712,2015-12-28,0.024037299186593544
713,2015-12-29,0.04396739653080331
714,2015-12-30,0.14811450868998008
715,2015-12-31,0.06751300652773712
716,2016-01-01,0.07503193846145234
717,2016-01-02,0.012131533221198507
718,2016-01-03,-0.053595305529174686
719,2016-01-04,-0.20725399383606885
720,2016-01-05,-0.24836063994291308
721,2016-01-06,-0.17575249100940724
722,2016-01-07,-0.23073406283597475
723,2016-01-08,-0.17476315082176108
724,2016-01-09,-0.0580642172390034
725,2016-01-10,-0.10221341682174612
726,2016-01-11,-0.016615104341808615
727,2016-01-12,-0.0001330365129202615
728,2016-01-13,-0.00521802051820701
729,2016-01-14,0.08874777116558062
730,2016-01-15,0.07307186717868452
731,2016-01-16,0.19483594660018455
732,2016-01-17,0.2163139963289673
733,2016-01-18,0.25068554461363596
734,2016-01-19,0.2415714856055942
735,2016-01-20,0.28748490101970714
736,2016-01-21,0.3059860172723979
737,2016-01-22,0.22657373193263694
738,2016-01-23,0.18723701108840593
739,2016-01-24,0.40453413169176017
740,2016-01-25,0.2946656639138687
741,2016-01-26,0.27897115016358465
742,2016-01-27,0.23241670660070532
743,2016-01-28,0.2883361562895382
744,2016-01-29,0.20526988316095665
745,2016-01-30,0.2814966589310549
746,2016-01-31,0.18413038081456226
747,2016-02-01,0.2328361481690778
748,2016-02-02,0.2527296260043199
749,2016-02-03,0.18396928205795635
750,2016-02-04,0.14748913365644506
751,2016-02-05,0.06916941916933511
752,2016-02-06,0.02688405551529809
753,2016-02-07,0.09143792797465815
754,2016-02-08,0.1113498517025213
755,2016-02-09,0.09678910718783934
756,2016-02-10,0.11021087349490195
757,2016-02-11,0.0866368160898033
758,2016-02-12,0.16165610188068832
759,2016-02-13,0.10440302660228129
760,2016-02-14,0.1226458042883791
761,2016-02-15,0.22922579910399035
762,2016-02-16,0.17451442033565548
763,2016-02-17,0.26078338708853976
764,2016-02-18,0.2196769643242304
765,2016-02-19,0.33476792149616036
766,2016-02-20,0.4101098544654834
767,2016-02-21,0.4580974041496206
768,2016-02-22,0.5580312458184589
769,2016-02-23,0.5182990097465454
770,2016-02-24,0.5178782561932281
771,2016-02-25,0.5552637822793368
772,2016-02-26,0.39205797201601356
773,2016-02-27,0.4121620366734733
774,2016-02-28,0.4815942952137561
775,2016-02-29,0.3319770257886323
776,2016-03-01,0.21487674081834843
777,2016-03-02,0.3143459385823676
778,2016-03-03,0.22915303417015298
779,2016-03-04,0.17087593894026237
780,2016-03-05,0.11966456887388684
781,2016-03-06,0.06276696010953678
782,2016-03-07,0.12277440643388626
783,2016-03-08,0.3600952213110797
784,2016-03-09,0.1938191953285356
785,2016-03-10,0.14252577879403652
786,2016-03-11,0.16057263380654374
787,2016-03-12,0.12985516325300298
788,2016-03-13,0.22242177416178602
789,2016-03-14,0.298420739009131
790,2016-03-15,0.18281811492170624
791,2016-03-16,0.4695924771918572
792,2016-03-17,0.3003058063527713
793,2016-03-18,0.3881314132421809
794,2016-03-19,0.3066083842105071
795,2016-03-20,0.306810084693571
796,2016-03-21,0.4060652447611696
797,2016-03-22,0.38859013391510183
798,2016-03-23,0.32474536174636587
799,2016-03-24,0.42840377011076614
800,2016-03-25,0.2029261901286653
801,2016-03-26,0.0953530734958219
802,2016-03-27,0.03116163238856645
803,2016-03-28,-0.04788303345117194
804,2016-03-29,-0.02927775497469642
805,2016-03-30,-0.17532029089334866
806,2016-03-31,-0.07056065010311541
807,2016-04-01,-0.05497202415821731
808,2016-04-02,-0.059786236586128104
809,2016-04-03,0.001093229427798044
810,2016-04-04,-0.0284741339625706
811,2016-04-05,-0.018645588545180683
812,2016-04-06,0.028201650714224875
813,2016-04-07,-0.10569540798141225
814,2016-04-08,-0.07221207153827401
815,2016-04-09,0.04779026405358526
816,2016-04-10,-0.020934999133259812
817,2016-04-11,-0.00021937900733243608
818,2016-04-12,0.18496185828033918
819,2016-04-13,0.23818340212827488
820,2016-04-14,0.30101510220465655
821,2016-04-15,0.2934737609870721
822,2016-04-16,0.18542762131980695
823,2016-04-17,0.17315841567117016
824,2016-04-18,0.2604596889349208
825,2016-04-19,0.11698850382527992
826,2016-04-20,0.20650414497321898
827,2016-04-21,0.3290385386102416
828,2016-04-22,0.2974498161819791
829,2016-04-23,0.3091270055202164
830,2016-04-24,0.3095433934574183
831,2016-04-25,0.12453239796777878
832,2016-04-26,0.16245551662316615
833,2016-04-27,0.1552836862473295
834,2016-04-28,0.060444298049515205
835,2016-04-29,-0.02374944503732502
836,2016-04-30,0.012518790406579673
837,2016-05-01,0.046388400378600314
838,2016-05-02,0.09799236400124335
839,2016-05-03,0.10714654083310415
840,2016-05-04,0.16965026384425752
841,2016-05-05,0.05342508606671773
842,2016-05-06,-0.04405088751463603
843,2016-05-07,-0.038447396240303494
844,2016-05-08,-0.03194207803008007
845,2016-05-09,0.11445294582359898
846,2016-05-10,0.08622388636418749
847,2016-05-11,-0.2116404400771794
848,2016-05-12,-0.0903673846711599
849,2016-05-13,0.025836165389463296
850,2016-05-14,0.024555444654002223
851,2016-05-15,0.02359898858563943
852,2016-05-16,0.002163071925840906
853,2016-05-17,-0.07623851764109937
854,2016-05-18,-0.08058115297947897
855,2016-05-19,-0.07028696643158051
856,2016-05-20,-0.05580702304255012
857,2016-05-21,-0.011471912461348455
858,2016-05-22,0.05736539668414998
859,2016-05-23,0.09346979129730784
860,2016-05-24,0.13448925184324378
861,2016-05-25,0.26475203799595975
862,2016-05-26,0.3371542601043371
863,2016-05-27,-0.1074525283522286
864,2016-05-28,-0.021564786574571115
865,2016-05-29,0.048301497881192854
866,2016-05-30,0.22863401620995705
867,2016-05-31,0.15431952037382463
868,2016-06-01,0.115806730865951
869,2016-06-02,0.25626214638763395
870,2016-06-03,0.2093322015206327
871,2016-06-04,0.20921044729884106
872,2016-06-05,0.10912756725956725
873,2016-06-06,0.15940552334184102
874,2016-06-07,0.12511945311289513
875,2016-06-08,0.24019846588728483
876,2016-06-09,0.1249799288767138
877,2016-06-10,-0.008179937302352685
878,2016-06-11,0.20890269472031342
879,2016-06-12,0.32642892309611476
880,2016-06-13,0.3243920414777503
881,2016-06-14,0.3191899241731457
882,2016-06-15,0.26919874263543003
883,2016-06-16,0.33725210159886604
884,2016-06-17,0.2983530492455092
885,2016-06-18,0.3465672548113648
886,2016-06-19,0.36205864158045964
887,2016-06-20,0.4044300052494579
888,2016-06-21,0.3303581029377316
889,2016-06-22,0.35244497158597393
890,2016-06-23,0.39381740978435287
891,2016-06-24,0.4158889988159074
892,2016-06-25,0.533750544242303
893,2016-06-26,0.5768372766851458
894,2016-06-27,0.38444091560939486
895,2016-06-28,0.4670105248230258
896,2016-06-29,0.5174636317703663
897,2016-06-30,0.3644496957740367
898,2016-07-01,0.380276790182377
899,2016-07-02,0.29442345262332215
900,2016-07-03,0.17262226895927393
901,2016-07-04,0.2724772664577013
902,2016-07-05,0.387399212718778
903,2016-07-06,0.26176575930951257
904,2016-07-07,0.21846769976110642
905,2016-07-08,0.07117690661587855
906,2016-07-09,0.07640432230944022
907,2016-07-10,-0.15929186152341784
908,2016-07-11,-0.23933583934604977
909,2016-07-12,-0.058451035361261804
910,2016-07-13,-0.1983689372955133
911,2016-07-14,-0.15985820176528548
912,2016-07-15,-0.2335408875235521
913,2016-07-16,-0.16839489417610265
914,2016-07-17,-0.22537852417783796
915,2016-07-18,-0.13802875291021363
916,2016-07-19,-0.13986754887052136
917,2016-07-20,-0.19567496757519906
918,2016-07-21,-0.08680871054246073
919,2016-07-22,0.02362978345682125
920,2016-07-23,-0.0688080425155303
921,2016-07-24,-0.0608457112242218
922,2016-07-25,0.0015386625190943282
923,2016-07-26,0.11380838566094893
924,2016-07-27,0.23293628876671313
925,2016-07-28,0.2086022997714329
926,2016-07-29,0.32688583225949286
927,2016-07-30,0.3715009574671247
928,2016-07-31,0.6379401136419218
929,2016-08-01,0.6051325844189951
930,2016-08-02,0.587557292113129
931,2016-08-03,0.5133596570327732
932,2016-08-04,0.6531207025274905
933,2016-08-05,0.5848501805849782
934,2016-08-06,0.6182853890719514
935,2016-08-07,0.44763502202816396
936,2016-08-08,0.4703231946549299
937,2016-08-09,0.24336316161710914
938,2016-08-10,0.13004225592819013
939,2016-08-11,0.25060194213367915
940,2016-08-12,0.20181198003230744
941,2016-08-13,0.11758249413762667
942,2016-08-14,0.031099325735249712
943,2016-08-15,-0.11317929518399225
944,2016-08-16,-0.09255128113719713
945,2016-08-17,0.022808913050694428
946,2016-08-18,0.027016448492295026
947,2016-08-19,0.016843813927040045
948,2016-08-20,0.029200905677523044
949,2016-08-21,0.03508014329209028
950,2016-08-22,0.13765225287287536
951,2016-08-23,0.23163585384573016
952,2016-08-24,0.286657666758915
953,2016-08-25,-0.28047512884677356
954,2016-08-26,-0.13012452722061912
955,2016-08-27,-0.04201144507571539
956,2016-08-28,0.008156234085271134
957,2016-08-29,-0.0023685683023535755
958,2016-08-30,0.08038772907700663
959,2016-08-31,-0.10204494063092949
960,2016-09-01,-0.0917532758001476
961,2016-09-02,-0.10258848692121368
962,2016-09-03,-0.02041636359986996
963,2016-09-04,-0.11391585530318055
964,2016-09-05,-0.06375878157878138
965,2016-09-06,-0.2116676509826779
966,2016-09-07,-0.17618448951883522
967,2016-09-08,-0.21396909258344549
968,2016-09-09,0.34834868318854767
969,2016-09-10,0.4247411673710431
970,2016-09-11,0.35128949649659014
971,2016-09-12,0.3094815816541466
972,2016-09-13,0.36645293204597934
973,2016-09-14,0.26649808744226255
974,2016-09-15,0.13959193909339263
975,2016-09-16,0.20916930002250708
976,2016-09-17,0.18678524764835952
977,2016-09-18,0.2252596154159887
978,2016-09-19,0.3288469213132509
979,2016-09-20,0.3673473210252285
980,2016-09-21,0.06276876777874793
981,2016-09-22,0.16333130433504117
982,2016-09-23,0.17775874795904728
983,2016-09-24,0.23039306935244666
984,2016-09-25,0.08833614012193627
985,2016-09-26,0.0955896993422165
986,2016-09-27,0.025431213887972585
987,2016-09-28,0.08287055043262667
988,2016-09-29,0.09860471988600075
989,2016-09-30,0.08765686196979273
990,2016-10-01,-0.06958500005654751
991,2016-10-02,-0.08955657849815807
992,2016-10-03,-0.12449889278083717
993,2016-10-04,-0.14590922830351918
994,2016-10-05,-0.19772669353150615
995,2016-10-06,-0.0014318144898227904
996,2016-10-07,0.24798792747030404
997,2016-10-08,0.00554412557190926
998,2016-10-09,0.11119639159491146
999,2016-10-10,0.04644209949049582
1000,2016-10-11,0.042552559995367986
1001,2016-10-12,0.05012355821750861
1002,2016-10-13,0.028291626687346555
1003,2016-10-14,0.036374179697146826
1004,2016-10-15,0.05786553339756772
1005,2016-10-16,0.09464524007065227
1006,2016-10-17,0.11671387677927314
1007,2016-10-18,0.16099154982641167
1008,2016-10-19,0.14253553380886078
1009,2016-10-20,0.14864433103317093
1010,2016-10-21,0.11617030448420097
1011,2016-10-22,0.18703299277741747
1012,2016-10-23,0.2989321186027306
1013,2016-10-24,0.3536625674515086
1014,2016-10-25,0.3243633489796629
1015,2016-10-26,0.25150092598664525
1016,2016-10-27,0.2653624713599255
1017,2016-10-28,0.22606297971023678
1018,2016-10-29,0.12004843428029893
1019,2016-10-30,0.3957522422512728
1020,2016-10-31,0.18511764660761532
1021,2016-11-01,0.23213161211652517
1022,2016-11-02,0.3840557693619404
1023,2016-11-03,0.3592910751150031
1024,2016-11-04,0.23250380487106728
1025,2016-11-05,0.25133628155600235
1026,2016-11-06,0.16356388349089104
1027,2016-11-07,0.1716374191768681
1028,2016-11-08,-0.009497514328294916
1029,2016-11-09,-0.02079516801290636
1030,2016-11-10,-0.07482125094845364
1031,2016-11-11,-0.02215731186045971
1032,2016-11-12,0.028810658731331602
1033,2016-11-13,0.1526187301866901
1034,2016-11-14,0.11277016038459295
1035,2016-11-15,0.12870748854255235
1036,2016-11-16,0.17069396441054033
1037,2016-11-17,0.2380298743470611
1038,2016-11-18,0.05976585110838912
1039,2016-11-19,0.020990156566870376
1040,2016-11-20,0.0903058893502331
1041,2016-11-21,0.09849326258068643
1042,2016-11-22,0.2512575642590352
1043,2016-11-23,0.18902907493909826
1044,2016-11-24,0.15423517128264314
1045,2016-11-25,0.19263561451246694
1046,2016-11-26,0.15629126884149866
1047,2016-11-27,0.1471231484823847
1048,2016-11-28,0.18993395512002612
1049,2016-11-29,0.22767114159842983
1050,2016-11-30,-0.005591894509998464
1051,2016-12-01,0.08290354250897777
1052,2016-12-02,0.3098454252562307
1053,2016-12-03,0.2599689814389811
1054,2016-12-04,0.24859410467496423
1055,2016-12-05,0.37699253941746447
1056,2016-12-06,0.360689374461265
1057,2016-12-07,0.37721923017153686
1058,2016-12-08,0.3374539675419156
1059,2016-12-09,0.2289544912214665
1060,2016-12-10,0.16740728724490334
1061,2016-12-11,0.11893678547115852
1062,2016-12-12,0.22474278906938586
1063,2016-12-13,0.15044522403421448
1064,2016-12-14,0.20840987117098256
1065,2016-12-15,0.2334551323443397
1066,2016-12-16,0.018988991514856356
1067,2016-12-17,0.08483301054410979
1068,2016-12-18,-0.09509230814248062
1069,2016-12-19,-0.2360524795480028
1070,2016-12-20,-0.1957894018153105
1071,2016-12-21,-0.2965162502239668
1072,2016-12-22,-0.4612481611343973
1073,2016-12-23,-0.39426455637448926
1074,2016-12-24,-0.4727249942398925
1075,2016-12-25,-0.5509310842242504
1076,2016-12-26,-0.5584234256926841
1077,2016-12-27,-0.5956343869892236
1078,2016-12-28,-0.7044982582005953
1079,2016-12-29,-0.563581583114256
1080,2016-12-30,-0.41907118314959146
1081,2016-12-31,-0.4474115438032131
1082,2017-01-01,-0.36537251640037105
1083,2017-01-02,-0.33670130307252405
1084,2017-01-03,-0.3710292132300862
1085,2017-01-04,-0.2843866538711425
1086,2017-01-05,-0.20838727834755294
1087,2017-01-06,0.11253311744048326
1088,2017-01-07,0.027590747679616164
1089,2017-01-08,0.022153691906796225
1090,2017-01-09,0.12746864884646983
1091,2017-01-10,0.13643992341824732
1092,2017-01-11,0.10737886888501806
1093,2017-01-12,0.06480431298644578
1094,2017-01-13,-0.15923327634055193
1095,2017-01-14,-0.020818168054185238
1096,2017-01-15,-0.08756483492804991
1097,2017-01-16,-0.03787150033253229
1098,2017-01-17,-0.002659907257513436
1099,2017-01-18,-0.052427150581624164
1100,2017-01-19,-0.07968193196139767
1101,2017-01-20,-0.0644822450089649
1102,2017-01-21,-0.057420872591784584
1103,2017-01-22,-0.17898336228951262
1104,2017-01-23,-0.2670843339094079
1105,2017-01-24,-0.1849926449323518
1106,2017-01-25,-0.133290122068863
1107,2017-01-26,-0.051986462274918606
1108,2017-01-27,-0.14747112866460024
1109,2017-01-28,-0.13376208990265911
1110,2017-01-29,-0.10151316277095693
1111,2017-01-30,-0.1998797370302004
1112,2017-01-31,-0.07632839267653296
1113,2017-02-01,-0.1595277445551451
1114,2017-02-02,-0.22816756858120818
1115,2017-02-03,-0.14812666724411502
1116,2017-02-04,-0.16214238992664445
1117,2017-02-05,-0.03346673671436167
1118,2017-02-06,-0.11126901458214228
1119,2017-02-07,-0.22041657098177148
1120,2017-02-08,-0.36889158664261007
1121,2017-02-09,-0.40786602457888566
1122,2017-02-10,-0.4643093884132065
1123,2017-02-11,-0.3563098333127863
1124,2017-02-12,-0.27867547504244705
1125,2017-02-13,-0.33279044559648463
1126,2017-02-14,-0.35024850428313736
1127,2017-02-15,-0.3509836820154395
1128,2017-02-16,-0.18936956246371914
1129,2017-02-17,-0.22449675134722788
1130,2017-02-18,-0.2741660434996786
1131,2017-02-19,-0.3623839425970173
1132,2017-02-20,-0.3154344660006631
1133,2017-02-21,-0.4444336788946789
1134,2017-02-22,-0.31319444966026627
1135,2017-02-23,-0.16853112164636475
1136,2017-02-24,-0.13317413617709922
1137,2017-02-25,-0.16294873351304465
1138,2017-02-26,-0.21171489693731207
1139,2017-02-27,-0.4142508515301273
1140,2017-02-28,-0.2419816362081445
1141,2017-03-01,-0.21558469204189679
1142,2017-03-02,-0.2162083276690689
1143,2017-03-03,-0.13279680032712302
1144,2017-03-04,-0.13276843562297558
1145,2017-03-05,-0.07299516921434938
1146,2017-03-06,-0.0694484936777637
1147,2017-03-07,-0.09601881923435118
1148,2017-03-08,-0.048988170855070644
1149,2017-03-09,-0.15487092740785804
1150,2017-03-10,-0.09925010018670254
1151,2017-03-11,-0.187265537164068
1152,2017-03-12,-0.09116795679532666
1153,2017-03-13,-0.2577590547672347
1154,2017-03-14,0.06770614646728584
1155,2017-03-15,-0.13799224105864444
1156,2017-03-16,-0.20662907573778017
1157,2017-03-17,-0.14008565730993291
1158,2017-03-18,-0.11161423260867985
1159,2017-03-19,0.01613956566655107
1160,2017-03-20,-0.024505735108232448
1161,2017-03-21,-0.06388800059670796
1162,2017-03-22,-0.14719577909158557
1163,2017-03-23,-0.11734786406501603
1164,2017-03-24,-0.12580140587797076
1165,2017-03-25,-0.0851361202044436
1166,2017-03-26,-0.15608201477840514
1167,2017-03-27,-0.05571038693815647
1168,2017-03-28,-0.0747949652201546
1169,2017-03-29,-0.048847609278588465
1170,2017-03-30,-0.23177998825233434
1171,2017-03-31,-0.23144023695962238
1172,2017-04-01,-0.22929637763840324
1173,2017-04-02,-0.2736700033039314
1174,2017-04-03,-0.2509951868631515
1175,2017-04-04,-0.13909404766862435
1176,2017-04-05,-0.06536510471513098
1177,2017-04-06,-0.1441686279963932
1178,2017-04-07,-0.1428060696341778
1179,2017-04-08,-0.10162349322742192
1180,2017-04-09,-0.06972686703214981
1181,2017-04-10,-0.15029266459406773
1182,2017-04-11,-0.045772114792567896
1183,2017-04-12,0.10153458552685048
1184,2017-04-13,0.26066869120588
1185,2017-04-14,0.36422203631604877
1186,2017-04-15,0.2871029452750597
1187,2017-04-16,0.30050214456627966
1188,2017-04-17,0.19497365496734995
1189,2017-04-18,0.18377370820478914
1190,2017-04-19,0.1744804314197641
1191,2017-04-20,0.15914506508791973
1192,2017-04-21,0.08447374845721682
1193,2017-04-22,0.20574407516417553
1194,2017-04-23,0.08568977786570386
1195,2017-04-24,0.10229297818364319
1196,2017-04-25,0.06692685810734954
1197,2017-04-26,-0.06540775318342011
1198,2017-04-27,0.0876027046171834
1199,2017-04-28,-0.04972257152010344
1200,2017-04-29,0.0071286351216947545
1201,2017-04-30,-0.002286629484711616
1202,2017-05-01,0.09073869080075622
1203,2017-05-02,0.08375731166206027
1204,2017-05-03,0.07004661243367459
1205,2017-05-04,-0.0007372316800536666
1206,2017-05-05,0.18168341768459337
1207,2017-05-06,0.0316597456847998
1208,2017-05-07,0.10407135561501869
1209,2017-05-08,0.046131856573175395
1210,2017-05-09,0.10560624610891813
1211,2017-05-10,0.2069846054728455
1212,2017-05-11,0.13282967722364264
1213,2017-05-12,0.18421834857492367
1214,2017-05-13,0.18886639696845922
1215,2017-05-14,0.21963039475540497
1216,2017-05-15,0.2682626145077104
1217,2017-05-16,0.2803794816041621
1218,2017-05-17,0.26560610313351374
1219,2017-05-18,0.3026182648320732
1220,2017-05-19,0.35138460100531754
1221,2017-05-20,0.24206988014250472
1222,2017-05-21,0.49853246372741017
1223,2017-05-22,0.3395312186587669
1224,2017-05-23,0.40477224451964844
1225,2017-05-24,0.2393376370793261
1226,2017-05-25,0.23850887117515282
1227,2017-05-26,-0.27818734005495227
1228,2017-05-27,-0.13486756285005697
1229,2017-05-28,-0.09133741783491083
1230,2017-05-29,0.003251261291567903
1231,2017-05-30,0.03806632620216649
1232,2017-05-31,0.039737187686253665
1233,2017-06-01,0.04431114553553427
1234,2017-06-02,0.04204744397131486
1235,2017-06-03,0.028235158199849304
1236,2017-06-04,0.10415556197799641
1237,2017-06-05,0.1587782286697233
1238,2017-06-06,0.10468504945057407
1239,2017-06-07,0.21699107112678104
1240,2017-06-08,0.22342363830014517
1241,2017-06-09,0.18552233110615227
1242,2017-06-10,0.4499314807211414
1243,2017-06-11,0.26519562725307994
1244,2017-06-12,0.21428557462958361
1245,2017-06-13,0.14975512170684618
1246,2017-06-14,0.06597439976166984
1247,2017-06-15,-0.06915797688680243
1248,2017-06-16,-0.11772293571094496
1249,2017-06-17,-0.13027310863046643
1250,2017-06-18,-0.17426894867142545
1251,2017-06-19,-0.19693281962744838
1252,2017-06-20,-0.25151007316787144
1253,2017-06-21,0.0972927206516075
1254,2017-06-22,0.2493300753040352
1255,2017-06-23,0.11928129087009162
1256,2017-06-24,0.18245420154269085
1257,2017-06-25,-0.28737333032880985
1258,2017-06-26,-0.3216189513700274
1259,2017-06-27,-0.49478871819634374
1260,2017-06-28,-0.35468644479548705
1261,2017-06-29,-0.592344288309311
1262,2017-06-30,0.132921330800865
1263,2017-07-01,-0.07265137348659223
1264,2017-07-02,-0.06352455858611336
1265,2017-07-03,0.0454746309819378
1266,2017-07-04,0.15959213140654985
1267,2017-07-05,0.1275981237083027
1268,2017-07-06,0.1386118010186211
1269,2017-07-07,0.04886891827620073
1270,2017-07-08,-0.005668331269739742
1271,2017-07-09,-0.017327188911701943
1272,2017-07-10,0.0971403716014383
1273,2017-07-11,0.056334284518199974
1274,2017-07-12,0.0561626782926986
1275,2017-07-13,0.23362365689440964
1276,2017-07-14,0.17623387304577473
1277,2017-07-15,-0.2687001054422119
1278,2017-07-16,-0.2693659316521609
1279,2017-07-17,-0.2610939486631244
1280,2017-07-18,-0.4484200629883735
1281,2017-07-19,-0.8032274618068228
1282,2017-07-20,-0.7844446568155303
1283,2017-07-21,-0.6271307577762035
1284,2017-07-22,-0.578505827876486
1285,2017-07-23,-0.6008927163531541
1286,2017-07-24,-0.5730788567197381
1287,2017-07-25,-0.5351559445384476
1288,2017-07-26,-0.5041550703888475
1289,2017-07-27,-0.1458141540427155
1290,2017-07-28,-0.2881214354319932
1291,2017-07-29,-0.294066717123753
1292,2017-07-30,-0.27393005945542254
1293,2017-07-31,-0.30170816446751303
1294,2017-08-01,-0.33274366229304075
1295,2017-08-02,-0.4567182247281074
1296,2017-08-03,-0.35829989848672184
1297,2017-08-04,-0.3547181973006834
1298,2017-08-05,-0.3339928254204238
1299,2017-08-06,-0.40262492781056364
1300,2017-08-07,-0.3480899884796574
1301,2017-08-08,-0.39684491735328603
1302,2017-08-09,-0.4393856531164117
1303,2017-08-10,-0.41450119369995286
1304,2017-08-11,-0.4942997564095316
1305,2017-08-12,-0.4977435373593132
1306,2017-08-13,-0.4532468278852909
1307,2017-08-14,-0.32809025095199934
1308,2017-08-15,0.43175921215110685
1309,2017-08-16,0.22319980458195365
1310,2017-08-17,0.26088883807625607
1311,2017-08-18,0.2968949325328688
1312,2017-08-19,0.37126506103291645
1313,2017-08-20,0.38921385304918205
1314,2017-08-21,0.08018878277225783
1315,2017-08-22,0.2255635962745719
1316,2017-08-23,0.18963300297754646
1317,2017-08-24,0.13620955179252695
1318,2017-08-25,0.13985585519506402
1319,2017-08-26,0.13353429391817068
1320,2017-08-27,0.047201446827121615
1321,2017-08-28,0.016941780541888246
1322,2017-08-29,0.10914439807276516
1323,2017-08-30,-0.5042498169193798
1324,2017-08-31,-0.366505872018079
1325,2017-09-01,-0.5273179365363292
1326,2017-09-02,-0.3429077540718675
1327,2017-09-03,-0.5613535998274215
1328,2017-09-04,-0.49107447552819844
1329,2017-09-05,-0.5245459566985156
1330,2017-09-06,-0.5200835898991994
1331,2017-09-07,-0.5540052533997373
1332,2017-09-08,-0.447780051610442
1333,2017-09-09,-0.43041158112824474
1334,2017-09-10,-0.47489497216927345
1335,2017-09-11,-0.4184649461842917
1336,2017-09-12,-0.5518606783636704
1337,2017-09-13,-0.23393827478280646
1338,2017-09-14,-0.3729630523444003
1339,2017-09-15,-0.3144282325680891
1340,2017-09-16,-0.4205634345268339
1341,2017-09-17,-0.40426627512504215
1342,2017-09-18,-0.33261885881805764
1343,2017-09-19,-0.35514606264645376
1344,2017-09-20,-0.3674364848664159
1345,2017-09-21,-0.21403603300985172
1346,2017-09-22,-0.1672264701805157
1347,2017-09-23,-0.24122488571291706
1348,2017-09-24,-0.2614230369842094
1349,2017-09-25,-0.1917748519260626
1350,2017-09-26,-0.15992709181218343
1351,2017-09-27,-0.1076383418790114
1352,2017-09-28,0.16517260568881895
1353,2017-09-29,0.08653238943687469
1354,2017-09-30,0.23418795291379235
1355,2017-10-01,0.21481658771534107
1356,2017-10-02,0.2715065542841296
1357,2017-10-03,0.2831200421507203
1358,2017-10-04,0.07133680623076362
1359,2017-10-05,0.01712114846954801
1360,2017-10-06,-0.04142968482630541
1361,2017-10-07,0.07690251032889421
1362,2017-10-08,0.006880229656583887
1363,2017-10-09,-0.1288918130300246
1364,2017-10-10,-0.12010636158410681
1365,2017-10-11,-0.07786244702498399
1366,2017-10-12,-0.009546928494296364
1367,2017-10-13,-0.04882148397175643
1368,2017-10-14,-0.12211337902843099
1369,2017-10-15,-0.06767607534114566
1370,2017-10-16,-0.16651298432265765
1371,2017-10-17,-0.23420966589807532
1372,2017-10-18,-0.1896744362812072
1373,2017-10-19,-0.17670823051028928
1374,2017-10-20,-0.22383856829516469
1375,2017-10-21,-0.20941770210038932
1376,2017-10-22,-0.22033504825069686
1377,2017-10-23,-0.3011905527113961
1378,2017-10-24,-0.21917064355192606
1379,2017-10-25,-0.2104353508507424
1380,2017-10-26,-0.26110814304583907
1381,2017-10-27,-0.3474173364378778
1382,2017-10-28,-0.32274025538391954
1383,2017-10-29,-0.18040329022013893
1384,2017-10-30,-0.09007297377609652
1385,2017-10-31,-0.2625558455827773
1386,2017-11-01,-0.26039432966879933
1387,2017-11-02,-0.27601976182470744
1388,2017-11-03,-0.25872427173889484
1389,2017-11-04,-0.21176595469466175
1390,2017-11-05,-0.14228147103830946
1391,2017-11-06,-0.08463905572997345
1392,2017-11-07,-0.0656929373891484
1393,2017-11-08,-0.3059015914613246
1394,2017-11-09,-0.24952932543741974
1395,2017-11-10,-0.10043432544772592
1396,2017-11-11,0.07105029641878882
1397,2017-11-12,-0.19293534659693018
1398,2017-11-13,-0.2313287457080388
1399,2017-11-14,-0.10762804490071902
1400,2017-11-15,-0.339530668342808
1401,2017-11-16,-0.25534027683123983
1402,2017-11-17,-0.37434069047242563
1403,2017-11-18,-0.4708168161530852
1404,2017-11-19,-0.4566617565572828
1405,2017-11-20,-0.49802220080077664
1406,2017-11-21,-0.4882219258137734
1407,2017-11-22,-0.6537804056253236
1408,2017-11-23,-0.5706070993564195
1409,2017-11-24,-0.6561973859536311
1410,2017-11-25,-0.5358614209751481
1411,2017-11-26,-0.48773026658996416
1412,2017-11-27,-0.6209240289667127
1413,2017-11-28,-0.6516336163734969
1414,2017-11-29,-0.5394745709286273
1415,2017-11-30,-0.5666257762790022
1416,2017-12-01,-0.5347691508874555
1417,2017-12-02,-0.4740261271880132
1418,2017-12-03,-0.4134824454087513
1419,2017-12-04,-0.34693197347400584
1420,2017-12-05,-0.3637598508061274
1421,2017-12-06,-0.35491033224532714
1422,2017-12-07,-0.6895931065360263
1423,2017-12-08,-0.6258960763582735
1424,2017-12-09,-0.6358555744038883
1425,2017-12-10,-0.5784540767121584
1426,2017-12-11,-0.6753183827630291
1427,2017-12-12,-0.6181674519146019
1428,2017-12-13,-0.6682480393559511
1429,2017-12-14,-0.5697262455398407
1430,2017-12-15,-0.5154909113873484
1431,2017-12-16,-0.529461159647075
1432,2017-12-17,-0.508347206236667
1433,2017-12-18,-0.5731702724246855
1434,2017-12-19,-0.5913914221305567
1435,2017-12-20,-0.6741924936430844
1436,2017-12-21,-0.5821485907410782
1437,2017-12-22,-0.3034789619199391
1438,2017-12-23,-0.4229245272381492
1439,2017-12-24,-0.4430143200976874
1440,2017-12-25,-0.38224043023571247
1441,2017-12-26,-0.275034891680698
1442,2017-12-27,-0.3597964745925477
1443,2017-12-28,-0.2996406878763149
1444,2017-12-29,-0.2972510136036558
1445,2017-12-30,-0.24015910381317118
1446,2017-12-31,-0.46283030892105315
1447,2018-01-01,-0.5217129798908672
1448,2018-01-02,-0.5402968168008997
1449,2018-01-03,-0.7581090506362311
1450,2018-01-04,-0.7660567539930998
1451,2018-01-05,-0.7531136164449218
1452,2018-01-06,-0.6250807186258244
1453,2018-01-07,-0.646507257756431
1454,2018-01-08,-0.6634593799898597
1455,2018-01-09,-0.7239604911288765
1456,2018-01-10,-0.5488937541919781
1457,2018-01-11,-0.5445889897715211
1458,2018-01-12,-0.502081211936426
1459,2018-01-13,-0.44281860605208395
1460,2018-01-14,-0.43251169859842364
1461,2018-01-15,-0.26593765123696067
1462,2018-01-16,-0.2250886114845009
1463,2018-01-17,-0.22697432306003923
1464,2018-01-18,-0.2986317117813602
1465,2018-01-19,-0.7505684267400364
1466,2018-01-20,-0.819803530958526
1467,2018-01-21,-0.7104291878893604
1468,2018-01-22,-0.6503304968161483
1469,2018-01-23,-0.7622962767765226
1470,2018-01-24,-0.9656265927908538
1471,2018-01-25,-0.7960257922857539
1472,2018-01-26,-0.42304832079404525
1473,2018-01-27,-0.553690994853521
1474,2018-01-28,-0.06409231558001474
1475,2018-01-29,-0.30912421697857373
1476,2018-01-30,-0.31550362819440575
1477,2018-01-31,-0.2838422151021912
1478,2018-02-01,-0.13229343701703838
1479,2018-02-02,-0.16380834788133763
1480,2018-02-03,-0.2566721257022197
1481,2018-02-04,-0.3393210305748029
1482,2018-02-05,-0.3600492091169156
1483,2018-02-06,-0.3994468041496324
1484,2018-02-07,-0.4978634898955793
1485,2018-02-08,-0.4859329379822644
1486,2018-02-09,-0.40280132229478693
1487,2018-02-10,-0.2936067767004253
1488,2018-02-11,-0.4399135199163168
1489,2018-02-12,-0.3410832753434761
1490,2018-02-13,-0.3055643533378525
1491,2018-02-14,-0.32748460725603634
1492,2018-02-15,-0.27994137637199895
1493,2018-02-16,-0.34223138930937297
1494,2018-02-17,-0.31626400376897357
1495,2018-02-18,-0.2916659093967404
1496,2018-02-19,-0.2147143640717409
1497,2018-02-20,0.053470586446516505
1498,2018-02-21,-0.127092826276484
1499,2018-02-22,-0.15186152016984103
1500,2018-02-23,0.0091254649210849
1501,2018-02-24,-0.02911778073227598
1502,2018-02-25,-0.10366278463443637
1503,2018-02-26,-0.14402072194178397
1504,2018-02-27,-0.13024690555183982
1505,2018-02-28,-0.07068425847300817
1506,2018-03-01,-0.06607494009924633
1507,2018-03-02,-0.0731167812864665
1508,2018-03-03,-0.014191578324375224
1509,2018-03-04,-0.0725716671646374
1510,2018-03-05,-0.16938853557070765
1511,2018-03-06,-0.07824390733939245
1512,2018-03-07,-0.5453532478799474
1513,2018-03-08,-0.4756915227601494
1514,2018-03-09,-0.6157461019468994
1515,2018-03-10,-0.8750002391720124
1516,2018-03-11,-0.022890477128625013
1517,2018-03-12,-0.054823427630068464
1518,2018-03-13,-0.02183737105982658
1519,2018-03-14,-0.02455565050100087
1520,2018-03-15,-0.0916378249636991
1521,2018-03-16,-0.3125796711770712
1522,2018-03-17,-0.20643671141842052
1523,2018-03-18,-0.27501713285872736
1524,2018-03-19,-0.3282120982428438
1525,2018-03-20,-0.22169712586754217
1526,2018-03-21,-0.3081796835971328
1527,2018-03-22,-0.3113086311532292
1528,2018-03-23,-0.2605239475804663
1529,2018-03-24,-0.16666689692734257
1530,2018-03-25,-0.0617019143210717
1531,2018-03-26,0.0050914171364758965
1532,2018-03-27,-0.03941294282017178
1533,2018-03-28,-0.3215012290860016
1534,2018-03-29,-0.12129078049673797
1535,2018-03-30,-0.07248253381396753
1536,2018-03-31,-0.10082720144788344
1537,2018-04-01,-0.06789233183358277
1538,2018-04-02,-0.109103077516576
1539,2018-04-03,-0.14859365974972177
1540,2018-04-04,-0.08784335178009788
1541,2018-04-05,-0.19342853305529212
1542,2018-04-06,-0.10601348699860505
1543,2018-04-07,-0.23247632035256047
1544,2018-04-08,-0.2950044778775221
1545,2018-04-09,-0.29946596131764
1546,2018-04-10,-0.1287207160396363
1547,2018-04-11,-0.11356838376260829
1548,2018-04-12,0.07785808091838892
1549,2018-04-13,0.11916297005898142
1550,2018-04-14,0.20884068756045607
1551,2018-04-15,0.0949214569750467
1552,2018-04-16,-0.03016620218641156
1553,2018-04-17,-0.1944305273477155
1554,2018-04-18,-0.08630672249620182
1555,2018-04-19,0.017424047535375433
1556,2018-04-20,-0.02123277426894115
1557,2018-04-21,-0.016783238495165928
1558,2018-04-22,-0.1555009342117897
1559,2018-04-23,-0.13820585767037227
1560,2018-04-24,-0.15812711399332752
1561,2018-04-25,-0.12226292885741061
1562,2018-04-26,-0.1690209271247074
1563,2018-04-27,-0.16346977740966273
1564,2018-04-28,-0.09717368297261977
1565,2018-04-29,-0.10037889406076118
1566,2018-04-30,-0.24366514282407853
1567,2018-05-01,-0.1277479643391981
1568,2018-05-02,-0.2044409193352493
1569,2018-05-03,0.006577311059802447
1570,2018-05-04,-0.25316170991635056
1571,2018-05-05,-0.18438592727973924
1572,2018-05-06,-0.07190043809104545
1573,2018-05-07,-0.02065745090834777
1574,2018-05-08,-0.3112159975898346
1575,2018-05-09,-0.20992456137613183
1576,2018-05-10,-0.25110631878091416
1577,2018-05-11,-0.30474794019368856
1578,2018-05-12,-0.3420097154834398
1579,2018-05-13,-0.3120673926515009
1580,2018-05-14,-0.276869287839764
1581,2018-05-15,-0.29992207378002544
1582,2018-05-16,-0.4977181899321634
1583,2018-05-17,-0.36136253725280615
1584,2018-05-18,-0.14969229339142756
1585,2018-05-19,-0.35659435495122516
1586,2018-05-20,-0.24980960817692208
1587,2018-05-21,-0.3064247725844857
1588,2018-05-22,-0.3341276992630432
1589,2018-05-23,-0.3680999683983878
1590,2018-05-24,-0.11814625456463362
1591,2018-05-25,-0.18064156601525536
1592,2018-05-26,-0.1898875952017595
1593,2018-05-27,-0.34879137940089183
1594,2018-05-28,-0.3149091016516309
1595,2018-05-29,-0.3055592866122152
1596,2018-05-30,-0.37953490742339335
1597,2018-05-31,0.03771430418279861
1598,2018-06-01,-0.19742027844559779
1599,2018-06-02,-0.1367730929289552
1600,2018-06-03,0.04092762677577939
1601,2018-06-04,-0.3580067054416612
1602,2018-06-05,-0.267863702748588
1603,2018-06-06,-0.3555544003301074
1604,2018-06-07,-0.37025815498845494
1605,2018-06-08,-0.16739919413837095
1606,2018-06-09,-0.09493156496650682
1607,2018-06-10,0.01775782935826692
1608,2018-06-11,-0.037266552896139046
1609,2018-06-12,0.021846660454908375
1610,2018-06-13,0.2270276517415634
1611,2018-06-14,0.24898697055140162
1612,2018-06-15,0.2674320528104612
1613,2018-06-16,0.2022633892955104
1614,2018-06-17,0.1072736440678681
1615,2018-06-18,0.08988382975557449
1616,2018-06-19,0.05284710826817288
1617,2018-06-20,0.02360475327954598
1618,2018-06-21,0.127013797564685
1619,2018-06-22,0.40127318390448125
1620,2018-06-23,0.37371409250761073
1621,2018-06-24,0.24246309268408206
1622,2018-06-25,0.38185264949557185
1623,2018-06-26,-0.08108437597239616
1624,2018-06-27,0.013062369975341052
1625,2018-06-28,0.009065143824234425
1626,2018-06-29,0.01195246305617441
1627,2018-06-30,0.06751049884224226
1628,2018-07-01,0.05131149716334392
1629,2018-07-02,0.020309981101505916
1630,2018-07-03,-0.05426550419204509
1631,2018-07-04,0.021662548646095917
1632,2018-07-05,-0.11344240665130237
1633,2018-07-06,-0.1481935334021029
1634,2018-07-07,-0.12713383477618356
1635,2018-07-08,-0.19025110499033168
1636,2018-07-09,-0.270646913640457
1637,2018-07-10,-0.1598063513918551
1638,2018-07-11,0.13001821685187498
1639,2018-07-12,0.10749497554895164
1640,2018-07-13,0.15777440498377962
1641,2018-07-14,0.04863371653471482
1642,2018-07-15,0.1259479155465198
1643,2018-07-16,0.046488986279068355
1644,2018-07-17,-0.015230874198401639
1645,2018-07-18,0.024108499632016153
1646,2018-07-19,0.11406775500639016
1647,2018-07-20,0.05465330103428425
1648,2018-07-21,0.14886532173818465
1649,2018-07-22,0.3339711548174061
1650,2018-07-23,0.3749148820585164
1651,2018-07-24,0.29942403935408785
1652,2018-07-25,0.3383642122535825
1653,2018-07-26,0.35679726937383666
1654,2018-07-27,0.22034306242558943
1655,2018-07-28,0.2569940725410037
1656,2018-07-29,0.30778665392859694
1657,2018-07-30,0.3167217423225853
1658,2018-07-31,0.23045192389602973
1659,2018-08-01,0.1714158794747157
1660,2018-08-02,0.2785246753610492
1661,2018-08-03,0.3719539436081782
1662,2018-08-04,0.3404218107552985
1663,2018-08-05,0.28265322379708896
1664,2018-08-06,0.08454681070214295
1665,2018-08-07,-0.20246448591658847
1666,2018-08-08,-0.373891699515764
1667,2018-08-09,-0.24240301861652663
1668,2018-08-10,-0.20908986639179247
1669,2018-08-11,-0.21549275893457945
1670,2018-08-12,0.07503125900913805
1671,2018-08-13,-0.37004577602600575
1672,2018-08-14,-0.11278035042596538
1673,2018-08-15,-0.16711396064753425
1674,2018-08-16,-0.37779861119518265
1675,2018-08-17,-0.27808992766084545
1676,2018-08-18,-0.17490836000482463
1677,2018-08-19,-0.21592716704830284
1678,2018-08-20,-0.29961194691742715
1679,2018-08-21,-0.22645074622445727
1680,2018-08-22,-0.27848274667834844
1681,2018-08-23,-0.30329585926997144
1682,2018-08-24,-0.29964841591739655
1683,2018-08-25,-0.35196786223577886
1684,2018-08-26,-0.35004091360936657
1685,2018-08-27,-0.23742333603996282
1686,2018-08-28,-0.3724911943482403
1687,2018-08-29,-0.31341752605423356
1688,2018-08-30,-0.41423233695438466
1689,2018-08-31,-0.42471152949360913
1690,2018-09-01,-0.4837403426277761
1691,2018-09-02,-0.5112723859670291
1692,2018-09-03,-0.5308643773790074
1693,2018-09-04,-0.3327216318755476
1694,2018-09-05,-0.32216915430604365
1695,2018-09-06,-0.3216298025507174
1696,2018-09-07,-0.3289379070970072
1697,2018-09-08,-0.2403783115043244
1698,2018-09-09,-0.22839865047195054
1699,2018-09-10,-0.19932424453075756
1700,2018-09-11,0.03168382385245275
1701,2018-09-12,-0.08966068608346489
1702,2018-09-13,0.0002451632146646278
1703,2018-09-14,0.005463055167046852
1704,2018-09-15,0.025909773062061086
1705,2018-09-16,0.019221395713641076
1706,2018-09-17,0.054136116389292784
1707,2018-09-18,-0.27312955105575293
1708,2018-09-19,-0.15414960891138035
1709,2018-09-20,-0.20354817053355165
1710,2018-09-21,-0.2736410363697702
1711,2018-09-22,-0.2764126793841219
1712,2018-09-23,-0.2928291507556669
1713,2018-09-24,-0.19050786770028674
1714,2018-09-25,-0.29163807099667016
1715,2018-09-26,-0.31642365396594785
1716,2018-09-27,-0.3290760001424363
1717,2018-09-28,-0.4699956003522059
1718,2018-09-29,-0.29251678142436094
1719,2018-09-30,-0.3703291635768904
1720,2018-10-01,-0.3801088159984919
1721,2018-10-02,-0.1666954295548177
1722,2018-10-03,-0.4763567110525566
1723,2018-10-04,-0.38859548348544704
1724,2018-10-05,-0.3262189702380378
1725,2018-10-06,-0.27529115918428154
1726,2018-10-07,-0.252659910869112
1727,2018-10-08,-0.23293426684188628
1728,2018-10-09,-0.16607689515837007
1729,2018-10-10,-0.29955016510255633
1730,2018-10-11,-0.20725955713680627
1731,2018-10-12,-0.19200413355196183
1732,2018-10-13,-0.13761579857376557
1733,2018-10-14,-0.03678664113783683
1734,2018-10-15,-0.16571885752675375
1735,2018-10-16,-0.21364396576059544
1736,2018-10-17,-0.11962178076162508
1737,2018-10-18,0.2410337214816814
1738,2018-10-19,0.07931922363744379
1739,2018-10-20,0.07677979510140309
1740,2018-10-21,0.05318005329508689
1741,2018-10-22,0.1210677871246424
1742,2018-10-23,0.05917705474760254
1743,2018-10-24,0.3827708206843756
1744,2018-10-25,0.1627232048104422
1745,2018-10-26,0.21241421846372147
1746,2018-10-27,0.20335243654308066
1747,2018-10-28,0.1420553026543319
1748,2018-10-29,0.25012446344807937
1749,2018-10-30,0.20268606148640433
1750,2018-10-31,0.2851561067883101
1751,2018-11-01,0.16517674690734008
1752,2018-11-02,0.06706081511296297
1753,2018-11-03,-0.03545549418237656
1754,2018-11-04,-0.10639739888508881
1755,2018-11-05,-0.3496012152031985
1756,2018-11-06,-0.3045621503908035
1757,2018-11-07,-0.3033908901239842
1758,2018-11-08,-0.4574073852116542
1759,2018-11-09,-0.2512086273221634
1760,2018-11-10,-0.47998689898280517
1761,2018-11-11,-0.594453144181435
1762,2018-11-12,-0.573485326926083
1763,2018-11-13,-0.22509647264342897
1764,2018-11-14,-0.5017323378457623
1765,2018-11-15,-0.5179422401942991
1766,2018-11-16,-0.5915539675349466
1767,2018-11-17,-0.6339104295266719
1768,2018-11-18,-0.6174666295379002
1769,2018-11-19,-0.5189988055613889
1770,2018-11-20,-0.501930064146035
1771,2018-11-21,-0.6293391053940067
1772,2018-11-22,-0.6811651267036538
1773,2018-11-23,-0.7732558136498664
1774,2018-11-24,-0.6926767343089668
1775,2018-11-25,-0.5115225462639192
1776,2018-11-26,-0.8009744672650191
1777,2018-11-27,-0.5057861971472841
1778,2018-11-28,-0.581123844930324
1779,2018-11-29,-0.41314488711904324
1780,2018-11-30,-0.42138021642187595
1781,2018-12-01,-0.4619506127977157
1782,2018-12-02,-0.39550120973212727
1783,2018-12-03,-0.36564024412831114
1784,2018-12-04,-0.37255983351368865
1785,2018-12-05,-0.3433136647616383
1786,2018-12-06,-0.4220515115082293
1787,2018-12-07,-0.3263692493417351
1788,2018-12-08,-0.39916068123059
1789,2018-12-09,-0.34604155099577816
1790,2018-12-10,-0.4424364709885782
1791,2018-12-11,-0.5312030934796493
1792,2018-12-12,-0.6847214251804544
1793,2018-12-13,-0.6500277334298602
1794,2018-12-14,-0.8076953510524436
1795,2018-12-15,-0.683198409240968
1796,2018-12-16,-1.0404942451170036
1797,2018-12-17,-0.9103531874906663
1798,2018-12-18,-0.9298335766909288
1799,2018-12-19,-0.7248356732170824
1800,2018-12-20,-0.5266674574036894
1801,2018-12-21,-0.7288582797567197
1802,2018-12-22,-0.7167265764360367
1803,2018-12-23,-0.5473968022604964
1804,2018-12-24,-0.5795769546636139
1805,2018-12-25,-0.5472420386892998
1806,2018-12-26,-0.479998713961221
1807,2018-12-27,-0.5749522027171822
1808,2018-12-28,-0.5914138406613061
1809,2018-12-29,-0.5228453210541497
1810,2018-12-30,-0.40360106363400655
1811,2018-12-31,-0.39631315773762904
1812,2019-01-01,-0.4124656321629627
1813,2019-01-02,-0.567156786671411
1814,2019-01-03,-0.477531800026593
1815,2019-01-04,-0.6448515595917418
1816,2019-01-05,-0.5673170777527937
1817,2019-01-06,-0.6825353776006003
1818,2019-01-07,-0.030238023310354984
1819,2019-01-08,-0.18731363963852857
1820,2019-01-09,-0.04315654794604778
1821,2019-01-10,-0.002725425317029828
1822,2019-01-11,0.14966816589746038
1823,2019-01-12,0.004059023240906135
1824,2019-01-13,0.07133167593710289
1825,2019-01-14,-0.03368604137452382
1826,2019-01-15,0.0537592554983232
1827,2019-01-16,0.17996461015718632
1828,2019-01-17,0.19384713484304167
1829,2019-01-18,0.1418629404183551
1830,2019-01-19,-0.000351273608603021
1831,2019-01-20,0.020824386521022132
1832,2019-01-21,-0.07869945733109418
1833,2019-01-22,-0.23607184847260493
1834,2019-01-23,-0.2524407128871333
1835,2019-01-24,-0.43194799139321927
1836,2019-01-25,-0.38297377312542863
1837,2019-01-26,-0.05998101998620592
1838,2019-01-27,-0.25559306818322136
1839,2019-01-28,-0.23395442865073915
1840,2019-01-29,-0.3247479565307781
1841,2019-01-30,-0.39536210725365606
1842,2019-01-31,-0.45207262744643806
1843,2019-02-01,-0.5589826727777237
1844,2019-02-02,-0.5223975075038446
1845,2019-02-03,-0.5031379686975861
1846,2019-02-04,-0.5079707315926723
1847,2019-02-05,-0.4687444136529137
1848,2019-02-06,-0.46360127723997685
1849,2019-02-07,-0.4714453741050083
1850,2019-02-08,-0.42813970220806097
1851,2019-02-09,-0.46144033360759107
1852,2019-02-10,-0.5398046439733346
1853,2019-02-11,-0.5948210643990108
1854,2019-02-12,-0.5134565304629418
1855,2019-02-13,-0.4048438968037795
1856,2019-02-14,-0.2267425491924787
1857,2019-02-15,-0.36968125600084384
1858,2019-02-16,-0.2399522411167375
1859,2019-02-17,-0.2543381017442092
1860,2019-02-18,-0.12407562862066382
1861,2019-02-19,-0.4118004698899886
1862,2019-02-20,-0.3321116748584948
1863,2019-02-21,-0.49325218975239477
1864,2019-02-22,-0.5472510686007512
1865,2019-02-23,-0.4234494546102087
1866,2019-02-24,-0.4190371820126479
1867,2019-02-25,-0.36002778647898354
1868,2019-02-26,-0.38594966753534793
1869,2019-02-27,-0.22838314825529749
1870,2019-02-28,-0.32809747019742963
1871,2019-03-01,-0.2645942074848277
1872,2019-03-02,-0.21633029267047868
1873,2019-03-03,0.24749067405224737
1874,2019-03-04,0.1679845534146727
1875,2019-03-05,0.23046810597504788
1876,2019-03-06,0.08867606846474535
1877,2019-03-07,0.4068264136850721
1878,2019-03-08,0.31253121979306875
1879,2019-03-09,0.2715183310699012
1880,2019-03-10,0.39466169097428333
1881,2019-03-11,0.4228283765921181
1882,2019-03-12,0.1672298422922007
1883,2019-03-13,0.28557782503407353
1884,2019-03-14,0.29180751899590657
1885,2019-03-15,0.3206423123192818
1886,2019-03-16,0.23164877342019113
1887,2019-03-17,0.09452774055036571
1888,2019-03-18,-0.1929564912345855
1889,2019-03-19,-0.23699005380340038
1890,2019-03-20,-0.1020802979706517
1891,2019-03-21,-0.050777391389371415
1892,2019-03-22,-0.21192748217565768
1893,2019-03-23,-0.2715135332328403
1894,2019-03-24,-0.22227659606141065
1895,2019-03-25,-0.2913231261764055
1896,2019-03-26,-0.2948493355094795
1897,2019-03-27,-0.2471601788806682
1898,2019-03-28,-0.2715402058417041
1899,2019-03-29,-0.29510321250682126
1900,2019-03-30,-0.3863677635561372
1901,2019-03-31,-0.3995502648205435
1902,2019-04-01,-0.39017058087450807
1903,2019-04-02,-0.3703322968004818
1904,2019-04-03,-0.34499081185152863
1905,2019-04-04,-0.23366556516153206
1906,2019-04-05,-0.36239713834190435
1907,2019-04-06,-0.275702189642472
1908,2019-04-07,-0.3726596262935377
1909,2019-04-08,-0.3338854063045923
1910,2019-04-09,-0.37272078277155807
1911,2019-04-10,-0.3747007971111406
1912,2019-04-11,-0.18965692923053712
1913,2019-04-12,-0.018567058964036876
1914,2019-04-13,-0.18489584387160818
1915,2019-04-14,-0.14425232579698266
1916,2019-04-15,-0.04144646347493011
1917,2019-04-16,-0.023247166679506256
1918,2019-04-17,-0.030057794816592494
1919,2019-04-18,-0.07263961062561818
1920,2019-04-19,-0.10777602854803191
1921,2019-04-20,-0.22849491760647594
1922,2019-04-21,-0.2890492424780521
1923,2019-04-22,-0.12915693885058166
1924,2019-04-23,-0.15698130467897342
1925,2019-04-24,-0.17277071947457495
1926,2019-04-25,-0.16826085120526932
1927,2019-04-26,-0.25951155511732904
1928,2019-04-27,-0.34873042128879667
1929,2019-04-28,-0.24631579361093958
1930,2019-04-29,-0.010960741630093874
1931,2019-04-30,-0.2280812728709108
1932,2019-05-01,-0.17777469381470729
1933,2019-05-02,-0.20634693410370125
1934,2019-05-03,-0.33928884376742063
1935,2019-05-04,-0.21165626061386078
1936,2019-05-05,-0.21683422380841594
1937,2019-05-06,-0.16095911451451933
1938,2019-05-07,-0.2689676242417759
1939,2019-05-08,-0.1547100384316271
1940,2019-05-09,-0.3593987274835185
1941,2019-05-10,-0.21916558572542189
1942,2019-05-11,-0.17145198962786964
1943,2019-05-12,-0.28890426565228233
1944,2019-05-13,-0.18664301807554268
1945,2019-05-14,-0.41294117635139754
1946,2019-05-15,-0.3529215857681448
1947,2019-05-16,-0.2385302340216831
1948,2019-05-17,-0.07256699896339953
1949,2019-05-18,-0.21639692093574697
1950,2019-05-19,-0.17620818494897364
1951,2019-05-20,-0.19212623335674403
1952,2019-05-21,-0.33916249129390014
1953,2019-05-22,-0.404254735566097
1954,2019-05-23,-0.25616552258488556
1955,2019-05-24,-0.2829028648969038
1956,2019-05-25,-0.34176610561934057
1957,2019-05-26,-0.3767350067572466
1958,2019-05-27,-0.3455093120947218
1959,2019-05-28,-0.3454609100029874
1960,2019-05-29,-0.15852130086194705
1961,2019-05-30,-0.32015432218934586
1962,2019-05-31,-0.34536971269258376
1963,2019-06-01,-0.3450367900510711
1964,2019-06-02,-0.3095861269568646
1965,2019-06-03,-0.17957450219701881
1966,2019-06-04,0.06666092795992742
1967,2019-06-05,-0.12432693573471157
1968,2019-06-06,-0.2082688073929464
1969,2019-06-07,-0.13969906459395162
1970,2019-06-08,0.001454515580883162
1971,2019-06-09,-0.08640884834982736
1972,2019-06-10,-0.054348139649597844
1973,2019-06-11,-0.09743375300023628
1974,2019-06-12,-0.11292191300555775
1975,2019-06-13,-0.07636492924202083
1976,2019-06-14,0.016306953634478174
1977,2019-06-15,-0.04256140068546991
1978,2019-06-16,-0.02621393669148098
1979,2019-06-17,-0.22152918745073175
1980,2019-06-18,-0.09762506159750264
1981,2019-06-19,0.15520251243997565
1982,2019-06-20,0.1582427041738191
1983,2019-06-21,0.1443376955614116
1984,2019-06-22,-0.07396171142447172
1985,2019-06-23,-0.007509374497701509
1986,2019-06-24,-0.15684602673928366
1987,2019-06-25,-0.18814976045116263
1988,2019-06-26,-0.17676879255196795
1989,2019-06-27,-0.2830753975079865
1990,2019-06-28,-0.25858311499642206
1991,2019-06-29,-0.2503833656146658
1992,2019-06-30,-0.2115768788545483
1993,2019-07-01,-0.2908850016987688
1994,2019-07-02,-0.2479296497392623
1995,2019-07-03,-0.17054748253757018
1996,2019-07-04,-0.17456197013895777
1997,2019-07-05,-0.24386913942868263
1998,2019-07-06,-0.29084483028737923
1999,2019-07-07,-0.10236514502669558
2000,2019-07-08,-0.35155529826229187
2001,2019-07-09,-0.3806222389629175
2002,2019-07-10,-0.23330954681848576
2003,2019-07-11,-0.2892247919395936
2004,2019-07-12,-0.33035316899155415
2005,2019-07-13,-0.3665181773187738
2006,2019-07-14,-0.41958094035020777
2007,2019-07-15,-0.32492968491745394
2008,2019-07-16,-0.26915498319191106
2009,2019-07-17,-0.2751094316728128
2010,2019-07-18,-0.07406670559939148
2011,2019-07-19,-0.21843467741829486
2012,2019-07-20,0.32120820579939957
2013,2019-07-21,0.1708220742438925
2014,2019-07-22,0.4398642993866342
2015,2019-07-23,0.37297218208694605
2016,2019-07-24,0.4083179791261359
2017,2019-07-25,0.4817543374270008
2018,2019-07-26,0.42634320205490844
2019,2019-07-27,0.2965251893780255
2020,2019-07-28,0.3074608773189134
2021,2019-07-29,0.4840778431604938
2022,2019-07-30,0.42910445056431606
2023,2019-07-31,0.4364004865211097
2024,2019-08-01,0.3292657548690345
2025,2019-08-02,0.34131249936778396
2026,2019-08-03,0.3724344658937003
2027,2019-08-04,0.131477303636941
2028,2019-08-05,0.0813816772292772
2029,2019-08-06,0.13762056810147624
2030,2019-08-07,-0.005389344715860843
2031,2019-08-08,0.010373742166003022
2032,2019-08-09,-0.14078180151346273
2033,2019-08-10,-0.07814341004003883
2034,2019-08-11,-0.021033056870751785
2035,2019-08-12,-0.26147967774745845
2036,2019-08-13,-0.19075642205815171
2037,2019-08-14,-0.5572808480903485
2038,2019-08-15,-0.4115682494885314
2039,2019-08-16,-0.4479781957960856
2040,2019-08-17,-0.49054604534452423
2041,2019-08-18,-0.5356483910437223
2042,2019-08-19,-0.520064557016248
2043,2019-08-20,-0.5354193636878362
2044,2019-08-21,-0.5441935363154236
2045,2019-08-22,-0.4006946368985283
2046,2019-08-23,0.03523672847658668
2047,2019-08-24,-0.001517472045665953
2048,2019-08-25,-0.15753536104704235
2049,2019-08-26,-0.38165078199792263
2050,2019-08-27,-0.3774095061090032
2051,2019-08-28,-0.2677838744870767
2052,2019-08-29,0.09156008613313318
2053,2019-08-30,-0.29139459998189043
2054,2019-08-31,-0.2662393787526375
2055,2019-09-01,-0.11596818583204489
2056,2019-09-02,-0.03960380101883301
2057,2019-09-03,-0.08304872868802224
2058,2019-09-04,0.02292141981222445
2059,2019-09-05,-0.1143847622000378
2060,2019-09-06,-0.11373300323021132
2061,2019-09-07,0.12702175304036548
2062,2019-09-08,0.047401414949004995
2063,2019-09-09,0.373567166327145
2064,2019-09-10,0.18825409446488858
2065,2019-09-11,0.14898475430268865
2066,2019-09-12,0.18341836462441002
2067,2019-09-13,0.22911544067753725
2068,2019-09-14,0.3078820840505778
2069,2019-09-15,0.15587913359587113
2070,2019-09-16,0.015871348038101387
2071,2019-09-17,0.2132283318060441
2072,2019-09-18,0.28804396919679676
2073,2019-09-19,0.29701687038622876
2074,2019-09-20,0.11031975503209979
2075,2019-09-21,0.005581625222279238
2076,2019-09-22,-0.01163764009380854
2077,2019-09-23,-0.07341903170642153
2078,2019-09-24,-0.15546792200711362
2079,2019-09-25,-0.19495641031353061
2080,2019-09-26,-0.20222855215249583
2081,2019-09-27,-0.31948321769955845
2082,2019-09-28,-0.22394142756994875
2083,2019-09-29,-0.3117428911872989
2084,2019-09-30,-0.18652337652203083
2085,2019-10-01,-0.26834743529534777
2086,2019-10-02,-0.35474876260334454
2087,2019-10-03,-0.43099748219158857
2088,2019-10-04,-0.5255349271893642
2089,2019-10-05,-0.7110144347624734
2090,2019-10-06,-0.705624428088001
2091,2019-10-07,-0.6210164590873042
2092,2019-10-08,-0.6437796091525796
2093,2019-10-09,-0.7318223457580973
2094,2019-10-10,-0.693564689758716
2095,2019-10-11,-0.6017355717691709
2096,2019-10-12,-0.6923849381212925
2097,2019-10-13,-0.7049357440082493
2098,2019-10-14,-0.6027493637393317
2099,2019-10-15,-0.7748031940892993
2100,2019-10-16,-0.7530514577088845
2101,2019-10-17,-0.7337951199060585
2102,2019-10-18,-0.5918865762070818
2103,2019-10-19,-0.5112822796459859
2104,2019-10-20,-0.28563057972648925
2105,2019-10-21,-0.5119720471913726
2106,2019-10-22,-0.516574175185539
2107,2019-10-23,-0.4187071177331178
2108,2019-10-24,-0.40732457047247494
2109,2019-10-25,0.05409039296723383
2110,2019-10-26,-0.13091623793591284
2111,2019-10-27,-0.02829019884525972
2112,2019-10-28,0.09033484201854089
2113,2019-10-29,0.2648046497678288
2114,2019-10-30,0.3749346494127766
2115,2019-10-31,0.2408972334636893
2116,2019-11-01,0.20837583179231672
2117,2019-11-02,0.10792018043099925
2118,2019-11-03,0.04936914003591598
2119,2019-11-04,0.23033188075661376
2120,2019-11-05,0.15985053246212166
2121,2019-11-06,0.3309581155674308
2122,2019-11-07,0.10791178408803728
2123,2019-11-08,0.14694530032861333
2124,2019-11-09,-0.080471393588735
2125,2019-11-10,-0.14852556307555306
2126,2019-11-11,-0.18355923918007683
2127,2019-11-12,-0.1766046958546873
2128,2019-11-13,-0.1785680834451794
2129,2019-11-14,-0.24719977611720395
2130,2019-11-15,-0.22722697224584967
2131,2019-11-16,-0.1650668540467348
2132,2019-11-17,0.21249141864129517
2133,2019-11-18,-0.12248151084563011
2134,2019-11-19,-0.2433126890371113
2135,2019-11-20,-0.22017030820054836
2136,2019-11-21,-0.05738643135421444
2137,2019-11-22,-0.04179485918252657
2138,2019-11-23,0.02220297214188013
2139,2019-11-24,0.05582300410637424
2140,2019-11-25,0.020757235148180803
2141,2019-11-26,0.10054473606788498
2142,2019-11-27,0.1202767375225972
2143,2019-11-28,0.1562621883390072
2144,2019-11-29,0.022483573109962553
2145,2019-11-30,0.15971023000133897
2146,2019-12-01,0.17071889322800124
2147,2019-12-02,0.09969114080025479
2148,2019-12-03,0.08561872490701769
2149,2019-12-04,0.1470388478785803
2150,2019-12-05,0.041181211233502296
2151,2019-12-06,-0.020617263900518566
2152,2019-12-07,0.11570132202441727
2153,2019-12-08,0.21109397505865782
2154,2019-12-09,0.3581179072290801
2155,2019-12-10,0.5292544279966557
2156,2019-12-11,0.3658114079897784
2157,2019-12-12,0.3494129658055238
2158,2019-12-13,0.4375130031189389
2159,2019-12-14,0.1788736099710429
2160,2019-12-15,-0.030161703194529148
2161,2019-12-16,0.038025120175519025
2162,2019-12-17,-0.011666219325584308
2163,2019-12-18,-0.003910503862882371
2164,2019-12-19,0.1232230079353888
2165,2019-12-20,0.060835354559978905
2166,2019-12-21,0.04597482812738166
2167,2019-12-22,-0.013683882805183274
2168,2019-12-23,-0.15342355402603783
2169,2019-12-24,-0.07224985452436196
2170,2019-12-25,0.21586502728748852
2171,2019-12-26,-0.15004386810117687
2172,2019-12-27,-0.09693835173841857
2173,2019-12-28,0.010173506251683305
2174,2019-12-29,-0.07539617629893686
2175,2019-12-30,-0.000915451160503289
2176,2019-12-31,-0.06665263989490082
2177,2020-01-01,-0.12044183361601832
